hex_id,section,printed_first,printed_second,q,r,terrain,flags,src
A0101,A,1,1,-30,62,unclassified,,land:4.1
A0102,A,1,2,-29,62,unclassified,,land:4.1
A0103,A,1,3,-28,62,unclassified,,land:4.1
A0104,A,1,4,-27,62,unclassified,,land:4.1
A0105,A,1,5,-26,62,unclassified,,land:4.1
A0106,A,1,6,-25,62,unclassified,,land:4.1
A0107,A,1,7,-24,62,unclassified,,land:4.1
A0108,A,1,8,-23,62,unclassified,,land:4.1
A0109,A,1,9,-22,62,unclassified,,land:4.1
A0110,A,1,10,-21,62,unclassified,,land:4.1
A0111,A,1,11,-20,62,unclassified,,land:4.1
A0112,A,1,12,-19,62,unclassified,,land:4.1
A0113,A,1,13,-18,62,unclassified,,land:4.1
A0114,A,1,14,-17,62,unclassified,,land:4.1
A0115,A,1,15,-16,62,unclassified,,land:4.1
A0116,A,1,16,-15,62,unclassified,,land:4.1
A0117,A,1,17,-14,62,unclassified,,land:4.1
A0118,A,1,18,-13,62,unclassified,,land:4.1
A0119,A,1,19,-12,62,unclassified,,land:4.1
A0120,A,1,20,-11,62,unclassified,,land:4.1
A0121,A,1,21,-10,62,unclassified,,land:4.1
A0122,A,1,22,-9,62,unclassified,,land:4.1
A0123,A,1,23,-8,62,unclassified,,land:4.1
A0124,A,1,24,-7,62,unclassified,,land:4.1
A0125,A,1,25,-6,62,unclassified,,land:4.1
A0126,A,1,26,-5,62,unclassified,,land:4.1
A0127,A,1,27,-4,62,unclassified,,land:4.1
A0128,A,1,28,-3,62,unclassified,,land:4.1
A0129,A,1,29,-2,62,unclassified,,land:4.1
A0130,A,1,30,-1,62,unclassified,,land:4.1
A0131,A,1,31,0,62,unclassified,,land:4.1
A0132,A,1,32,1,62,unclassified,,land:4.1
A0133,A,1,33,2,62,unclassified,,land:4.1
A0200,A,2,0,-30,61,unclassified,,land:4.1
A0201,A,2,1,-29,61,unclassified,,land:4.1
A0202,A,2,2,-28,61,unclassified,,land:4.1
A0203,A,2,3,-27,61,unclassified,,land:4.1
A0204,A,2,4,-26,61,unclassified,,land:4.1
A0205,A,2,5,-25,61,unclassified,,land:4.1
A0206,A,2,6,-24,61,unclassified,,land:4.1
A0207,A,2,7,-23,61,unclassified,,land:4.1
A0208,A,2,8,-22,61,unclassified,,land:4.1
A0209,A,2,9,-21,61,unclassified,,land:4.1
A0210,A,2,10,-20,61,unclassified,,land:4.1
A0211,A,2,11,-19,61,unclassified,,land:4.1
A0212,A,2,12,-18,61,unclassified,,land:4.1
A0213,A,2,13,-17,61,unclassified,,land:4.1
A0214,A,2,14,-16,61,unclassified,,land:4.1
A0215,A,2,15,-15,61,unclassified,,land:4.1
A0216,A,2,16,-14,61,unclassified,,land:4.1
A0217,A,2,17,-13,61,unclassified,,land:4.1
A0218,A,2,18,-12,61,unclassified,,land:4.1
A0219,A,2,19,-11,61,unclassified,,land:4.1
A0220,A,2,20,-10,61,unclassified,,land:4.1
A0221,A,2,21,-9,61,unclassified,,land:4.1
A0222,A,2,22,-8,61,unclassified,,land:4.1
A0223,A,2,23,-7,61,unclassified,,land:4.1
A0224,A,2,24,-6,61,unclassified,,land:4.1
A0225,A,2,25,-5,61,unclassified,,land:4.1
A0226,A,2,26,-4,61,unclassified,,land:4.1
A0227,A,2,27,-3,61,unclassified,,land:4.1
A0228,A,2,28,-2,61,unclassified,,land:4.1
A0229,A,2,29,-1,61,unclassified,,land:4.1
A0230,A,2,30,0,61,unclassified,,land:4.1
A0231,A,2,31,1,61,unclassified,,land:4.1
A0232,A,2,32,2,61,unclassified,,land:4.1
A0233,A,2,33,3,61,unclassified,,land:4.1
A0301,A,3,1,-29,60,unclassified,,land:4.1
A0302,A,3,2,-28,60,unclassified,,land:4.1
A0303,A,3,3,-27,60,unclassified,,land:4.1
A0304,A,3,4,-26,60,unclassified,,land:4.1
A0305,A,3,5,-25,60,unclassified,,land:4.1
A0306,A,3,6,-24,60,unclassified,,land:4.1
A0307,A,3,7,-23,60,unclassified,,land:4.1
A0308,A,3,8,-22,60,unclassified,,land:4.1
A0309,A,3,9,-21,60,unclassified,,land:4.1
A0310,A,3,10,-20,60,unclassified,,land:4.1
A0311,A,3,11,-19,60,unclassified,,land:4.1
A0312,A,3,12,-18,60,unclassified,,land:4.1
A0313,A,3,13,-17,60,unclassified,,land:4.1
A0314,A,3,14,-16,60,unclassified,,land:4.1
A0315,A,3,15,-15,60,unclassified,,land:4.1
A0316,A,3,16,-14,60,unclassified,,land:4.1
A0317,A,3,17,-13,60,unclassified,,land:4.1
A0318,A,3,18,-12,60,unclassified,,land:4.1
A0319,A,3,19,-11,60,unclassified,,land:4.1
A0320,A,3,20,-10,60,unclassified,,land:4.1
A0321,A,3,21,-9,60,unclassified,,land:4.1
A0322,A,3,22,-8,60,unclassified,,land:4.1
A0323,A,3,23,-7,60,unclassified,,land:4.1
A0324,A,3,24,-6,60,unclassified,,land:4.1
A0325,A,3,25,-5,60,unclassified,,land:4.1
A0326,A,3,26,-4,60,unclassified,,land:4.1
A0327,A,3,27,-3,60,unclassified,,land:4.1
A0328,A,3,28,-2,60,unclassified,,land:4.1
A0329,A,3,29,-1,60,unclassified,,land:4.1
A0330,A,3,30,0,60,unclassified,,land:4.1
A0331,A,3,31,1,60,unclassified,,land:4.1
A0332,A,3,32,2,60,unclassified,,land:4.1
A0333,A,3,33,3,60,unclassified,,land:4.1
A0400,A,4,0,-29,59,unclassified,,land:4.1
A0401,A,4,1,-28,59,unclassified,,land:4.1
A0402,A,4,2,-27,59,unclassified,,land:4.1
A0403,A,4,3,-26,59,unclassified,,land:4.1
A0404,A,4,4,-25,59,unclassified,,land:4.1
A0405,A,4,5,-24,59,unclassified,,land:4.1
A0406,A,4,6,-23,59,unclassified,,land:4.1
A0407,A,4,7,-22,59,unclassified,,land:4.1
A0408,A,4,8,-21,59,unclassified,,land:4.1
A0409,A,4,9,-20,59,unclassified,,land:4.1
A0410,A,4,10,-19,59,unclassified,,land:4.1
A0411,A,4,11,-18,59,unclassified,,land:4.1
A0412,A,4,12,-17,59,unclassified,,land:4.1
A0413,A,4,13,-16,59,unclassified,,land:4.1
A0414,A,4,14,-15,59,unclassified,,land:4.1
A0415,A,4,15,-14,59,unclassified,,land:4.1
A0416,A,4,16,-13,59,unclassified,,land:4.1
A0417,A,4,17,-12,59,unclassified,,land:4.1
A0418,A,4,18,-11,59,unclassified,,land:4.1
A0419,A,4,19,-10,59,unclassified,,land:4.1
A0420,A,4,20,-9,59,unclassified,,land:4.1
A0421,A,4,21,-8,59,unclassified,,land:4.1
A0422,A,4,22,-7,59,unclassified,,land:4.1
A0423,A,4,23,-6,59,unclassified,,land:4.1
A0424,A,4,24,-5,59,unclassified,,land:4.1
A0425,A,4,25,-4,59,unclassified,,land:4.1
A0426,A,4,26,-3,59,unclassified,,land:4.1
A0427,A,4,27,-2,59,unclassified,,land:4.1
A0428,A,4,28,-1,59,unclassified,,land:4.1
A0429,A,4,29,0,59,unclassified,,land:4.1
A0430,A,4,30,1,59,unclassified,,land:4.1
A0431,A,4,31,2,59,unclassified,,land:4.1
A0432,A,4,32,3,59,unclassified,,land:4.1
A0433,A,4,33,4,59,unclassified,,land:4.1
A0501,A,5,1,-28,58,unclassified,,land:4.1
A0502,A,5,2,-27,58,unclassified,,land:4.1
A0503,A,5,3,-26,58,unclassified,,land:4.1
A0504,A,5,4,-25,58,unclassified,,land:4.1
A0505,A,5,5,-24,58,unclassified,,land:4.1
A0506,A,5,6,-23,58,unclassified,,land:4.1
A0507,A,5,7,-22,58,unclassified,,land:4.1
A0508,A,5,8,-21,58,unclassified,,land:4.1
A0509,A,5,9,-20,58,unclassified,,land:4.1
A0510,A,5,10,-19,58,unclassified,,land:4.1
A0511,A,5,11,-18,58,unclassified,,land:4.1
A0512,A,5,12,-17,58,unclassified,,land:4.1
A0513,A,5,13,-16,58,unclassified,,land:4.1
A0514,A,5,14,-15,58,unclassified,,land:4.1
A0515,A,5,15,-14,58,unclassified,,land:4.1
A0516,A,5,16,-13,58,unclassified,,land:4.1
A0517,A,5,17,-12,58,unclassified,,land:4.1
A0518,A,5,18,-11,58,unclassified,,land:4.1
A0519,A,5,19,-10,58,unclassified,,land:4.1
A0520,A,5,20,-9,58,unclassified,,land:4.1
A0521,A,5,21,-8,58,unclassified,,land:4.1
A0522,A,5,22,-7,58,unclassified,,land:4.1
A0523,A,5,23,-6,58,unclassified,,land:4.1
A0524,A,5,24,-5,58,unclassified,,land:4.1
A0525,A,5,25,-4,58,unclassified,,land:4.1
A0526,A,5,26,-3,58,unclassified,,land:4.1
A0527,A,5,27,-2,58,unclassified,,land:4.1
A0528,A,5,28,-1,58,unclassified,,land:4.1
A0529,A,5,29,0,58,unclassified,,land:4.1
A0530,A,5,30,1,58,unclassified,,land:4.1
A0531,A,5,31,2,58,unclassified,,land:4.1
A0532,A,5,32,3,58,unclassified,,land:4.1
A0533,A,5,33,4,58,unclassified,,land:4.1
A0600,A,6,0,-28,57,unclassified,,land:4.1
A0601,A,6,1,-27,57,unclassified,,land:4.1
A0602,A,6,2,-26,57,unclassified,,land:4.1
A0603,A,6,3,-25,57,unclassified,,land:4.1
A0604,A,6,4,-24,57,unclassified,,land:4.1
A0605,A,6,5,-23,57,unclassified,,land:4.1
A0606,A,6,6,-22,57,unclassified,,land:4.1
A0607,A,6,7,-21,57,unclassified,,land:4.1
A0608,A,6,8,-20,57,unclassified,,land:4.1
A0609,A,6,9,-19,57,unclassified,,land:4.1
A0610,A,6,10,-18,57,unclassified,,land:4.1
A0611,A,6,11,-17,57,unclassified,,land:4.1
A0612,A,6,12,-16,57,unclassified,,land:4.1
A0613,A,6,13,-15,57,unclassified,,land:4.1
A0614,A,6,14,-14,57,unclassified,,land:4.1
A0615,A,6,15,-13,57,unclassified,,land:4.1
A0616,A,6,16,-12,57,unclassified,,land:4.1
A0617,A,6,17,-11,57,unclassified,,land:4.1
A0618,A,6,18,-10,57,unclassified,,land:4.1
A0619,A,6,19,-9,57,unclassified,,land:4.1
A0620,A,6,20,-8,57,unclassified,,land:4.1
A0621,A,6,21,-7,57,unclassified,,land:4.1
A0622,A,6,22,-6,57,unclassified,,land:4.1
A0623,A,6,23,-5,57,unclassified,,land:4.1
A0624,A,6,24,-4,57,unclassified,,land:4.1
A0625,A,6,25,-3,57,unclassified,,land:4.1
A0626,A,6,26,-2,57,unclassified,,land:4.1
A0627,A,6,27,-1,57,unclassified,,land:4.1
A0628,A,6,28,0,57,unclassified,,land:4.1
A0629,A,6,29,1,57,unclassified,,land:4.1
A0630,A,6,30,2,57,unclassified,,land:4.1
A0631,A,6,31,3,57,unclassified,,land:4.1
A0632,A,6,32,4,57,unclassified,,land:4.1
A0633,A,6,33,5,57,unclassified,,land:4.1
A0701,A,7,1,-27,56,unclassified,,land:4.1
A0702,A,7,2,-26,56,unclassified,,land:4.1
A0703,A,7,3,-25,56,unclassified,,land:4.1
A0704,A,7,4,-24,56,unclassified,,land:4.1
A0705,A,7,5,-23,56,unclassified,,land:4.1
A0706,A,7,6,-22,56,unclassified,,land:4.1
A0707,A,7,7,-21,56,unclassified,,land:4.1
A0708,A,7,8,-20,56,unclassified,,land:4.1
A0709,A,7,9,-19,56,unclassified,,land:4.1
A0710,A,7,10,-18,56,unclassified,,land:4.1
A0711,A,7,11,-17,56,unclassified,,land:4.1
A0712,A,7,12,-16,56,unclassified,,land:4.1
A0713,A,7,13,-15,56,unclassified,,land:4.1
A0714,A,7,14,-14,56,unclassified,,land:4.1
A0715,A,7,15,-13,56,unclassified,,land:4.1
A0716,A,7,16,-12,56,unclassified,,land:4.1
A0717,A,7,17,-11,56,unclassified,,land:4.1
A0718,A,7,18,-10,56,unclassified,,land:4.1
A0719,A,7,19,-9,56,unclassified,,land:4.1
A0720,A,7,20,-8,56,unclassified,,land:4.1
A0721,A,7,21,-7,56,unclassified,,land:4.1
A0722,A,7,22,-6,56,unclassified,,land:4.1
A0723,A,7,23,-5,56,unclassified,,land:4.1
A0724,A,7,24,-4,56,unclassified,,land:4.1
A0725,A,7,25,-3,56,unclassified,,land:4.1
A0726,A,7,26,-2,56,unclassified,,land:4.1
A0727,A,7,27,-1,56,unclassified,,land:4.1
A0728,A,7,28,0,56,unclassified,,land:4.1
A0729,A,7,29,1,56,unclassified,,land:4.1
A0730,A,7,30,2,56,unclassified,,land:4.1
A0731,A,7,31,3,56,unclassified,,land:4.1
A0732,A,7,32,4,56,unclassified,,land:4.1
A0733,A,7,33,5,56,unclassified,,land:4.1
A0800,A,8,0,-27,55,unclassified,,land:4.1
A0801,A,8,1,-26,55,unclassified,,land:4.1
A0802,A,8,2,-25,55,unclassified,,land:4.1
A0803,A,8,3,-24,55,unclassified,,land:4.1
A0804,A,8,4,-23,55,unclassified,,land:4.1
A0805,A,8,5,-22,55,unclassified,,land:4.1
A0806,A,8,6,-21,55,unclassified,,land:4.1
A0807,A,8,7,-20,55,unclassified,,land:4.1
A0808,A,8,8,-19,55,unclassified,,land:4.1
A0809,A,8,9,-18,55,unclassified,,land:4.1
A0810,A,8,10,-17,55,unclassified,,land:4.1
A0811,A,8,11,-16,55,unclassified,,land:4.1
A0812,A,8,12,-15,55,unclassified,,land:4.1
A0813,A,8,13,-14,55,unclassified,,land:4.1
A0814,A,8,14,-13,55,unclassified,,land:4.1
A0815,A,8,15,-12,55,unclassified,,land:4.1
A0816,A,8,16,-11,55,unclassified,,land:4.1
A0817,A,8,17,-10,55,unclassified,,land:4.1
A0818,A,8,18,-9,55,unclassified,,land:4.1
A0819,A,8,19,-8,55,unclassified,,land:4.1
A0820,A,8,20,-7,55,unclassified,,land:4.1
A0821,A,8,21,-6,55,unclassified,,land:4.1
A0822,A,8,22,-5,55,unclassified,,land:4.1
A0823,A,8,23,-4,55,unclassified,,land:4.1
A0824,A,8,24,-3,55,unclassified,,land:4.1
A0825,A,8,25,-2,55,unclassified,,land:4.1
A0826,A,8,26,-1,55,unclassified,,land:4.1
A0827,A,8,27,0,55,unclassified,,land:4.1
A0828,A,8,28,1,55,unclassified,,land:4.1
A0829,A,8,29,2,55,unclassified,,land:4.1
A0830,A,8,30,3,55,unclassified,,land:4.1
A0831,A,8,31,4,55,unclassified,,land:4.1
A0832,A,8,32,5,55,unclassified,,land:4.1
A0833,A,8,33,6,55,unclassified,,land:4.1
A0901,A,9,1,-26,54,unclassified,,land:4.1
A0902,A,9,2,-25,54,unclassified,,land:4.1
A0903,A,9,3,-24,54,unclassified,,land:4.1
A0904,A,9,4,-23,54,unclassified,,land:4.1
A0905,A,9,5,-22,54,unclassified,,land:4.1
A0906,A,9,6,-21,54,unclassified,,land:4.1
A0907,A,9,7,-20,54,unclassified,,land:4.1
A0908,A,9,8,-19,54,unclassified,,land:4.1
A0909,A,9,9,-18,54,unclassified,,land:4.1
A0910,A,9,10,-17,54,unclassified,,land:4.1
A0911,A,9,11,-16,54,unclassified,,land:4.1
A0912,A,9,12,-15,54,unclassified,,land:4.1
A0913,A,9,13,-14,54,unclassified,,land:4.1
A0914,A,9,14,-13,54,unclassified,,land:4.1
A0915,A,9,15,-12,54,unclassified,,land:4.1
A0916,A,9,16,-11,54,unclassified,,land:4.1
A0917,A,9,17,-10,54,unclassified,,land:4.1
A0918,A,9,18,-9,54,unclassified,,land:4.1
A0919,A,9,19,-8,54,unclassified,,land:4.1
A0920,A,9,20,-7,54,unclassified,,land:4.1
A0921,A,9,21,-6,54,unclassified,,land:4.1
A0922,A,9,22,-5,54,unclassified,,land:4.1
A0923,A,9,23,-4,54,unclassified,,land:4.1
A0924,A,9,24,-3,54,unclassified,,land:4.1
A0925,A,9,25,-2,54,unclassified,,land:4.1
A0926,A,9,26,-1,54,unclassified,,land:4.1
A0927,A,9,27,0,54,unclassified,,land:4.1
A0928,A,9,28,1,54,unclassified,,land:4.1
A0929,A,9,29,2,54,unclassified,,land:4.1
A0930,A,9,30,3,54,unclassified,,land:4.1
A0931,A,9,31,4,54,unclassified,,land:4.1
A0932,A,9,32,5,54,unclassified,,land:4.1
A0933,A,9,33,6,54,unclassified,,land:4.1
A1000,A,10,0,-26,53,unclassified,,land:4.1
A1001,A,10,1,-25,53,unclassified,,land:4.1
A1002,A,10,2,-24,53,unclassified,,land:4.1
A1003,A,10,3,-23,53,unclassified,,land:4.1
A1004,A,10,4,-22,53,unclassified,,land:4.1
A1005,A,10,5,-21,53,unclassified,,land:4.1
A1006,A,10,6,-20,53,unclassified,,land:4.1
A1007,A,10,7,-19,53,unclassified,,land:4.1
A1008,A,10,8,-18,53,unclassified,,land:4.1
A1009,A,10,9,-17,53,unclassified,,land:4.1
A1010,A,10,10,-16,53,unclassified,,land:4.1
A1011,A,10,11,-15,53,unclassified,,land:4.1
A1012,A,10,12,-14,53,unclassified,,land:4.1
A1013,A,10,13,-13,53,unclassified,,land:4.1
A1014,A,10,14,-12,53,unclassified,,land:4.1
A1015,A,10,15,-11,53,unclassified,,land:4.1
A1016,A,10,16,-10,53,unclassified,,land:4.1
A1017,A,10,17,-9,53,unclassified,,land:4.1
A1018,A,10,18,-8,53,unclassified,,land:4.1
A1019,A,10,19,-7,53,unclassified,,land:4.1
A1020,A,10,20,-6,53,unclassified,,land:4.1
A1021,A,10,21,-5,53,unclassified,,land:4.1
A1022,A,10,22,-4,53,unclassified,,land:4.1
A1023,A,10,23,-3,53,unclassified,,land:4.1
A1024,A,10,24,-2,53,unclassified,,land:4.1
A1025,A,10,25,-1,53,unclassified,,land:4.1
A1026,A,10,26,0,53,unclassified,,land:4.1
A1027,A,10,27,1,53,unclassified,,land:4.1
A1028,A,10,28,2,53,unclassified,,land:4.1
A1029,A,10,29,3,53,unclassified,,land:4.1
A1030,A,10,30,4,53,unclassified,,land:4.1
A1031,A,10,31,5,53,unclassified,,land:4.1
A1032,A,10,32,6,53,unclassified,,land:4.1
A1033,A,10,33,7,53,unclassified,,land:4.1
A1101,A,11,1,-25,52,unclassified,,land:4.1
A1102,A,11,2,-24,52,unclassified,,land:4.1
A1103,A,11,3,-23,52,unclassified,,land:4.1
A1104,A,11,4,-22,52,unclassified,,land:4.1
A1105,A,11,5,-21,52,unclassified,,land:4.1
A1106,A,11,6,-20,52,unclassified,,land:4.1
A1107,A,11,7,-19,52,unclassified,,land:4.1
A1108,A,11,8,-18,52,unclassified,,land:4.1
A1109,A,11,9,-17,52,unclassified,,land:4.1
A1110,A,11,10,-16,52,unclassified,,land:4.1
A1111,A,11,11,-15,52,unclassified,,land:4.1
A1112,A,11,12,-14,52,unclassified,,land:4.1
A1113,A,11,13,-13,52,unclassified,,land:4.1
A1114,A,11,14,-12,52,unclassified,,land:4.1
A1115,A,11,15,-11,52,unclassified,,land:4.1
A1116,A,11,16,-10,52,unclassified,,land:4.1
A1117,A,11,17,-9,52,unclassified,,land:4.1
A1118,A,11,18,-8,52,unclassified,,land:4.1
A1119,A,11,19,-7,52,unclassified,,land:4.1
A1120,A,11,20,-6,52,unclassified,,land:4.1
A1121,A,11,21,-5,52,unclassified,,land:4.1
A1122,A,11,22,-4,52,unclassified,,land:4.1
A1123,A,11,23,-3,52,unclassified,,land:4.1
A1124,A,11,24,-2,52,unclassified,,land:4.1
A1125,A,11,25,-1,52,unclassified,,land:4.1
A1126,A,11,26,0,52,unclassified,,land:4.1
A1127,A,11,27,1,52,unclassified,,land:4.1
A1128,A,11,28,2,52,unclassified,,land:4.1
A1129,A,11,29,3,52,unclassified,,land:4.1
A1130,A,11,30,4,52,unclassified,,land:4.1
A1131,A,11,31,5,52,unclassified,,land:4.1
A1132,A,11,32,6,52,unclassified,,land:4.1
A1133,A,11,33,7,52,unclassified,,land:4.1
A1200,A,12,0,-25,51,unclassified,,land:4.1
A1201,A,12,1,-24,51,unclassified,,land:4.1
A1202,A,12,2,-23,51,unclassified,,land:4.1
A1203,A,12,3,-22,51,unclassified,,land:4.1
A1204,A,12,4,-21,51,unclassified,,land:4.1
A1205,A,12,5,-20,51,unclassified,,land:4.1
A1206,A,12,6,-19,51,unclassified,,land:4.1
A1207,A,12,7,-18,51,unclassified,,land:4.1
A1208,A,12,8,-17,51,unclassified,,land:4.1
A1209,A,12,9,-16,51,unclassified,,land:4.1
A1210,A,12,10,-15,51,unclassified,,land:4.1
A1211,A,12,11,-14,51,unclassified,,land:4.1
A1212,A,12,12,-13,51,unclassified,,land:4.1
A1213,A,12,13,-12,51,unclassified,,land:4.1
A1214,A,12,14,-11,51,unclassified,,land:4.1
A1215,A,12,15,-10,51,unclassified,,land:4.1
A1216,A,12,16,-9,51,unclassified,,land:4.1
A1217,A,12,17,-8,51,unclassified,,land:4.1
A1218,A,12,18,-7,51,unclassified,,land:4.1
A1219,A,12,19,-6,51,unclassified,,land:4.1
A1220,A,12,20,-5,51,unclassified,,land:4.1
A1221,A,12,21,-4,51,unclassified,,land:4.1
A1222,A,12,22,-3,51,unclassified,,land:4.1
A1223,A,12,23,-2,51,unclassified,,land:4.1
A1224,A,12,24,-1,51,unclassified,,land:4.1
A1225,A,12,25,0,51,unclassified,,land:4.1
A1226,A,12,26,1,51,unclassified,,land:4.1
A1227,A,12,27,2,51,unclassified,,land:4.1
A1228,A,12,28,3,51,unclassified,,land:4.1
A1229,A,12,29,4,51,unclassified,,land:4.1
A1230,A,12,30,5,51,unclassified,,land:4.1
A1231,A,12,31,6,51,unclassified,,land:4.1
A1232,A,12,32,7,51,unclassified,,land:4.1
A1233,A,12,33,8,51,unclassified,,land:4.1
A1301,A,13,1,-24,50,unclassified,,land:4.1
A1302,A,13,2,-23,50,unclassified,,land:4.1
A1303,A,13,3,-22,50,unclassified,,land:4.1
A1304,A,13,4,-21,50,unclassified,,land:4.1
A1305,A,13,5,-20,50,unclassified,,land:4.1
A1306,A,13,6,-19,50,unclassified,,land:4.1
A1307,A,13,7,-18,50,unclassified,,land:4.1
A1308,A,13,8,-17,50,unclassified,,land:4.1
A1309,A,13,9,-16,50,unclassified,,land:4.1
A1310,A,13,10,-15,50,unclassified,,land:4.1
A1311,A,13,11,-14,50,unclassified,,land:4.1
A1312,A,13,12,-13,50,unclassified,,land:4.1
A1313,A,13,13,-12,50,unclassified,,land:4.1
A1314,A,13,14,-11,50,unclassified,,land:4.1
A1315,A,13,15,-10,50,unclassified,,land:4.1
A1316,A,13,16,-9,50,unclassified,,land:4.1
A1317,A,13,17,-8,50,unclassified,,land:4.1
A1318,A,13,18,-7,50,unclassified,,land:4.1
A1319,A,13,19,-6,50,unclassified,,land:4.1
A1320,A,13,20,-5,50,unclassified,,land:4.1
A1321,A,13,21,-4,50,unclassified,,land:4.1
A1322,A,13,22,-3,50,unclassified,,land:4.1
A1323,A,13,23,-2,50,unclassified,,land:4.1
A1324,A,13,24,-1,50,unclassified,,land:4.1
A1325,A,13,25,0,50,unclassified,,land:4.1
A1326,A,13,26,1,50,unclassified,,land:4.1
A1327,A,13,27,2,50,unclassified,,land:4.1
A1328,A,13,28,3,50,unclassified,,land:4.1
A1329,A,13,29,4,50,unclassified,,land:4.1
A1330,A,13,30,5,50,unclassified,,land:4.1
A1331,A,13,31,6,50,unclassified,,land:4.1
A1332,A,13,32,7,50,unclassified,,land:4.1
A1333,A,13,33,8,50,unclassified,,land:4.1
A1400,A,14,0,-24,49,unclassified,,land:4.1
A1401,A,14,1,-23,49,unclassified,,land:4.1
A1402,A,14,2,-22,49,unclassified,,land:4.1
A1403,A,14,3,-21,49,unclassified,,land:4.1
A1404,A,14,4,-20,49,unclassified,,land:4.1
A1405,A,14,5,-19,49,unclassified,,land:4.1
A1406,A,14,6,-18,49,unclassified,,land:4.1
A1407,A,14,7,-17,49,unclassified,,land:4.1
A1408,A,14,8,-16,49,unclassified,,land:4.1
A1409,A,14,9,-15,49,unclassified,,land:4.1
A1410,A,14,10,-14,49,unclassified,,land:4.1
A1411,A,14,11,-13,49,unclassified,,land:4.1
A1412,A,14,12,-12,49,unclassified,,land:4.1
A1413,A,14,13,-11,49,unclassified,,land:4.1
A1414,A,14,14,-10,49,unclassified,,land:4.1
A1415,A,14,15,-9,49,unclassified,,land:4.1
A1416,A,14,16,-8,49,unclassified,,land:4.1
A1417,A,14,17,-7,49,unclassified,,land:4.1
A1418,A,14,18,-6,49,unclassified,,land:4.1
A1419,A,14,19,-5,49,unclassified,,land:4.1
A1420,A,14,20,-4,49,unclassified,,land:4.1
A1421,A,14,21,-3,49,unclassified,,land:4.1
A1422,A,14,22,-2,49,unclassified,,land:4.1
A1423,A,14,23,-1,49,unclassified,,land:4.1
A1424,A,14,24,0,49,unclassified,,land:4.1
A1425,A,14,25,1,49,unclassified,,land:4.1
A1426,A,14,26,2,49,unclassified,,land:4.1
A1427,A,14,27,3,49,unclassified,,land:4.1
A1428,A,14,28,4,49,unclassified,,land:4.1
A1429,A,14,29,5,49,unclassified,,land:4.1
A1430,A,14,30,6,49,unclassified,,land:4.1
A1431,A,14,31,7,49,unclassified,,land:4.1
A1432,A,14,32,8,49,unclassified,,land:4.1
A1433,A,14,33,9,49,unclassified,,land:4.1
A1501,A,15,1,-23,48,unclassified,,land:4.1
A1502,A,15,2,-22,48,unclassified,,land:4.1
A1503,A,15,3,-21,48,unclassified,,land:4.1
A1504,A,15,4,-20,48,unclassified,,land:4.1
A1505,A,15,5,-19,48,unclassified,,land:4.1
A1506,A,15,6,-18,48,unclassified,,land:4.1
A1507,A,15,7,-17,48,unclassified,,land:4.1
A1508,A,15,8,-16,48,unclassified,,land:4.1
A1509,A,15,9,-15,48,unclassified,,land:4.1
A1510,A,15,10,-14,48,unclassified,,land:4.1
A1511,A,15,11,-13,48,unclassified,,land:4.1
A1512,A,15,12,-12,48,unclassified,,land:4.1
A1513,A,15,13,-11,48,unclassified,,land:4.1
A1514,A,15,14,-10,48,unclassified,,land:4.1
A1515,A,15,15,-9,48,unclassified,,land:4.1
A1516,A,15,16,-8,48,unclassified,,land:4.1
A1517,A,15,17,-7,48,unclassified,,land:4.1
A1518,A,15,18,-6,48,unclassified,,land:4.1
A1519,A,15,19,-5,48,unclassified,,land:4.1
A1520,A,15,20,-4,48,unclassified,,land:4.1
A1521,A,15,21,-3,48,unclassified,,land:4.1
A1522,A,15,22,-2,48,unclassified,,land:4.1
A1523,A,15,23,-1,48,unclassified,,land:4.1
A1524,A,15,24,0,48,unclassified,,land:4.1
A1525,A,15,25,1,48,unclassified,,land:4.1
A1526,A,15,26,2,48,unclassified,,land:4.1
A1527,A,15,27,3,48,unclassified,,land:4.1
A1528,A,15,28,4,48,unclassified,,land:4.1
A1529,A,15,29,5,48,unclassified,,land:4.1
A1530,A,15,30,6,48,unclassified,,land:4.1
A1531,A,15,31,7,48,unclassified,,land:4.1
A1532,A,15,32,8,48,unclassified,,land:4.1
A1533,A,15,33,9,48,unclassified,,land:4.1
A1600,A,16,0,-23,47,unclassified,,land:4.1
A1601,A,16,1,-22,47,unclassified,,land:4.1
A1602,A,16,2,-21,47,unclassified,,land:4.1
A1603,A,16,3,-20,47,unclassified,,land:4.1
A1604,A,16,4,-19,47,unclassified,,land:4.1
A1605,A,16,5,-18,47,unclassified,,land:4.1
A1606,A,16,6,-17,47,unclassified,,land:4.1
A1607,A,16,7,-16,47,unclassified,,land:4.1
A1608,A,16,8,-15,47,unclassified,,land:4.1
A1609,A,16,9,-14,47,unclassified,,land:4.1
A1610,A,16,10,-13,47,unclassified,,land:4.1
A1611,A,16,11,-12,47,unclassified,,land:4.1
A1612,A,16,12,-11,47,unclassified,,land:4.1
A1613,A,16,13,-10,47,unclassified,,land:4.1
A1614,A,16,14,-9,47,unclassified,,land:4.1
A1615,A,16,15,-8,47,unclassified,,land:4.1
A1616,A,16,16,-7,47,unclassified,,land:4.1
A1617,A,16,17,-6,47,unclassified,,land:4.1
A1618,A,16,18,-5,47,unclassified,,land:4.1
A1619,A,16,19,-4,47,unclassified,,land:4.1
A1620,A,16,20,-3,47,unclassified,,land:4.1
A1621,A,16,21,-2,47,unclassified,,land:4.1
A1622,A,16,22,-1,47,unclassified,,land:4.1
A1623,A,16,23,0,47,unclassified,,land:4.1
A1624,A,16,24,1,47,unclassified,,land:4.1
A1625,A,16,25,2,47,unclassified,,land:4.1
A1626,A,16,26,3,47,unclassified,,land:4.1
A1627,A,16,27,4,47,unclassified,,land:4.1
A1628,A,16,28,5,47,unclassified,,land:4.1
A1629,A,16,29,6,47,unclassified,,land:4.1
A1630,A,16,30,7,47,unclassified,,land:4.1
A1631,A,16,31,8,47,unclassified,,land:4.1
A1632,A,16,32,9,47,unclassified,,land:4.1
A1633,A,16,33,10,47,unclassified,,land:4.1
A1701,A,17,1,-22,46,unclassified,,land:4.1
A1702,A,17,2,-21,46,unclassified,,land:4.1
A1703,A,17,3,-20,46,unclassified,,land:4.1
A1704,A,17,4,-19,46,unclassified,,land:4.1
A1705,A,17,5,-18,46,unclassified,,land:4.1
A1706,A,17,6,-17,46,unclassified,,land:4.1
A1707,A,17,7,-16,46,unclassified,,land:4.1
A1708,A,17,8,-15,46,unclassified,,land:4.1
A1709,A,17,9,-14,46,unclassified,,land:4.1
A1710,A,17,10,-13,46,unclassified,,land:4.1
A1711,A,17,11,-12,46,unclassified,,land:4.1
A1712,A,17,12,-11,46,unclassified,,land:4.1
A1713,A,17,13,-10,46,unclassified,,land:4.1
A1714,A,17,14,-9,46,unclassified,,land:4.1
A1715,A,17,15,-8,46,unclassified,,land:4.1
A1716,A,17,16,-7,46,unclassified,,land:4.1
A1717,A,17,17,-6,46,unclassified,,land:4.1
A1718,A,17,18,-5,46,unclassified,,land:4.1
A1719,A,17,19,-4,46,unclassified,,land:4.1
A1720,A,17,20,-3,46,unclassified,,land:4.1
A1721,A,17,21,-2,46,unclassified,,land:4.1
A1722,A,17,22,-1,46,unclassified,,land:4.1
A1723,A,17,23,0,46,unclassified,,land:4.1
A1724,A,17,24,1,46,unclassified,,land:4.1
A1725,A,17,25,2,46,unclassified,,land:4.1
A1726,A,17,26,3,46,unclassified,,land:4.1
A1727,A,17,27,4,46,unclassified,,land:4.1
A1728,A,17,28,5,46,unclassified,,land:4.1
A1729,A,17,29,6,46,unclassified,,land:4.1
A1730,A,17,30,7,46,unclassified,,land:4.1
A1731,A,17,31,8,46,unclassified,,land:4.1
A1732,A,17,32,9,46,unclassified,,land:4.1
A1733,A,17,33,10,46,unclassified,,land:4.1
A1800,A,18,0,-22,45,unclassified,,land:4.1
A1801,A,18,1,-21,45,unclassified,,land:4.1
A1802,A,18,2,-20,45,unclassified,,land:4.1
A1803,A,18,3,-19,45,unclassified,,land:4.1
A1804,A,18,4,-18,45,unclassified,,land:4.1
A1805,A,18,5,-17,45,unclassified,,land:4.1
A1806,A,18,6,-16,45,unclassified,,land:4.1
A1807,A,18,7,-15,45,unclassified,,land:4.1
A1808,A,18,8,-14,45,unclassified,,land:4.1
A1809,A,18,9,-13,45,unclassified,,land:4.1
A1810,A,18,10,-12,45,unclassified,,land:4.1
A1811,A,18,11,-11,45,unclassified,,land:4.1
A1812,A,18,12,-10,45,unclassified,,land:4.1
A1813,A,18,13,-9,45,unclassified,,land:4.1
A1814,A,18,14,-8,45,unclassified,,land:4.1
A1815,A,18,15,-7,45,unclassified,,land:4.1
A1816,A,18,16,-6,45,unclassified,,land:4.1
A1817,A,18,17,-5,45,unclassified,,land:4.1
A1818,A,18,18,-4,45,unclassified,,land:4.1
A1819,A,18,19,-3,45,unclassified,,land:4.1
A1820,A,18,20,-2,45,unclassified,,land:4.1
A1821,A,18,21,-1,45,unclassified,,land:4.1
A1822,A,18,22,0,45,unclassified,,land:4.1
A1823,A,18,23,1,45,unclassified,,land:4.1
A1824,A,18,24,2,45,unclassified,,land:4.1
A1825,A,18,25,3,45,unclassified,,land:4.1
A1826,A,18,26,4,45,unclassified,,land:4.1
A1827,A,18,27,5,45,unclassified,,land:4.1
A1828,A,18,28,6,45,unclassified,,land:4.1
A1829,A,18,29,7,45,unclassified,,land:4.1
A1830,A,18,30,8,45,unclassified,,land:4.1
A1831,A,18,31,9,45,unclassified,,land:4.1
A1832,A,18,32,10,45,unclassified,,land:4.1
A1833,A,18,33,11,45,unclassified,,land:4.1
A1901,A,19,1,-21,44,unclassified,,land:4.1
A1902,A,19,2,-20,44,unclassified,,land:4.1
A1903,A,19,3,-19,44,unclassified,,land:4.1
A1904,A,19,4,-18,44,unclassified,,land:4.1
A1905,A,19,5,-17,44,unclassified,,land:4.1
A1906,A,19,6,-16,44,unclassified,,land:4.1
A1907,A,19,7,-15,44,unclassified,,land:4.1
A1908,A,19,8,-14,44,unclassified,,land:4.1
A1909,A,19,9,-13,44,unclassified,,land:4.1
A1910,A,19,10,-12,44,unclassified,,land:4.1
A1911,A,19,11,-11,44,unclassified,,land:4.1
A1912,A,19,12,-10,44,unclassified,,land:4.1
A1913,A,19,13,-9,44,unclassified,,land:4.1
A1914,A,19,14,-8,44,unclassified,,land:4.1
A1915,A,19,15,-7,44,unclassified,,land:4.1
A1916,A,19,16,-6,44,unclassified,,land:4.1
A1917,A,19,17,-5,44,unclassified,,land:4.1
A1918,A,19,18,-4,44,unclassified,,land:4.1
A1919,A,19,19,-3,44,unclassified,,land:4.1
A1920,A,19,20,-2,44,unclassified,,land:4.1
A1921,A,19,21,-1,44,unclassified,,land:4.1
A1922,A,19,22,0,44,unclassified,,land:4.1
A1923,A,19,23,1,44,unclassified,,land:4.1
A1924,A,19,24,2,44,unclassified,,land:4.1
A1925,A,19,25,3,44,unclassified,,land:4.1
A1926,A,19,26,4,44,unclassified,,land:4.1
A1927,A,19,27,5,44,unclassified,,land:4.1
A1928,A,19,28,6,44,unclassified,,land:4.1
A1929,A,19,29,7,44,unclassified,,land:4.1
A1930,A,19,30,8,44,unclassified,,land:4.1
A1931,A,19,31,9,44,unclassified,,land:4.1
A1932,A,19,32,10,44,unclassified,,land:4.1
A1933,A,19,33,11,44,unclassified,,land:4.1
A2000,A,20,0,-21,43,unclassified,,land:4.1
A2001,A,20,1,-20,43,unclassified,,land:4.1
A2002,A,20,2,-19,43,unclassified,,land:4.1
A2003,A,20,3,-18,43,unclassified,,land:4.1
A2004,A,20,4,-17,43,unclassified,,land:4.1
A2005,A,20,5,-16,43,unclassified,,land:4.1
A2006,A,20,6,-15,43,unclassified,,land:4.1
A2007,A,20,7,-14,43,unclassified,,land:4.1
A2008,A,20,8,-13,43,unclassified,,land:4.1
A2009,A,20,9,-12,43,unclassified,,land:4.1
A2010,A,20,10,-11,43,unclassified,,land:4.1
A2011,A,20,11,-10,43,unclassified,,land:4.1
A2012,A,20,12,-9,43,unclassified,,land:4.1
A2013,A,20,13,-8,43,unclassified,,land:4.1
A2019,A,20,19,-2,43,unclassified,,land:4.1
A2020,A,20,20,-1,43,unclassified,,land:4.1
A2021,A,20,21,0,43,unclassified,,land:4.1
A2022,A,20,22,1,43,unclassified,,land:4.1
A2023,A,20,23,2,43,unclassified,,land:4.1
A2024,A,20,24,3,43,unclassified,,land:4.1
A2025,A,20,25,4,43,unclassified,,land:4.1
A2026,A,20,26,5,43,unclassified,,land:4.1
A2027,A,20,27,6,43,unclassified,,land:4.1
A2028,A,20,28,7,43,unclassified,,land:4.1
A2029,A,20,29,8,43,unclassified,,land:4.1
A2030,A,20,30,9,43,unclassified,,land:4.1
A2031,A,20,31,10,43,unclassified,,land:4.1
A2032,A,20,32,11,43,unclassified,,land:4.1
A2033,A,20,33,12,43,unclassified,,land:4.1
A2101,A,21,1,-20,42,unclassified,,land:4.1
A2102,A,21,2,-19,42,unclassified,,land:4.1
A2103,A,21,3,-18,42,unclassified,,land:4.1
A2104,A,21,4,-17,42,unclassified,,land:4.1
A2105,A,21,5,-16,42,unclassified,,land:4.1
A2106,A,21,6,-15,42,unclassified,,land:4.1
A2107,A,21,7,-14,42,unclassified,,land:4.1
A2108,A,21,8,-13,42,unclassified,,land:4.1
A2109,A,21,9,-12,42,unclassified,,land:4.1
A2110,A,21,10,-11,42,unclassified,,land:4.1
A2111,A,21,11,-10,42,unclassified,,land:4.1
A2112,A,21,12,-9,42,unclassified,,land:4.1
A2121,A,21,21,0,42,unclassified,,land:4.1
A2122,A,21,22,1,42,unclassified,,land:4.1
A2123,A,21,23,2,42,unclassified,,land:4.1
A2124,A,21,24,3,42,unclassified,,land:4.1
A2125,A,21,25,4,42,unclassified,,land:4.1
A2126,A,21,26,5,42,unclassified,,land:4.1
A2127,A,21,27,6,42,unclassified,,land:4.1
A2128,A,21,28,7,42,unclassified,,land:4.1
A2129,A,21,29,8,42,unclassified,,land:4.1
A2130,A,21,30,9,42,unclassified,,land:4.1
A2131,A,21,31,10,42,unclassified,,land:4.1
A2132,A,21,32,11,42,unclassified,,land:4.1
A2133,A,21,33,12,42,unclassified,,land:4.1
A2200,A,22,0,-20,41,unclassified,,land:4.1
A2201,A,22,1,-19,41,unclassified,,land:4.1
A2202,A,22,2,-18,41,unclassified,,land:4.1
A2203,A,22,3,-17,41,unclassified,,land:4.1
A2204,A,22,4,-16,41,unclassified,,land:4.1
A2205,A,22,5,-15,41,unclassified,,land:4.1
A2206,A,22,6,-14,41,unclassified,,land:4.1
A2207,A,22,7,-13,41,unclassified,,land:4.1
A2208,A,22,8,-12,41,unclassified,,land:4.1
A2209,A,22,9,-11,41,unclassified,,land:4.1
A2210,A,22,10,-10,41,unclassified,,land:4.1
A2222,A,22,22,2,41,unclassified,,land:4.1
A2223,A,22,23,3,41,unclassified,,land:4.1
A2224,A,22,24,4,41,unclassified,,land:4.1
A2225,A,22,25,5,41,unclassified,,land:4.1
A2226,A,22,26,6,41,unclassified,,land:4.1
A2227,A,22,27,7,41,unclassified,,land:4.1
A2228,A,22,28,8,41,unclassified,,land:4.1
A2229,A,22,29,9,41,unclassified,,land:4.1
A2230,A,22,30,10,41,unclassified,,land:4.1
A2231,A,22,31,11,41,unclassified,,land:4.1
A2232,A,22,32,12,41,unclassified,,land:4.1
A2233,A,22,33,13,41,unclassified,,land:4.1
A2301,A,23,1,-19,40,unclassified,,land:4.1
A2302,A,23,2,-18,40,unclassified,,land:4.1
A2303,A,23,3,-17,40,unclassified,,land:4.1
A2304,A,23,4,-16,40,unclassified,,land:4.1
A2305,A,23,5,-15,40,unclassified,,land:4.1
A2306,A,23,6,-14,40,unclassified,,land:4.1
A2307,A,23,7,-13,40,unclassified,,land:4.1
A2308,A,23,8,-12,40,unclassified,,land:4.1
A2309,A,23,9,-11,40,unclassified,,land:4.1
A2310,A,23,10,-10,40,unclassified,,land:4.1
A2324,A,23,24,4,40,unclassified,,land:4.1
A2325,A,23,25,5,40,unclassified,,land:4.1
A2326,A,23,26,6,40,unclassified,,land:4.1
A2327,A,23,27,7,40,unclassified,,land:4.1
A2328,A,23,28,8,40,unclassified,,land:4.1
A2329,A,23,29,9,40,unclassified,,land:4.1
A2330,A,23,30,10,40,unclassified,,land:4.1
A2331,A,23,31,11,40,unclassified,,land:4.1
A2332,A,23,32,12,40,unclassified,,land:4.1
A2333,A,23,33,13,40,unclassified,,land:4.1
A2400,A,24,0,-19,39,unclassified,,land:4.1
A2401,A,24,1,-18,39,unclassified,,land:4.1
A2402,A,24,2,-17,39,unclassified,,land:4.1
A2403,A,24,3,-16,39,unclassified,,land:4.1
A2404,A,24,4,-15,39,unclassified,,land:4.1
A2405,A,24,5,-14,39,unclassified,,land:4.1
A2406,A,24,6,-13,39,unclassified,,land:4.1
A2407,A,24,7,-12,39,unclassified,,land:4.1
A2408,A,24,8,-11,39,unclassified,,land:4.1
A2424,A,24,24,5,39,unclassified,,land:4.1
A2425,A,24,25,6,39,unclassified,,land:4.1
A2426,A,24,26,7,39,unclassified,,land:4.1
A2427,A,24,27,8,39,unclassified,,land:4.1
A2428,A,24,28,9,39,unclassified,,land:4.1
A2429,A,24,29,10,39,unclassified,,land:4.1
A2430,A,24,30,11,39,unclassified,,land:4.1
A2431,A,24,31,12,39,unclassified,,land:4.1
A2432,A,24,32,13,39,unclassified,,land:4.1
A2433,A,24,33,14,39,unclassified,,land:4.1
A2501,A,25,1,-18,38,unclassified,,land:4.1
A2502,A,25,2,-17,38,unclassified,,land:4.1
A2503,A,25,3,-16,38,unclassified,,land:4.1
A2504,A,25,4,-15,38,unclassified,,land:4.1
A2505,A,25,5,-14,38,unclassified,,land:4.1
A2506,A,25,6,-13,38,unclassified,,land:4.1
A2507,A,25,7,-12,38,unclassified,,land:4.1
A2508,A,25,8,-11,38,unclassified,,land:4.1
A2525,A,25,25,6,38,unclassified,,land:4.1
A2526,A,25,26,7,38,unclassified,,land:4.1
A2527,A,25,27,8,38,unclassified,,land:4.1
A2528,A,25,28,9,38,unclassified,,land:4.1
A2529,A,25,29,10,38,unclassified,,land:4.1
A2530,A,25,30,11,38,unclassified,,land:4.1
A2531,A,25,31,12,38,unclassified,,land:4.1
A2532,A,25,32,13,38,unclassified,,land:4.1
A2533,A,25,33,14,38,unclassified,,land:4.1
A2600,A,26,0,-18,37,unclassified,,land:4.1
A2601,A,26,1,-17,37,unclassified,,land:4.1
A2602,A,26,2,-16,37,unclassified,,land:4.1
A2603,A,26,3,-15,37,unclassified,,land:4.1
A2604,A,26,4,-14,37,unclassified,,land:4.1
A2605,A,26,5,-13,37,unclassified,,land:4.1
A2606,A,26,6,-12,37,unclassified,,land:4.1
A2625,A,26,25,7,37,unclassified,,land:4.1
A2626,A,26,26,8,37,unclassified,,land:4.1
A2627,A,26,27,9,37,unclassified,,land:4.1
A2628,A,26,28,10,37,unclassified,,land:4.1
A2629,A,26,29,11,37,unclassified,,land:4.1
A2630,A,26,30,12,37,unclassified,,land:4.1
A2631,A,26,31,13,37,unclassified,,land:4.1
A2632,A,26,32,14,37,unclassified,,land:4.1
A2633,A,26,33,15,37,unclassified,,land:4.1
A2701,A,27,1,-17,36,unclassified,,land:4.1
A2702,A,27,2,-16,36,unclassified,,land:4.1
A2703,A,27,3,-15,36,unclassified,,land:4.1
A2704,A,27,4,-14,36,unclassified,,land:4.1
A2705,A,27,5,-13,36,unclassified,,land:4.1
A2706,A,27,6,-12,36,unclassified,,land:4.1
A2726,A,27,26,8,36,unclassified,,land:4.1
A2727,A,27,27,9,36,unclassified,,land:4.1
A2728,A,27,28,10,36,unclassified,,land:4.1
A2729,A,27,29,11,36,unclassified,,land:4.1
A2730,A,27,30,12,36,unclassified,,land:4.1
A2731,A,27,31,13,36,unclassified,,land:4.1
A2732,A,27,32,14,36,unclassified,,land:4.1
A2733,A,27,33,15,36,unclassified,,land:4.1
A2801,A,28,1,-16,35,unclassified,,land:4.1
A2802,A,28,2,-15,35,unclassified,,land:4.1
A2803,A,28,3,-14,35,unclassified,,land:4.1
A2804,A,28,4,-13,35,unclassified,,land:4.1
A2805,A,28,5,-12,35,unclassified,,land:4.1
A2826,A,28,26,9,35,unclassified,,land:4.1
A2827,A,28,27,10,35,unclassified,,land:4.1
A2828,A,28,28,11,35,unclassified,,land:4.1
A2829,A,28,29,12,35,unclassified,,land:4.1
A2830,A,28,30,13,35,unclassified,,land:4.1
A2831,A,28,31,14,35,unclassified,,land:4.1
A2832,A,28,32,15,35,unclassified,,land:4.1
A2833,A,28,33,16,35,unclassified,,land:4.1
A2927,A,29,27,10,34,unclassified,,land:4.1
A2928,A,29,28,11,34,unclassified,,land:4.1
A2929,A,29,29,12,34,unclassified,,land:4.1
A2930,A,29,30,13,34,unclassified,,land:4.1
A2931,A,29,31,14,34,unclassified,,land:4.1
A2932,A,29,32,15,34,unclassified,,land:4.1
A2933,A,29,33,16,34,unclassified,,land:4.1
A3027,A,30,27,11,33,unclassified,,land:4.1
A3028,A,30,28,12,33,unclassified,,land:4.1
A3029,A,30,29,13,33,unclassified,,land:4.1
A3030,A,30,30,14,33,unclassified,,land:4.1
A3031,A,30,31,15,33,unclassified,,land:4.1
A3032,A,30,32,16,33,unclassified,,land:4.1
A3033,A,30,33,17,33,unclassified,,land:4.1
A3128,A,31,28,12,32,unclassified,,land:4.1
A3129,A,31,29,13,32,unclassified,,land:4.1
A3130,A,31,30,14,32,unclassified,,land:4.1
A3131,A,31,31,15,32,unclassified,,land:4.1
A3132,A,31,32,16,32,unclassified,,land:4.1
A3133,A,31,33,17,32,unclassified,,land:4.1
A3227,A,32,27,12,31,unclassified,,land:4.1
A3228,A,32,28,13,31,unclassified,,land:4.1
A3229,A,32,29,14,31,unclassified,,land:4.1
A3230,A,32,30,15,31,unclassified,,land:4.1
A3231,A,32,31,16,31,unclassified,,land:4.1
A3232,A,32,32,17,31,unclassified,,land:4.1
A3233,A,32,33,18,31,unclassified,,land:4.1
A3328,A,33,28,13,30,unclassified,,land:4.1
A3329,A,33,29,14,30,unclassified,,land:4.1
A3330,A,33,30,15,30,unclassified,,land:4.1
A3331,A,33,31,16,30,unclassified,,land:4.1
A3332,A,33,32,17,30,unclassified,,land:4.1
A3333,A,33,33,18,30,unclassified,,land:4.1
A3427,A,34,27,13,29,unclassified,,land:4.1
A3428,A,34,28,14,29,unclassified,,land:4.1
A3429,A,34,29,15,29,unclassified,,land:4.1
A3430,A,34,30,16,29,unclassified,,land:4.1
A3431,A,34,31,17,29,unclassified,,land:4.1
A3432,A,34,32,18,29,unclassified,,land:4.1
A3433,A,34,33,19,29,unclassified,,land:4.1
A3527,A,35,27,13,28,unclassified,,land:4.1
A3528,A,35,28,14,28,unclassified,,land:4.1
A3529,A,35,29,15,28,unclassified,,land:4.1
A3530,A,35,30,16,28,unclassified,,land:4.1
A3531,A,35,31,17,28,unclassified,,land:4.1
A3532,A,35,32,18,28,unclassified,,land:4.1
A3533,A,35,33,19,28,unclassified,,land:4.1
A3626,A,36,26,13,27,unclassified,,land:4.1
A3627,A,36,27,14,27,unclassified,,land:4.1
A3628,A,36,28,15,27,unclassified,,land:4.1
A3629,A,36,29,16,27,unclassified,,land:4.1
A3630,A,36,30,17,27,unclassified,,land:4.1
A3631,A,36,31,18,27,unclassified,,land:4.1
A3632,A,36,32,19,27,unclassified,,land:4.1
A3633,A,36,33,20,27,unclassified,,land:4.1
A3726,A,37,26,13,26,unclassified,,land:4.1
A3727,A,37,27,14,26,unclassified,,land:4.1
A3728,A,37,28,15,26,unclassified,,land:4.1
A3729,A,37,29,16,26,unclassified,,land:4.1
A3730,A,37,30,17,26,unclassified,,land:4.1
A3731,A,37,31,18,26,unclassified,,land:4.1
A3732,A,37,32,19,26,unclassified,,land:4.1
A3733,A,37,33,20,26,unclassified,,land:4.1
A3825,A,38,25,13,25,unclassified,,land:4.1
A3826,A,38,26,14,25,unclassified,,land:4.1
A3827,A,38,27,15,25,unclassified,,land:4.1
A3828,A,38,28,16,25,unclassified,,land:4.1
A3829,A,38,29,17,25,unclassified,,land:4.1
A3830,A,38,30,18,25,unclassified,,land:4.1
A3831,A,38,31,19,25,unclassified,,land:4.1
A3832,A,38,32,20,25,unclassified,,land:4.1
A3833,A,38,33,21,25,unclassified,,land:4.1
A3926,A,39,26,14,24,unclassified,,land:4.1
A3927,A,39,27,15,24,unclassified,,land:4.1
A3928,A,39,28,16,24,unclassified,,land:4.1
A3929,A,39,29,17,24,unclassified,,land:4.1
A3930,A,39,30,18,24,unclassified,,land:4.1
A3931,A,39,31,19,24,unclassified,,land:4.1
A3932,A,39,32,20,24,unclassified,,land:4.1
A3933,A,39,33,21,24,unclassified,,land:4.1
A4025,A,40,25,14,23,unclassified,,land:4.1
A4026,A,40,26,15,23,unclassified,,land:4.1
A4027,A,40,27,16,23,unclassified,,land:4.1
A4028,A,40,28,17,23,unclassified,,land:4.1
A4029,A,40,29,18,23,unclassified,,land:4.1
A4030,A,40,30,19,23,unclassified,,land:4.1
A4031,A,40,31,20,23,unclassified,,land:4.1
A4032,A,40,32,21,23,unclassified,,land:4.1
A4033,A,40,33,22,23,unclassified,,land:4.1
A4125,A,41,25,14,22,unclassified,,land:4.1
A4126,A,41,26,15,22,unclassified,,land:4.1
A4127,A,41,27,16,22,unclassified,,land:4.1
A4128,A,41,28,17,22,unclassified,,land:4.1
A4129,A,41,29,18,22,unclassified,,land:4.1
A4130,A,41,30,19,22,unclassified,,land:4.1
A4131,A,41,31,20,22,unclassified,,land:4.1
A4132,A,41,32,21,22,unclassified,,land:4.1
A4133,A,41,33,22,22,unclassified,,land:4.1
A4225,A,42,25,15,21,unclassified,,land:4.1
A4226,A,42,26,16,21,unclassified,,land:4.1
A4227,A,42,27,17,21,unclassified,,land:4.1
A4228,A,42,28,18,21,unclassified,,land:4.1
A4229,A,42,29,19,21,unclassified,,land:4.1
A4230,A,42,30,20,21,unclassified,,land:4.1
A4231,A,42,31,21,21,unclassified,,land:4.1
A4232,A,42,32,22,21,unclassified,,land:4.1
A4233,A,42,33,23,21,unclassified,,land:4.1
A4325,A,43,25,15,20,unclassified,,land:4.1
A4326,A,43,26,16,20,unclassified,,land:4.1
A4327,A,43,27,17,20,unclassified,,land:4.1
A4328,A,43,28,18,20,unclassified,,land:4.1
A4329,A,43,29,19,20,unclassified,,land:4.1
A4330,A,43,30,20,20,unclassified,,land:4.1
A4331,A,43,31,21,20,unclassified,,land:4.1
A4332,A,43,32,22,20,unclassified,,land:4.1
A4333,A,43,33,23,20,unclassified,,land:4.1
A4425,A,44,25,16,19,unclassified,,land:4.1
A4426,A,44,26,17,19,unclassified,,land:4.1
A4427,A,44,27,18,19,unclassified,,land:4.1
A4428,A,44,28,19,19,unclassified,,land:4.1
A4429,A,44,29,20,19,unclassified,,land:4.1
A4430,A,44,30,21,19,unclassified,,land:4.1
A4431,A,44,31,22,19,unclassified,,land:4.1
A4432,A,44,32,23,19,unclassified,,land:4.1
A4433,A,44,33,24,19,unclassified,,land:4.1
A4525,A,45,25,16,18,unclassified,,land:4.1
A4526,A,45,26,17,18,unclassified,,land:4.1
A4527,A,45,27,18,18,unclassified,,land:4.1
A4528,A,45,28,19,18,unclassified,,land:4.1
A4529,A,45,29,20,18,unclassified,,land:4.1
A4530,A,45,30,21,18,unclassified,,land:4.1
A4531,A,45,31,22,18,unclassified,,land:4.1
A4532,A,45,32,23,18,unclassified,,land:4.1
A4533,A,45,33,24,18,unclassified,,land:4.1
A4625,A,46,25,17,17,unclassified,,land:4.1
A4626,A,46,26,18,17,unclassified,,land:4.1
A4627,A,46,27,19,17,unclassified,,land:4.1
A4628,A,46,28,20,17,unclassified,,land:4.1
A4629,A,46,29,21,17,unclassified,,land:4.1
A4630,A,46,30,22,17,unclassified,,land:4.1
A4631,A,46,31,23,17,unclassified,,land:4.1
A4632,A,46,32,24,17,unclassified,,land:4.1
A4633,A,46,33,25,17,unclassified,,land:4.1
A4726,A,47,26,18,16,unclassified,,land:4.1
A4727,A,47,27,19,16,unclassified,,land:4.1
A4728,A,47,28,20,16,unclassified,,land:4.1
A4729,A,47,29,21,16,unclassified,,land:4.1
A4730,A,47,30,22,16,unclassified,,land:4.1
A4731,A,47,31,23,16,unclassified,,land:4.1
A4732,A,47,32,24,16,unclassified,,land:4.1
A4733,A,47,33,25,16,unclassified,,land:4.1
A4826,A,48,26,19,15,unclassified,,land:4.1
A4827,A,48,27,20,15,major_city,land|coastal|major_city,land:4.1;land:8.37;scen:60.34;interp:scen-0001
A4828,A,48,28,21,15,unclassified,,land:4.1
A4829,A,48,29,22,15,unclassified,,land:4.1
A4830,A,48,30,23,15,unclassified,,land:4.1
A4831,A,48,31,24,15,unclassified,,land:4.1
A4832,A,48,32,25,15,unclassified,,land:4.1
A4833,A,48,33,26,15,unclassified,,land:4.1
A4927,A,49,27,20,14,unclassified,,land:4.1
A4928,A,49,28,21,14,unclassified,,land:4.1
A4929,A,49,29,22,14,unclassified,,land:4.1
A4930,A,49,30,23,14,unclassified,,land:4.1
A4931,A,49,31,24,14,unclassified,,land:4.1
A4932,A,49,32,25,14,unclassified,,land:4.1
A4933,A,49,33,26,14,unclassified,,land:4.1
A5027,A,50,27,21,13,unclassified,,land:4.1
A5028,A,50,28,22,13,unclassified,,land:4.1
A5029,A,50,29,23,13,unclassified,,land:4.1
A5030,A,50,30,24,13,unclassified,,land:4.1
A5031,A,50,31,25,13,unclassified,,land:4.1
A5032,A,50,32,26,13,unclassified,,land:4.1
A5033,A,50,33,27,13,unclassified,,land:4.1
A5128,A,51,28,22,12,unclassified,,land:4.1
A5129,A,51,29,23,12,unclassified,,land:4.1
A5130,A,51,30,24,12,unclassified,,land:4.1
A5131,A,51,31,25,12,unclassified,,land:4.1
A5132,A,51,32,26,12,unclassified,,land:4.1
A5133,A,51,33,27,12,unclassified,,land:4.1
A5229,A,52,29,24,11,unclassified,,land:4.1
A5230,A,52,30,25,11,unclassified,,land:4.1
A5231,A,52,31,26,11,unclassified,,land:4.1
A5232,A,52,32,27,11,unclassified,,land:4.1
A5233,A,52,33,28,11,unclassified,,land:4.1
A5330,A,53,30,25,10,unclassified,,land:4.1
A5331,A,53,31,26,10,unclassified,,land:4.1
A5332,A,53,32,27,10,unclassified,,land:4.1
A5333,A,53,33,28,10,unclassified,,land:4.1
A5431,A,54,31,27,9,unclassified,,land:4.1
A5432,A,54,32,28,9,unclassified,,land:4.1
A5433,A,54,33,29,9,unclassified,,land:4.1
A5532,A,55,32,28,8,unclassified,,land:4.1
A5533,A,55,33,29,8,unclassified,,land:4.1
A5632,A,56,32,29,7,unclassified,,land:4.1
A5633,A,56,33,30,7,unclassified,,land:4.1
B0101,B,1,1,3,62,unclassified,,land:4.1
B0102,B,1,2,4,62,unclassified,,land:4.1
B0103,B,1,3,5,62,unclassified,,land:4.1
B0104,B,1,4,6,62,unclassified,,land:4.1
B0105,B,1,5,7,62,unclassified,,land:4.1
B0106,B,1,6,8,62,unclassified,,land:4.1
B0107,B,1,7,9,62,unclassified,,land:4.1
B0108,B,1,8,10,62,unclassified,,land:4.1
B0109,B,1,9,11,62,unclassified,,land:4.1
B0110,B,1,10,12,62,unclassified,,land:4.1
B0111,B,1,11,13,62,unclassified,,land:4.1
B0112,B,1,12,14,62,unclassified,,land:4.1
B0113,B,1,13,15,62,unclassified,,land:4.1
B0114,B,1,14,16,62,unclassified,,land:4.1
B0115,B,1,15,17,62,unclassified,,land:4.1
B0116,B,1,16,18,62,unclassified,,land:4.1
B0117,B,1,17,19,62,unclassified,,land:4.1
B0118,B,1,18,20,62,unclassified,,land:4.1
B0119,B,1,19,21,62,unclassified,,land:4.1
B0120,B,1,20,22,62,unclassified,,land:4.1
B0121,B,1,21,23,62,unclassified,,land:4.1
B0122,B,1,22,24,62,unclassified,,land:4.1
B0123,B,1,23,25,62,unclassified,,land:4.1
B0124,B,1,24,26,62,unclassified,,land:4.1
B0125,B,1,25,27,62,unclassified,,land:4.1
B0126,B,1,26,28,62,unclassified,,land:4.1
B0127,B,1,27,29,62,unclassified,,land:4.1
B0128,B,1,28,30,62,unclassified,,land:4.1
B0129,B,1,29,31,62,unclassified,,land:4.1
B0130,B,1,30,32,62,unclassified,,land:4.1
B0131,B,1,31,33,62,unclassified,,land:4.1
B0132,B,1,32,34,62,unclassified,,land:4.1
B0133,B,1,33,35,62,unclassified,,land:4.1
B0201,B,2,1,4,61,unclassified,,land:4.1
B0202,B,2,2,5,61,unclassified,,land:4.1
B0203,B,2,3,6,61,unclassified,,land:4.1
B0204,B,2,4,7,61,unclassified,,land:4.1
B0205,B,2,5,8,61,unclassified,,land:4.1
B0206,B,2,6,9,61,unclassified,,land:4.1
B0207,B,2,7,10,61,unclassified,,land:4.1
B0208,B,2,8,11,61,unclassified,,land:4.1
B0209,B,2,9,12,61,unclassified,,land:4.1
B0210,B,2,10,13,61,unclassified,,land:4.1
B0211,B,2,11,14,61,unclassified,,land:4.1
B0212,B,2,12,15,61,unclassified,,land:4.1
B0213,B,2,13,16,61,unclassified,,land:4.1
B0214,B,2,14,17,61,unclassified,,land:4.1
B0215,B,2,15,18,61,unclassified,,land:4.1
B0216,B,2,16,19,61,unclassified,,land:4.1
B0217,B,2,17,20,61,unclassified,,land:4.1
B0218,B,2,18,21,61,unclassified,,land:4.1
B0219,B,2,19,22,61,unclassified,,land:4.1
B0220,B,2,20,23,61,unclassified,,land:4.1
B0221,B,2,21,24,61,unclassified,,land:4.1
B0222,B,2,22,25,61,unclassified,,land:4.1
B0223,B,2,23,26,61,unclassified,,land:4.1
B0224,B,2,24,27,61,unclassified,,land:4.1
B0225,B,2,25,28,61,unclassified,,land:4.1
B0226,B,2,26,29,61,unclassified,,land:4.1
B0227,B,2,27,30,61,unclassified,,land:4.1
B0228,B,2,28,31,61,unclassified,,land:4.1
B0229,B,2,29,32,61,unclassified,,land:4.1
B0230,B,2,30,33,61,unclassified,,land:4.1
B0231,B,2,31,34,61,unclassified,,land:4.1
B0232,B,2,32,35,61,unclassified,,land:4.1
B0233,B,2,33,36,61,unclassified,,land:4.1
B0301,B,3,1,4,60,unclassified,,land:4.1
B0302,B,3,2,5,60,unclassified,,land:4.1
B0303,B,3,3,6,60,unclassified,,land:4.1
B0304,B,3,4,7,60,unclassified,,land:4.1
B0305,B,3,5,8,60,unclassified,,land:4.1
B0306,B,3,6,9,60,unclassified,,land:4.1
B0307,B,3,7,10,60,unclassified,,land:4.1
B0308,B,3,8,11,60,unclassified,,land:4.1
B0309,B,3,9,12,60,unclassified,,land:4.1
B0310,B,3,10,13,60,unclassified,,land:4.1
B0311,B,3,11,14,60,unclassified,,land:4.1
B0312,B,3,12,15,60,unclassified,,land:4.1
B0313,B,3,13,16,60,unclassified,,land:4.1
B0314,B,3,14,17,60,unclassified,,land:4.1
B0315,B,3,15,18,60,unclassified,,land:4.1
B0316,B,3,16,19,60,unclassified,,land:4.1
B0317,B,3,17,20,60,unclassified,,land:4.1
B0318,B,3,18,21,60,unclassified,,land:4.1
B0319,B,3,19,22,60,unclassified,,land:4.1
B0320,B,3,20,23,60,unclassified,,land:4.1
B0321,B,3,21,24,60,unclassified,,land:4.1
B0322,B,3,22,25,60,unclassified,,land:4.1
B0323,B,3,23,26,60,unclassified,,land:4.1
B0324,B,3,24,27,60,unclassified,,land:4.1
B0325,B,3,25,28,60,unclassified,,land:4.1
B0326,B,3,26,29,60,unclassified,,land:4.1
B0327,B,3,27,30,60,unclassified,,land:4.1
B0328,B,3,28,31,60,unclassified,,land:4.1
B0329,B,3,29,32,60,unclassified,,land:4.1
B0330,B,3,30,33,60,unclassified,,land:4.1
B0331,B,3,31,34,60,unclassified,,land:4.1
B0332,B,3,32,35,60,unclassified,,land:4.1
B0333,B,3,33,36,60,unclassified,,land:4.1
B0401,B,4,1,5,59,unclassified,,land:4.1
B0402,B,4,2,6,59,unclassified,,land:4.1
B0403,B,4,3,7,59,unclassified,,land:4.1
B0404,B,4,4,8,59,unclassified,,land:4.1
B0405,B,4,5,9,59,unclassified,,land:4.1
B0406,B,4,6,10,59,unclassified,,land:4.1
B0407,B,4,7,11,59,unclassified,,land:4.1
B0408,B,4,8,12,59,unclassified,,land:4.1
B0409,B,4,9,13,59,unclassified,,land:4.1
B0410,B,4,10,14,59,unclassified,,land:4.1
B0411,B,4,11,15,59,unclassified,,land:4.1
B0412,B,4,12,16,59,unclassified,,land:4.1
B0413,B,4,13,17,59,unclassified,,land:4.1
B0414,B,4,14,18,59,unclassified,,land:4.1
B0415,B,4,15,19,59,unclassified,,land:4.1
B0416,B,4,16,20,59,unclassified,,land:4.1
B0417,B,4,17,21,59,unclassified,,land:4.1
B0418,B,4,18,22,59,unclassified,,land:4.1
B0419,B,4,19,23,59,unclassified,,land:4.1
B0420,B,4,20,24,59,unclassified,,land:4.1
B0421,B,4,21,25,59,unclassified,,land:4.1
B0422,B,4,22,26,59,unclassified,,land:4.1
B0423,B,4,23,27,59,unclassified,,land:4.1
B0424,B,4,24,28,59,unclassified,,land:4.1
B0425,B,4,25,29,59,unclassified,,land:4.1
B0426,B,4,26,30,59,unclassified,,land:4.1
B0427,B,4,27,31,59,unclassified,,land:4.1
B0428,B,4,28,32,59,unclassified,,land:4.1
B0429,B,4,29,33,59,unclassified,,land:4.1
B0430,B,4,30,34,59,unclassified,,land:4.1
B0431,B,4,31,35,59,unclassified,,land:4.1
B0432,B,4,32,36,59,unclassified,,land:4.1
B0433,B,4,33,37,59,unclassified,,land:4.1
B0501,B,5,1,5,58,unclassified,,land:4.1
B0502,B,5,2,6,58,unclassified,,land:4.1
B0503,B,5,3,7,58,unclassified,,land:4.1
B0504,B,5,4,8,58,unclassified,,land:4.1
B0505,B,5,5,9,58,unclassified,,land:4.1
B0506,B,5,6,10,58,unclassified,,land:4.1
B0507,B,5,7,11,58,unclassified,,land:4.1
B0508,B,5,8,12,58,unclassified,,land:4.1
B0509,B,5,9,13,58,unclassified,,land:4.1
B0510,B,5,10,14,58,unclassified,,land:4.1
B0511,B,5,11,15,58,unclassified,,land:4.1
B0512,B,5,12,16,58,unclassified,,land:4.1
B0513,B,5,13,17,58,unclassified,,land:4.1
B0514,B,5,14,18,58,unclassified,,land:4.1
B0515,B,5,15,19,58,unclassified,,land:4.1
B0516,B,5,16,20,58,unclassified,,land:4.1
B0517,B,5,17,21,58,unclassified,,land:4.1
B0518,B,5,18,22,58,unclassified,,land:4.1
B0519,B,5,19,23,58,unclassified,,land:4.1
B0520,B,5,20,24,58,unclassified,,land:4.1
B0521,B,5,21,25,58,unclassified,,land:4.1
B0522,B,5,22,26,58,unclassified,,land:4.1
B0523,B,5,23,27,58,unclassified,,land:4.1
B0524,B,5,24,28,58,unclassified,,land:4.1
B0525,B,5,25,29,58,unclassified,,land:4.1
B0526,B,5,26,30,58,unclassified,,land:4.1
B0527,B,5,27,31,58,unclassified,,land:4.1
B0528,B,5,28,32,58,unclassified,,land:4.1
B0529,B,5,29,33,58,unclassified,,land:4.1
B0530,B,5,30,34,58,unclassified,,land:4.1
B0531,B,5,31,35,58,unclassified,,land:4.1
B0532,B,5,32,36,58,unclassified,,land:4.1
B0533,B,5,33,37,58,unclassified,,land:4.1
B0601,B,6,1,6,57,unclassified,,land:4.1
B0602,B,6,2,7,57,unclassified,,land:4.1
B0603,B,6,3,8,57,unclassified,,land:4.1
B0604,B,6,4,9,57,unclassified,,land:4.1
B0605,B,6,5,10,57,unclassified,,land:4.1
B0606,B,6,6,11,57,unclassified,,land:4.1
B0607,B,6,7,12,57,unclassified,,land:4.1
B0608,B,6,8,13,57,unclassified,,land:4.1
B0609,B,6,9,14,57,unclassified,,land:4.1
B0610,B,6,10,15,57,unclassified,,land:4.1
B0611,B,6,11,16,57,unclassified,,land:4.1
B0612,B,6,12,17,57,unclassified,,land:4.1
B0613,B,6,13,18,57,unclassified,,land:4.1
B0614,B,6,14,19,57,unclassified,,land:4.1
B0615,B,6,15,20,57,unclassified,,land:4.1
B0616,B,6,16,21,57,unclassified,,land:4.1
B0617,B,6,17,22,57,unclassified,,land:4.1
B0618,B,6,18,23,57,unclassified,,land:4.1
B0619,B,6,19,24,57,unclassified,,land:4.1
B0620,B,6,20,25,57,unclassified,,land:4.1
B0621,B,6,21,26,57,unclassified,,land:4.1
B0622,B,6,22,27,57,unclassified,,land:4.1
B0623,B,6,23,28,57,unclassified,,land:4.1
B0624,B,6,24,29,57,unclassified,,land:4.1
B0625,B,6,25,30,57,unclassified,,land:4.1
B0626,B,6,26,31,57,unclassified,,land:4.1
B0627,B,6,27,32,57,unclassified,,land:4.1
B0628,B,6,28,33,57,unclassified,,land:4.1
B0629,B,6,29,34,57,unclassified,,land:4.1
B0630,B,6,30,35,57,unclassified,,land:4.1
B0631,B,6,31,36,57,unclassified,,land:4.1
B0632,B,6,32,37,57,unclassified,,land:4.1
B0633,B,6,33,38,57,unclassified,,land:4.1
B0701,B,7,1,6,56,unclassified,,land:4.1
B0702,B,7,2,7,56,unclassified,,land:4.1
B0703,B,7,3,8,56,unclassified,,land:4.1
B0704,B,7,4,9,56,unclassified,,land:4.1
B0705,B,7,5,10,56,unclassified,,land:4.1
B0706,B,7,6,11,56,unclassified,,land:4.1
B0707,B,7,7,12,56,unclassified,,land:4.1
B0708,B,7,8,13,56,unclassified,,land:4.1
B0709,B,7,9,14,56,unclassified,,land:4.1
B0710,B,7,10,15,56,unclassified,,land:4.1
B0711,B,7,11,16,56,unclassified,,land:4.1
B0712,B,7,12,17,56,unclassified,,land:4.1
B0713,B,7,13,18,56,unclassified,,land:4.1
B0714,B,7,14,19,56,unclassified,,land:4.1
B0715,B,7,15,20,56,unclassified,,land:4.1
B0716,B,7,16,21,56,unclassified,,land:4.1
B0717,B,7,17,22,56,unclassified,,land:4.1
B0718,B,7,18,23,56,unclassified,,land:4.1
B0719,B,7,19,24,56,unclassified,,land:4.1
B0720,B,7,20,25,56,unclassified,,land:4.1
B0721,B,7,21,26,56,unclassified,,land:4.1
B0722,B,7,22,27,56,unclassified,,land:4.1
B0723,B,7,23,28,56,unclassified,,land:4.1
B0724,B,7,24,29,56,unclassified,,land:4.1
B0725,B,7,25,30,56,unclassified,,land:4.1
B0726,B,7,26,31,56,unclassified,,land:4.1
B0727,B,7,27,32,56,unclassified,,land:4.1
B0728,B,7,28,33,56,unclassified,,land:4.1
B0729,B,7,29,34,56,unclassified,,land:4.1
B0730,B,7,30,35,56,unclassified,,land:4.1
B0731,B,7,31,36,56,unclassified,,land:4.1
B0732,B,7,32,37,56,unclassified,,land:4.1
B0733,B,7,33,38,56,unclassified,,land:4.1
B0801,B,8,1,7,55,unclassified,,land:4.1
B0802,B,8,2,8,55,unclassified,,land:4.1
B0803,B,8,3,9,55,unclassified,,land:4.1
B0804,B,8,4,10,55,unclassified,,land:4.1
B0805,B,8,5,11,55,unclassified,,land:4.1
B0806,B,8,6,12,55,unclassified,,land:4.1
B0807,B,8,7,13,55,unclassified,,land:4.1
B0808,B,8,8,14,55,unclassified,,land:4.1
B0809,B,8,9,15,55,unclassified,,land:4.1
B0810,B,8,10,16,55,unclassified,,land:4.1
B0811,B,8,11,17,55,unclassified,,land:4.1
B0812,B,8,12,18,55,unclassified,,land:4.1
B0813,B,8,13,19,55,unclassified,,land:4.1
B0814,B,8,14,20,55,unclassified,,land:4.1
B0815,B,8,15,21,55,unclassified,,land:4.1
B0816,B,8,16,22,55,unclassified,,land:4.1
B0817,B,8,17,23,55,unclassified,,land:4.1
B0818,B,8,18,24,55,unclassified,,land:4.1
B0819,B,8,19,25,55,unclassified,,land:4.1
B0820,B,8,20,26,55,unclassified,,land:4.1
B0821,B,8,21,27,55,unclassified,,land:4.1
B0822,B,8,22,28,55,unclassified,,land:4.1
B0823,B,8,23,29,55,unclassified,,land:4.1
B0824,B,8,24,30,55,unclassified,,land:4.1
B0825,B,8,25,31,55,unclassified,,land:4.1
B0826,B,8,26,32,55,unclassified,,land:4.1
B0827,B,8,27,33,55,unclassified,,land:4.1
B0828,B,8,28,34,55,unclassified,,land:4.1
B0829,B,8,29,35,55,unclassified,,land:4.1
B0830,B,8,30,36,55,unclassified,,land:4.1
B0831,B,8,31,37,55,unclassified,,land:4.1
B0832,B,8,32,38,55,unclassified,,land:4.1
B0833,B,8,33,39,55,unclassified,,land:4.1
B0901,B,9,1,7,54,unclassified,,land:4.1
B0902,B,9,2,8,54,unclassified,,land:4.1
B0903,B,9,3,9,54,unclassified,,land:4.1
B0904,B,9,4,10,54,unclassified,,land:4.1
B0905,B,9,5,11,54,unclassified,,land:4.1
B0906,B,9,6,12,54,unclassified,,land:4.1
B0907,B,9,7,13,54,unclassified,,land:4.1
B0908,B,9,8,14,54,unclassified,,land:4.1
B0909,B,9,9,15,54,unclassified,,land:4.1
B0910,B,9,10,16,54,unclassified,,land:4.1
B0911,B,9,11,17,54,unclassified,,land:4.1
B0912,B,9,12,18,54,unclassified,,land:4.1
B0913,B,9,13,19,54,unclassified,,land:4.1
B0914,B,9,14,20,54,unclassified,,land:4.1
B0915,B,9,15,21,54,unclassified,,land:4.1
B0916,B,9,16,22,54,unclassified,,land:4.1
B0917,B,9,17,23,54,unclassified,,land:4.1
B0918,B,9,18,24,54,unclassified,,land:4.1
B0919,B,9,19,25,54,unclassified,,land:4.1
B0920,B,9,20,26,54,unclassified,,land:4.1
B0921,B,9,21,27,54,unclassified,,land:4.1
B0922,B,9,22,28,54,unclassified,,land:4.1
B0923,B,9,23,29,54,unclassified,,land:4.1
B0924,B,9,24,30,54,unclassified,,land:4.1
B0925,B,9,25,31,54,unclassified,,land:4.1
B0926,B,9,26,32,54,unclassified,,land:4.1
B0927,B,9,27,33,54,unclassified,,land:4.1
B0928,B,9,28,34,54,unclassified,,land:4.1
B0929,B,9,29,35,54,unclassified,,land:4.1
B0930,B,9,30,36,54,unclassified,,land:4.1
B0931,B,9,31,37,54,unclassified,,land:4.1
B0932,B,9,32,38,54,unclassified,,land:4.1
B0933,B,9,33,39,54,unclassified,,land:4.1
B1001,B,10,1,8,53,unclassified,,land:4.1
B1002,B,10,2,9,53,unclassified,,land:4.1
B1003,B,10,3,10,53,unclassified,,land:4.1
B1004,B,10,4,11,53,unclassified,,land:4.1
B1005,B,10,5,12,53,unclassified,,land:4.1
B1006,B,10,6,13,53,unclassified,,land:4.1
B1007,B,10,7,14,53,unclassified,,land:4.1
B1008,B,10,8,15,53,unclassified,,land:4.1
B1009,B,10,9,16,53,unclassified,,land:4.1
B1010,B,10,10,17,53,unclassified,,land:4.1
B1011,B,10,11,18,53,unclassified,,land:4.1
B1012,B,10,12,19,53,unclassified,,land:4.1
B1013,B,10,13,20,53,unclassified,,land:4.1
B1014,B,10,14,21,53,unclassified,,land:4.1
B1015,B,10,15,22,53,unclassified,,land:4.1
B1016,B,10,16,23,53,unclassified,,land:4.1
B1017,B,10,17,24,53,unclassified,,land:4.1
B1018,B,10,18,25,53,unclassified,,land:4.1
B1019,B,10,19,26,53,unclassified,,land:4.1
B1020,B,10,20,27,53,unclassified,,land:4.1
B1021,B,10,21,28,53,unclassified,,land:4.1
B1022,B,10,22,29,53,unclassified,,land:4.1
B1023,B,10,23,30,53,unclassified,,land:4.1
B1024,B,10,24,31,53,unclassified,,land:4.1
B1025,B,10,25,32,53,unclassified,,land:4.1
B1026,B,10,26,33,53,unclassified,,land:4.1
B1027,B,10,27,34,53,unclassified,,land:4.1
B1028,B,10,28,35,53,unclassified,,land:4.1
B1029,B,10,29,36,53,unclassified,,land:4.1
B1030,B,10,30,37,53,unclassified,,land:4.1
B1031,B,10,31,38,53,unclassified,,land:4.1
B1032,B,10,32,39,53,unclassified,,land:4.1
B1033,B,10,33,40,53,unclassified,,land:4.1
B1101,B,11,1,8,52,unclassified,,land:4.1
B1102,B,11,2,9,52,unclassified,,land:4.1
B1103,B,11,3,10,52,unclassified,,land:4.1
B1104,B,11,4,11,52,unclassified,,land:4.1
B1105,B,11,5,12,52,unclassified,,land:4.1
B1106,B,11,6,13,52,unclassified,,land:4.1
B1107,B,11,7,14,52,unclassified,,land:4.1
B1108,B,11,8,15,52,unclassified,,land:4.1
B1109,B,11,9,16,52,unclassified,,land:4.1
B1110,B,11,10,17,52,unclassified,,land:4.1
B1111,B,11,11,18,52,unclassified,,land:4.1
B1112,B,11,12,19,52,unclassified,,land:4.1
B1113,B,11,13,20,52,unclassified,,land:4.1
B1114,B,11,14,21,52,unclassified,,land:4.1
B1115,B,11,15,22,52,unclassified,,land:4.1
B1116,B,11,16,23,52,unclassified,,land:4.1
B1117,B,11,17,24,52,unclassified,,land:4.1
B1118,B,11,18,25,52,unclassified,,land:4.1
B1119,B,11,19,26,52,unclassified,,land:4.1
B1120,B,11,20,27,52,unclassified,,land:4.1
B1121,B,11,21,28,52,unclassified,,land:4.1
B1122,B,11,22,29,52,unclassified,,land:4.1
B1123,B,11,23,30,52,unclassified,,land:4.1
B1124,B,11,24,31,52,unclassified,,land:4.1
B1125,B,11,25,32,52,unclassified,,land:4.1
B1126,B,11,26,33,52,unclassified,,land:4.1
B1127,B,11,27,34,52,unclassified,,land:4.1
B1128,B,11,28,35,52,unclassified,,land:4.1
B1129,B,11,29,36,52,unclassified,,land:4.1
B1130,B,11,30,37,52,unclassified,,land:4.1
B1131,B,11,31,38,52,unclassified,,land:4.1
B1132,B,11,32,39,52,unclassified,,land:4.1
B1133,B,11,33,40,52,unclassified,,land:4.1
B1201,B,12,1,9,51,unclassified,,land:4.1
B1202,B,12,2,10,51,unclassified,,land:4.1
B1203,B,12,3,11,51,unclassified,,land:4.1
B1204,B,12,4,12,51,unclassified,,land:4.1
B1205,B,12,5,13,51,unclassified,,land:4.1
B1206,B,12,6,14,51,unclassified,,land:4.1
B1207,B,12,7,15,51,unclassified,,land:4.1
B1208,B,12,8,16,51,unclassified,,land:4.1
B1209,B,12,9,17,51,unclassified,,land:4.1
B1210,B,12,10,18,51,unclassified,,land:4.1
B1211,B,12,11,19,51,unclassified,,land:4.1
B1212,B,12,12,20,51,unclassified,,land:4.1
B1213,B,12,13,21,51,unclassified,,land:4.1
B1214,B,12,14,22,51,unclassified,,land:4.1
B1215,B,12,15,23,51,unclassified,,land:4.1
B1216,B,12,16,24,51,unclassified,,land:4.1
B1217,B,12,17,25,51,unclassified,,land:4.1
B1218,B,12,18,26,51,unclassified,,land:4.1
B1219,B,12,19,27,51,unclassified,,land:4.1
B1220,B,12,20,28,51,unclassified,,land:4.1
B1221,B,12,21,29,51,unclassified,,land:4.1
B1222,B,12,22,30,51,unclassified,,land:4.1
B1223,B,12,23,31,51,unclassified,,land:4.1
B1224,B,12,24,32,51,unclassified,,land:4.1
B1225,B,12,25,33,51,unclassified,,land:4.1
B1226,B,12,26,34,51,unclassified,,land:4.1
B1227,B,12,27,35,51,unclassified,,land:4.1
B1228,B,12,28,36,51,unclassified,,land:4.1
B1229,B,12,29,37,51,unclassified,,land:4.1
B1230,B,12,30,38,51,unclassified,,land:4.1
B1231,B,12,31,39,51,unclassified,,land:4.1
B1232,B,12,32,40,51,unclassified,,land:4.1
B1233,B,12,33,41,51,unclassified,,land:4.1
B1301,B,13,1,9,50,unclassified,,land:4.1
B1302,B,13,2,10,50,unclassified,,land:4.1
B1303,B,13,3,11,50,unclassified,,land:4.1
B1304,B,13,4,12,50,unclassified,,land:4.1
B1305,B,13,5,13,50,unclassified,,land:4.1
B1306,B,13,6,14,50,unclassified,,land:4.1
B1307,B,13,7,15,50,unclassified,,land:4.1
B1308,B,13,8,16,50,unclassified,,land:4.1
B1309,B,13,9,17,50,unclassified,,land:4.1
B1310,B,13,10,18,50,unclassified,,land:4.1
B1311,B,13,11,19,50,unclassified,,land:4.1
B1312,B,13,12,20,50,unclassified,,land:4.1
B1313,B,13,13,21,50,unclassified,,land:4.1
B1314,B,13,14,22,50,unclassified,,land:4.1
B1315,B,13,15,23,50,unclassified,,land:4.1
B1316,B,13,16,24,50,unclassified,,land:4.1
B1317,B,13,17,25,50,unclassified,,land:4.1
B1318,B,13,18,26,50,unclassified,,land:4.1
B1319,B,13,19,27,50,unclassified,,land:4.1
B1320,B,13,20,28,50,unclassified,,land:4.1
B1321,B,13,21,29,50,unclassified,,land:4.1
B1322,B,13,22,30,50,unclassified,,land:4.1
B1323,B,13,23,31,50,unclassified,,land:4.1
B1324,B,13,24,32,50,unclassified,,land:4.1
B1325,B,13,25,33,50,unclassified,,land:4.1
B1326,B,13,26,34,50,unclassified,,land:4.1
B1327,B,13,27,35,50,unclassified,,land:4.1
B1328,B,13,28,36,50,unclassified,,land:4.1
B1329,B,13,29,37,50,unclassified,,land:4.1
B1330,B,13,30,38,50,unclassified,,land:4.1
B1331,B,13,31,39,50,unclassified,,land:4.1
B1332,B,13,32,40,50,unclassified,,land:4.1
B1333,B,13,33,41,50,unclassified,,land:4.1
B1401,B,14,1,10,49,unclassified,,land:4.1
B1402,B,14,2,11,49,unclassified,,land:4.1
B1403,B,14,3,12,49,unclassified,,land:4.1
B1404,B,14,4,13,49,unclassified,,land:4.1
B1405,B,14,5,14,49,unclassified,,land:4.1
B1406,B,14,6,15,49,unclassified,,land:4.1
B1407,B,14,7,16,49,unclassified,,land:4.1
B1408,B,14,8,17,49,unclassified,,land:4.1
B1409,B,14,9,18,49,unclassified,,land:4.1
B1410,B,14,10,19,49,unclassified,,land:4.1
B1411,B,14,11,20,49,unclassified,,land:4.1
B1412,B,14,12,21,49,unclassified,,land:4.1
B1413,B,14,13,22,49,unclassified,,land:4.1
B1414,B,14,14,23,49,unclassified,,land:4.1
B1415,B,14,15,24,49,unclassified,,land:4.1
B1416,B,14,16,25,49,unclassified,,land:4.1
B1417,B,14,17,26,49,unclassified,,land:4.1
B1418,B,14,18,27,49,unclassified,,land:4.1
B1419,B,14,19,28,49,unclassified,,land:4.1
B1420,B,14,20,29,49,unclassified,,land:4.1
B1421,B,14,21,30,49,unclassified,,land:4.1
B1422,B,14,22,31,49,unclassified,,land:4.1
B1423,B,14,23,32,49,unclassified,,land:4.1
B1424,B,14,24,33,49,unclassified,,land:4.1
B1425,B,14,25,34,49,unclassified,,land:4.1
B1426,B,14,26,35,49,unclassified,,land:4.1
B1427,B,14,27,36,49,unclassified,,land:4.1
B1428,B,14,28,37,49,unclassified,,land:4.1
B1429,B,14,29,38,49,unclassified,,land:4.1
B1430,B,14,30,39,49,unclassified,,land:4.1
B1431,B,14,31,40,49,unclassified,,land:4.1
B1432,B,14,32,41,49,unclassified,,land:4.1
B1433,B,14,33,42,49,unclassified,,land:4.1
B1501,B,15,1,10,48,unclassified,,land:4.1
B1502,B,15,2,11,48,unclassified,,land:4.1
B1503,B,15,3,12,48,unclassified,,land:4.1
B1504,B,15,4,13,48,unclassified,,land:4.1
B1505,B,15,5,14,48,unclassified,,land:4.1
B1506,B,15,6,15,48,unclassified,,land:4.1
B1507,B,15,7,16,48,unclassified,,land:4.1
B1508,B,15,8,17,48,unclassified,,land:4.1
B1509,B,15,9,18,48,unclassified,,land:4.1
B1510,B,15,10,19,48,unclassified,,land:4.1
B1511,B,15,11,20,48,unclassified,,land:4.1
B1512,B,15,12,21,48,unclassified,,land:4.1
B1513,B,15,13,22,48,unclassified,,land:4.1
B1514,B,15,14,23,48,unclassified,,land:4.1
B1515,B,15,15,24,48,unclassified,,land:4.1
B1516,B,15,16,25,48,unclassified,,land:4.1
B1517,B,15,17,26,48,unclassified,,land:4.1
B1518,B,15,18,27,48,unclassified,,land:4.1
B1519,B,15,19,28,48,unclassified,,land:4.1
B1520,B,15,20,29,48,unclassified,,land:4.1
B1521,B,15,21,30,48,unclassified,,land:4.1
B1522,B,15,22,31,48,unclassified,,land:4.1
B1523,B,15,23,32,48,unclassified,,land:4.1
B1524,B,15,24,33,48,unclassified,,land:4.1
B1525,B,15,25,34,48,unclassified,,land:4.1
B1526,B,15,26,35,48,unclassified,,land:4.1
B1527,B,15,27,36,48,unclassified,,land:4.1
B1528,B,15,28,37,48,unclassified,,land:4.1
B1529,B,15,29,38,48,unclassified,,land:4.1
B1530,B,15,30,39,48,unclassified,,land:4.1
B1531,B,15,31,40,48,unclassified,,land:4.1
B1532,B,15,32,41,48,unclassified,,land:4.1
B1533,B,15,33,42,48,unclassified,,land:4.1
B1601,B,16,1,11,47,unclassified,,land:4.1
B1602,B,16,2,12,47,unclassified,,land:4.1
B1603,B,16,3,13,47,unclassified,,land:4.1
B1604,B,16,4,14,47,unclassified,,land:4.1
B1605,B,16,5,15,47,unclassified,,land:4.1
B1606,B,16,6,16,47,unclassified,,land:4.1
B1607,B,16,7,17,47,unclassified,,land:4.1
B1608,B,16,8,18,47,unclassified,,land:4.1
B1609,B,16,9,19,47,unclassified,,land:4.1
B1610,B,16,10,20,47,unclassified,,land:4.1
B1611,B,16,11,21,47,unclassified,,land:4.1
B1612,B,16,12,22,47,unclassified,,land:4.1
B1613,B,16,13,23,47,unclassified,,land:4.1
B1614,B,16,14,24,47,unclassified,,land:4.1
B1615,B,16,15,25,47,unclassified,,land:4.1
B1616,B,16,16,26,47,unclassified,,land:4.1
B1617,B,16,17,27,47,unclassified,,land:4.1
B1618,B,16,18,28,47,unclassified,,land:4.1
B1619,B,16,19,29,47,unclassified,,land:4.1
B1620,B,16,20,30,47,unclassified,,land:4.1
B1621,B,16,21,31,47,unclassified,,land:4.1
B1622,B,16,22,32,47,unclassified,,land:4.1
B1623,B,16,23,33,47,unclassified,,land:4.1
B1624,B,16,24,34,47,unclassified,,land:4.1
B1625,B,16,25,35,47,unclassified,,land:4.1
B1626,B,16,26,36,47,unclassified,,land:4.1
B1627,B,16,27,37,47,unclassified,,land:4.1
B1628,B,16,28,38,47,unclassified,,land:4.1
B1629,B,16,29,39,47,unclassified,,land:4.1
B1630,B,16,30,40,47,unclassified,,land:4.1
B1631,B,16,31,41,47,unclassified,,land:4.1
B1632,B,16,32,42,47,unclassified,,land:4.1
B1633,B,16,33,43,47,unclassified,,land:4.1
B1701,B,17,1,11,46,unclassified,,land:4.1
B1702,B,17,2,12,46,unclassified,,land:4.1
B1703,B,17,3,13,46,unclassified,,land:4.1
B1704,B,17,4,14,46,unclassified,,land:4.1
B1705,B,17,5,15,46,unclassified,,land:4.1
B1706,B,17,6,16,46,unclassified,,land:4.1
B1707,B,17,7,17,46,unclassified,,land:4.1
B1708,B,17,8,18,46,unclassified,,land:4.1
B1709,B,17,9,19,46,unclassified,,land:4.1
B1710,B,17,10,20,46,unclassified,,land:4.1
B1711,B,17,11,21,46,unclassified,,land:4.1
B1712,B,17,12,22,46,unclassified,,land:4.1
B1713,B,17,13,23,46,unclassified,,land:4.1
B1714,B,17,14,24,46,unclassified,,land:4.1
B1715,B,17,15,25,46,unclassified,,land:4.1
B1716,B,17,16,26,46,unclassified,,land:4.1
B1717,B,17,17,27,46,unclassified,,land:4.1
B1718,B,17,18,28,46,unclassified,,land:4.1
B1719,B,17,19,29,46,unclassified,,land:4.1
B1720,B,17,20,30,46,unclassified,,land:4.1
B1721,B,17,21,31,46,unclassified,,land:4.1
B1722,B,17,22,32,46,unclassified,,land:4.1
B1723,B,17,23,33,46,unclassified,,land:4.1
B1724,B,17,24,34,46,unclassified,,land:4.1
B1725,B,17,25,35,46,unclassified,,land:4.1
B1726,B,17,26,36,46,unclassified,,land:4.1
B1727,B,17,27,37,46,unclassified,,land:4.1
B1728,B,17,28,38,46,unclassified,,land:4.1
B1729,B,17,29,39,46,unclassified,,land:4.1
B1730,B,17,30,40,46,unclassified,,land:4.1
B1731,B,17,31,41,46,unclassified,,land:4.1
B1732,B,17,32,42,46,unclassified,,land:4.1
B1733,B,17,33,43,46,unclassified,,land:4.1
B1801,B,18,1,12,45,unclassified,,land:4.1
B1802,B,18,2,13,45,unclassified,,land:4.1
B1803,B,18,3,14,45,unclassified,,land:4.1
B1804,B,18,4,15,45,unclassified,,land:4.1
B1805,B,18,5,16,45,unclassified,,land:4.1
B1806,B,18,6,17,45,unclassified,,land:4.1
B1807,B,18,7,18,45,unclassified,,land:4.1
B1808,B,18,8,19,45,unclassified,,land:4.1
B1809,B,18,9,20,45,unclassified,,land:4.1
B1810,B,18,10,21,45,unclassified,,land:4.1
B1811,B,18,11,22,45,unclassified,,land:4.1
B1812,B,18,12,23,45,unclassified,,land:4.1
B1813,B,18,13,24,45,unclassified,,land:4.1
B1814,B,18,14,25,45,unclassified,,land:4.1
B1815,B,18,15,26,45,unclassified,,land:4.1
B1816,B,18,16,27,45,unclassified,,land:4.1
B1817,B,18,17,28,45,unclassified,,land:4.1
B1818,B,18,18,29,45,unclassified,,land:4.1
B1819,B,18,19,30,45,unclassified,,land:4.1
B1820,B,18,20,31,45,unclassified,,land:4.1
B1821,B,18,21,32,45,unclassified,,land:4.1
B1822,B,18,22,33,45,unclassified,,land:4.1
B1823,B,18,23,34,45,unclassified,,land:4.1
B1824,B,18,24,35,45,unclassified,,land:4.1
B1825,B,18,25,36,45,unclassified,,land:4.1
B1826,B,18,26,37,45,unclassified,,land:4.1
B1827,B,18,27,38,45,unclassified,,land:4.1
B1828,B,18,28,39,45,unclassified,,land:4.1
B1829,B,18,29,40,45,unclassified,,land:4.1
B1830,B,18,30,41,45,unclassified,,land:4.1
B1831,B,18,31,42,45,unclassified,,land:4.1
B1832,B,18,32,43,45,unclassified,,land:4.1
B1833,B,18,33,44,45,unclassified,,land:4.1
B1901,B,19,1,12,44,unclassified,,land:4.1
B1902,B,19,2,13,44,unclassified,,land:4.1
B1903,B,19,3,14,44,unclassified,,land:4.1
B1904,B,19,4,15,44,unclassified,,land:4.1
B1905,B,19,5,16,44,unclassified,,land:4.1
B1906,B,19,6,17,44,unclassified,,land:4.1
B1907,B,19,7,18,44,unclassified,,land:4.1
B1908,B,19,8,19,44,unclassified,,land:4.1
B1909,B,19,9,20,44,unclassified,,land:4.1
B1910,B,19,10,21,44,unclassified,,land:4.1
B1911,B,19,11,22,44,unclassified,,land:4.1
B1912,B,19,12,23,44,unclassified,,land:4.1
B1913,B,19,13,24,44,unclassified,,land:4.1
B1914,B,19,14,25,44,unclassified,,land:4.1
B1915,B,19,15,26,44,unclassified,,land:4.1
B1916,B,19,16,27,44,unclassified,,land:4.1
B1917,B,19,17,28,44,unclassified,,land:4.1
B1918,B,19,18,29,44,unclassified,,land:4.1
B1919,B,19,19,30,44,unclassified,,land:4.1
B1920,B,19,20,31,44,unclassified,,land:4.1
B1921,B,19,21,32,44,unclassified,,land:4.1
B1922,B,19,22,33,44,unclassified,,land:4.1
B1923,B,19,23,34,44,unclassified,,land:4.1
B1924,B,19,24,35,44,unclassified,,land:4.1
B1925,B,19,25,36,44,unclassified,,land:4.1
B1926,B,19,26,37,44,unclassified,,land:4.1
B1927,B,19,27,38,44,unclassified,,land:4.1
B1928,B,19,28,39,44,unclassified,,land:4.1
B1929,B,19,29,40,44,unclassified,,land:4.1
B1930,B,19,30,41,44,unclassified,,land:4.1
B1931,B,19,31,42,44,unclassified,,land:4.1
B1932,B,19,32,43,44,unclassified,,land:4.1
B1933,B,19,33,44,44,unclassified,,land:4.1
B2001,B,20,1,13,43,unclassified,,land:4.1
B2002,B,20,2,14,43,unclassified,,land:4.1
B2003,B,20,3,15,43,unclassified,,land:4.1
B2004,B,20,4,16,43,unclassified,,land:4.1
B2005,B,20,5,17,43,unclassified,,land:4.1
B2006,B,20,6,18,43,unclassified,,land:4.1
B2007,B,20,7,19,43,unclassified,,land:4.1
B2008,B,20,8,20,43,unclassified,,land:4.1
B2009,B,20,9,21,43,unclassified,,land:4.1
B2010,B,20,10,22,43,unclassified,,land:4.1
B2011,B,20,11,23,43,unclassified,,land:4.1
B2012,B,20,12,24,43,unclassified,,land:4.1
B2013,B,20,13,25,43,unclassified,,land:4.1
B2014,B,20,14,26,43,unclassified,,land:4.1
B2015,B,20,15,27,43,unclassified,,land:4.1
B2016,B,20,16,28,43,unclassified,,land:4.1
B2017,B,20,17,29,43,unclassified,,land:4.1
B2018,B,20,18,30,43,unclassified,,land:4.1
B2019,B,20,19,31,43,unclassified,,land:4.1
B2020,B,20,20,32,43,unclassified,,land:4.1
B2021,B,20,21,33,43,unclassified,,land:4.1
B2022,B,20,22,34,43,unclassified,,land:4.1
B2023,B,20,23,35,43,unclassified,,land:4.1
B2024,B,20,24,36,43,unclassified,,land:4.1
B2025,B,20,25,37,43,unclassified,,land:4.1
B2026,B,20,26,38,43,unclassified,,land:4.1
B2027,B,20,27,39,43,unclassified,,land:4.1
B2028,B,20,28,40,43,unclassified,,land:4.1
B2029,B,20,29,41,43,unclassified,,land:4.1
B2030,B,20,30,42,43,unclassified,,land:4.1
B2031,B,20,31,43,43,unclassified,,land:4.1
B2032,B,20,32,44,43,unclassified,,land:4.1
B2033,B,20,33,45,43,unclassified,,land:4.1
B2101,B,21,1,13,42,unclassified,,land:4.1
B2102,B,21,2,14,42,unclassified,,land:4.1
B2103,B,21,3,15,42,unclassified,,land:4.1
B2104,B,21,4,16,42,unclassified,,land:4.1
B2105,B,21,5,17,42,unclassified,,land:4.1
B2106,B,21,6,18,42,unclassified,,land:4.1
B2107,B,21,7,19,42,unclassified,,land:4.1
B2108,B,21,8,20,42,unclassified,,land:4.1
B2109,B,21,9,21,42,unclassified,,land:4.1
B2110,B,21,10,22,42,unclassified,,land:4.1
B2111,B,21,11,23,42,unclassified,,land:4.1
B2112,B,21,12,24,42,unclassified,,land:4.1
B2113,B,21,13,25,42,unclassified,,land:4.1
B2114,B,21,14,26,42,unclassified,,land:4.1
B2115,B,21,15,27,42,unclassified,,land:4.1
B2116,B,21,16,28,42,unclassified,,land:4.1
B2117,B,21,17,29,42,unclassified,,land:4.1
B2118,B,21,18,30,42,unclassified,,land:4.1
B2119,B,21,19,31,42,unclassified,,land:4.1
B2120,B,21,20,32,42,unclassified,,land:4.1
B2121,B,21,21,33,42,unclassified,,land:4.1
B2122,B,21,22,34,42,unclassified,,land:4.1
B2123,B,21,23,35,42,unclassified,,land:4.1
B2124,B,21,24,36,42,unclassified,,land:4.1
B2125,B,21,25,37,42,unclassified,,land:4.1
B2126,B,21,26,38,42,unclassified,,land:4.1
B2127,B,21,27,39,42,unclassified,,land:4.1
B2128,B,21,28,40,42,unclassified,,land:4.1
B2129,B,21,29,41,42,unclassified,,land:4.1
B2130,B,21,30,42,42,unclassified,,land:4.1
B2131,B,21,31,43,42,unclassified,,land:4.1
B2132,B,21,32,44,42,unclassified,,land:4.1
B2133,B,21,33,45,42,unclassified,,land:4.1
B2201,B,22,1,14,41,unclassified,,land:4.1
B2202,B,22,2,15,41,unclassified,,land:4.1
B2203,B,22,3,16,41,unclassified,,land:4.1
B2204,B,22,4,17,41,unclassified,,land:4.1
B2205,B,22,5,18,41,unclassified,,land:4.1
B2206,B,22,6,19,41,unclassified,,land:4.1
B2207,B,22,7,20,41,unclassified,,land:4.1
B2208,B,22,8,21,41,unclassified,,land:4.1
B2209,B,22,9,22,41,unclassified,,land:4.1
B2210,B,22,10,23,41,unclassified,,land:4.1
B2211,B,22,11,24,41,unclassified,,land:4.1
B2212,B,22,12,25,41,unclassified,,land:4.1
B2213,B,22,13,26,41,unclassified,,land:4.1
B2214,B,22,14,27,41,unclassified,,land:4.1
B2215,B,22,15,28,41,unclassified,,land:4.1
B2216,B,22,16,29,41,unclassified,,land:4.1
B2217,B,22,17,30,41,unclassified,,land:4.1
B2218,B,22,18,31,41,unclassified,,land:4.1
B2219,B,22,19,32,41,unclassified,,land:4.1
B2220,B,22,20,33,41,unclassified,,land:4.1
B2221,B,22,21,34,41,unclassified,,land:4.1
B2222,B,22,22,35,41,unclassified,,land:4.1
B2223,B,22,23,36,41,unclassified,,land:4.1
B2224,B,22,24,37,41,unclassified,,land:4.1
B2225,B,22,25,38,41,unclassified,,land:4.1
B2226,B,22,26,39,41,unclassified,,land:4.1
B2227,B,22,27,40,41,unclassified,,land:4.1
B2228,B,22,28,41,41,unclassified,,land:4.1
B2229,B,22,29,42,41,unclassified,,land:4.1
B2230,B,22,30,43,41,unclassified,,land:4.1
B2231,B,22,31,44,41,unclassified,,land:4.1
B2232,B,22,32,45,41,unclassified,,land:4.1
B2233,B,22,33,46,41,unclassified,,land:4.1
B2301,B,23,1,14,40,unclassified,,land:4.1
B2302,B,23,2,15,40,unclassified,,land:4.1
B2303,B,23,3,16,40,unclassified,,land:4.1
B2304,B,23,4,17,40,unclassified,,land:4.1
B2305,B,23,5,18,40,unclassified,,land:4.1
B2306,B,23,6,19,40,unclassified,,land:4.1
B2307,B,23,7,20,40,unclassified,,land:4.1
B2308,B,23,8,21,40,unclassified,,land:4.1
B2309,B,23,9,22,40,unclassified,,land:4.1
B2310,B,23,10,23,40,unclassified,,land:4.1
B2311,B,23,11,24,40,unclassified,,land:4.1
B2312,B,23,12,25,40,unclassified,,land:4.1
B2313,B,23,13,26,40,unclassified,,land:4.1
B2314,B,23,14,27,40,unclassified,,land:4.1
B2315,B,23,15,28,40,unclassified,,land:4.1
B2316,B,23,16,29,40,unclassified,,land:4.1
B2317,B,23,17,30,40,unclassified,,land:4.1
B2318,B,23,18,31,40,unclassified,,land:4.1
B2319,B,23,19,32,40,unclassified,,land:4.1
B2320,B,23,20,33,40,unclassified,,land:4.1
B2321,B,23,21,34,40,unclassified,,land:4.1
B2322,B,23,22,35,40,unclassified,,land:4.1
B2323,B,23,23,36,40,unclassified,,land:4.1
B2324,B,23,24,37,40,unclassified,,land:4.1
B2325,B,23,25,38,40,unclassified,,land:4.1
B2326,B,23,26,39,40,unclassified,,land:4.1
B2327,B,23,27,40,40,unclassified,,land:4.1
B2328,B,23,28,41,40,unclassified,,land:4.1
B2329,B,23,29,42,40,unclassified,,land:4.1
B2330,B,23,30,43,40,unclassified,,land:4.1
B2331,B,23,31,44,40,unclassified,,land:4.1
B2332,B,23,32,45,40,unclassified,,land:4.1
B2333,B,23,33,46,40,unclassified,,land:4.1
B2401,B,24,1,15,39,unclassified,,land:4.1
B2402,B,24,2,16,39,unclassified,,land:4.1
B2403,B,24,3,17,39,unclassified,,land:4.1
B2404,B,24,4,18,39,unclassified,,land:4.1
B2405,B,24,5,19,39,unclassified,,land:4.1
B2406,B,24,6,20,39,unclassified,,land:4.1
B2407,B,24,7,21,39,unclassified,,land:4.1
B2408,B,24,8,22,39,unclassified,,land:4.1
B2409,B,24,9,23,39,unclassified,,land:4.1
B2410,B,24,10,24,39,unclassified,,land:4.1
B2411,B,24,11,25,39,unclassified,,land:4.1
B2412,B,24,12,26,39,unclassified,,land:4.1
B2413,B,24,13,27,39,unclassified,,land:4.1
B2414,B,24,14,28,39,unclassified,,land:4.1
B2415,B,24,15,29,39,unclassified,,land:4.1
B2416,B,24,16,30,39,unclassified,,land:4.1
B2417,B,24,17,31,39,unclassified,,land:4.1
B2418,B,24,18,32,39,unclassified,,land:4.1
B2419,B,24,19,33,39,unclassified,,land:4.1
B2420,B,24,20,34,39,unclassified,,land:4.1
B2421,B,24,21,35,39,unclassified,,land:4.1
B2422,B,24,22,36,39,unclassified,,land:4.1
B2423,B,24,23,37,39,unclassified,,land:4.1
B2424,B,24,24,38,39,unclassified,,land:4.1
B2425,B,24,25,39,39,unclassified,,land:4.1
B2426,B,24,26,40,39,unclassified,,land:4.1
B2427,B,24,27,41,39,unclassified,,land:4.1
B2428,B,24,28,42,39,unclassified,,land:4.1
B2429,B,24,29,43,39,unclassified,,land:4.1
B2430,B,24,30,44,39,unclassified,,land:4.1
B2431,B,24,31,45,39,unclassified,,land:4.1
B2432,B,24,32,46,39,unclassified,,land:4.1
B2433,B,24,33,47,39,unclassified,,land:4.1
B2501,B,25,1,15,38,unclassified,,land:4.1
B2502,B,25,2,16,38,unclassified,,land:4.1
B2503,B,25,3,17,38,unclassified,,land:4.1
B2504,B,25,4,18,38,unclassified,,land:4.1
B2505,B,25,5,19,38,unclassified,,land:4.1
B2506,B,25,6,20,38,unclassified,,land:4.1
B2507,B,25,7,21,38,unclassified,,land:4.1
B2508,B,25,8,22,38,unclassified,,land:4.1
B2509,B,25,9,23,38,unclassified,,land:4.1
B2510,B,25,10,24,38,unclassified,,land:4.1
B2511,B,25,11,25,38,unclassified,,land:4.1
B2512,B,25,12,26,38,unclassified,,land:4.1
B2513,B,25,13,27,38,unclassified,,land:4.1
B2514,B,25,14,28,38,unclassified,,land:4.1
B2515,B,25,15,29,38,unclassified,,land:4.1
B2516,B,25,16,30,38,unclassified,,land:4.1
B2517,B,25,17,31,38,unclassified,,land:4.1
B2518,B,25,18,32,38,unclassified,,land:4.1
B2519,B,25,19,33,38,unclassified,,land:4.1
B2520,B,25,20,34,38,unclassified,,land:4.1
B2521,B,25,21,35,38,unclassified,,land:4.1
B2522,B,25,22,36,38,unclassified,,land:4.1
B2523,B,25,23,37,38,unclassified,,land:4.1
B2524,B,25,24,38,38,unclassified,,land:4.1
B2525,B,25,25,39,38,unclassified,,land:4.1
B2526,B,25,26,40,38,unclassified,,land:4.1
B2527,B,25,27,41,38,unclassified,,land:4.1
B2528,B,25,28,42,38,unclassified,,land:4.1
B2529,B,25,29,43,38,unclassified,,land:4.1
B2530,B,25,30,44,38,unclassified,,land:4.1
B2531,B,25,31,45,38,unclassified,,land:4.1
B2532,B,25,32,46,38,unclassified,,land:4.1
B2533,B,25,33,47,38,unclassified,,land:4.1
B2601,B,26,1,16,37,unclassified,,land:4.1
B2602,B,26,2,17,37,unclassified,,land:4.1
B2603,B,26,3,18,37,unclassified,,land:4.1
B2604,B,26,4,19,37,unclassified,,land:4.1
B2605,B,26,5,20,37,unclassified,,land:4.1
B2606,B,26,6,21,37,unclassified,,land:4.1
B2607,B,26,7,22,37,unclassified,,land:4.1
B2608,B,26,8,23,37,unclassified,,land:4.1
B2609,B,26,9,24,37,unclassified,,land:4.1
B2610,B,26,10,25,37,unclassified,,land:4.1
B2611,B,26,11,26,37,unclassified,,land:4.1
B2612,B,26,12,27,37,unclassified,,land:4.1
B2613,B,26,13,28,37,unclassified,,land:4.1
B2614,B,26,14,29,37,unclassified,,land:4.1
B2615,B,26,15,30,37,unclassified,,land:4.1
B2616,B,26,16,31,37,unclassified,,land:4.1
B2617,B,26,17,32,37,unclassified,,land:4.1
B2618,B,26,18,33,37,unclassified,,land:4.1
B2619,B,26,19,34,37,unclassified,,land:4.1
B2620,B,26,20,35,37,unclassified,,land:4.1
B2621,B,26,21,36,37,unclassified,,land:4.1
B2622,B,26,22,37,37,unclassified,,land:4.1
B2623,B,26,23,38,37,unclassified,,land:4.1
B2624,B,26,24,39,37,unclassified,,land:4.1
B2625,B,26,25,40,37,unclassified,,land:4.1
B2626,B,26,26,41,37,unclassified,,land:4.1
B2627,B,26,27,42,37,unclassified,,land:4.1
B2628,B,26,28,43,37,unclassified,,land:4.1
B2629,B,26,29,44,37,unclassified,,land:4.1
B2630,B,26,30,45,37,unclassified,,land:4.1
B2631,B,26,31,46,37,unclassified,,land:4.1
B2632,B,26,32,47,37,unclassified,,land:4.1
B2633,B,26,33,48,37,unclassified,,land:4.1
B2701,B,27,1,16,36,unclassified,,land:4.1
B2702,B,27,2,17,36,unclassified,,land:4.1
B2703,B,27,3,18,36,unclassified,,land:4.1
B2704,B,27,4,19,36,unclassified,,land:4.1
B2705,B,27,5,20,36,unclassified,,land:4.1
B2706,B,27,6,21,36,unclassified,,land:4.1
B2707,B,27,7,22,36,unclassified,,land:4.1
B2708,B,27,8,23,36,unclassified,,land:4.1
B2709,B,27,9,24,36,unclassified,,land:4.1
B2710,B,27,10,25,36,unclassified,,land:4.1
B2711,B,27,11,26,36,unclassified,,land:4.1
B2712,B,27,12,27,36,unclassified,,land:4.1
B2713,B,27,13,28,36,unclassified,,land:4.1
B2714,B,27,14,29,36,unclassified,,land:4.1
B2715,B,27,15,30,36,unclassified,,land:4.1
B2716,B,27,16,31,36,unclassified,,land:4.1
B2717,B,27,17,32,36,unclassified,,land:4.1
B2718,B,27,18,33,36,unclassified,,land:4.1
B2719,B,27,19,34,36,unclassified,,land:4.1
B2720,B,27,20,35,36,unclassified,,land:4.1
B2721,B,27,21,36,36,unclassified,,land:4.1
B2722,B,27,22,37,36,unclassified,,land:4.1
B2723,B,27,23,38,36,unclassified,,land:4.1
B2724,B,27,24,39,36,unclassified,,land:4.1
B2725,B,27,25,40,36,unclassified,,land:4.1
B2726,B,27,26,41,36,unclassified,,land:4.1
B2727,B,27,27,42,36,unclassified,,land:4.1
B2728,B,27,28,43,36,unclassified,,land:4.1
B2729,B,27,29,44,36,unclassified,,land:4.1
B2730,B,27,30,45,36,unclassified,,land:4.1
B2731,B,27,31,46,36,unclassified,,land:4.1
B2732,B,27,32,47,36,unclassified,,land:4.1
B2733,B,27,33,48,36,unclassified,,land:4.1
B2801,B,28,1,17,35,unclassified,,land:4.1
B2802,B,28,2,18,35,unclassified,,land:4.1
B2803,B,28,3,19,35,unclassified,,land:4.1
B2804,B,28,4,20,35,unclassified,,land:4.1
B2805,B,28,5,21,35,unclassified,,land:4.1
B2806,B,28,6,22,35,unclassified,,land:4.1
B2807,B,28,7,23,35,unclassified,,land:4.1
B2808,B,28,8,24,35,unclassified,,land:4.1
B2809,B,28,9,25,35,unclassified,,land:4.1
B2810,B,28,10,26,35,unclassified,,land:4.1
B2811,B,28,11,27,35,unclassified,,land:4.1
B2812,B,28,12,28,35,unclassified,,land:4.1
B2813,B,28,13,29,35,unclassified,,land:4.1
B2814,B,28,14,30,35,unclassified,,land:4.1
B2815,B,28,15,31,35,unclassified,,land:4.1
B2816,B,28,16,32,35,unclassified,,land:4.1
B2817,B,28,17,33,35,unclassified,,land:4.1
B2818,B,28,18,34,35,unclassified,,land:4.1
B2819,B,28,19,35,35,unclassified,,land:4.1
B2820,B,28,20,36,35,unclassified,,land:4.1
B2821,B,28,21,37,35,unclassified,,land:4.1
B2822,B,28,22,38,35,unclassified,,land:4.1
B2823,B,28,23,39,35,unclassified,,land:4.1
B2824,B,28,24,40,35,unclassified,,land:4.1
B2825,B,28,25,41,35,unclassified,,land:4.1
B2826,B,28,26,42,35,unclassified,,land:4.1
B2827,B,28,27,43,35,unclassified,,land:4.1
B2828,B,28,28,44,35,unclassified,,land:4.1
B2829,B,28,29,45,35,unclassified,,land:4.1
B2830,B,28,30,46,35,unclassified,,land:4.1
B2831,B,28,31,47,35,unclassified,,land:4.1
B2832,B,28,32,48,35,unclassified,,land:4.1
B2833,B,28,33,49,35,unclassified,,land:4.1
B2901,B,29,1,17,34,unclassified,,land:4.1
B2902,B,29,2,18,34,unclassified,,land:4.1
B2903,B,29,3,19,34,unclassified,,land:4.1
B2904,B,29,4,20,34,unclassified,,land:4.1
B2905,B,29,5,21,34,unclassified,,land:4.1
B2906,B,29,6,22,34,unclassified,,land:4.1
B2907,B,29,7,23,34,unclassified,,land:4.1
B2908,B,29,8,24,34,unclassified,,land:4.1
B2909,B,29,9,25,34,unclassified,,land:4.1
B2910,B,29,10,26,34,unclassified,,land:4.1
B2911,B,29,11,27,34,unclassified,,land:4.1
B2912,B,29,12,28,34,unclassified,,land:4.1
B2913,B,29,13,29,34,unclassified,,land:4.1
B2914,B,29,14,30,34,unclassified,,land:4.1
B2915,B,29,15,31,34,unclassified,,land:4.1
B2916,B,29,16,32,34,unclassified,,land:4.1
B2917,B,29,17,33,34,unclassified,,land:4.1
B2918,B,29,18,34,34,unclassified,,land:4.1
B2919,B,29,19,35,34,unclassified,,land:4.1
B2920,B,29,20,36,34,unclassified,,land:4.1
B2921,B,29,21,37,34,unclassified,,land:4.1
B2922,B,29,22,38,34,unclassified,,land:4.1
B2923,B,29,23,39,34,unclassified,,land:4.1
B2924,B,29,24,40,34,unclassified,,land:4.1
B2925,B,29,25,41,34,unclassified,,land:4.1
B2926,B,29,26,42,34,unclassified,,land:4.1
B2927,B,29,27,43,34,unclassified,,land:4.1
B2928,B,29,28,44,34,unclassified,,land:4.1
B2929,B,29,29,45,34,unclassified,,land:4.1
B2930,B,29,30,46,34,unclassified,,land:4.1
B2931,B,29,31,47,34,unclassified,,land:4.1
B2932,B,29,32,48,34,unclassified,,land:4.1
B2933,B,29,33,49,34,unclassified,,land:4.1
B3001,B,30,1,18,33,unclassified,,land:4.1
B3002,B,30,2,19,33,unclassified,,land:4.1
B3003,B,30,3,20,33,unclassified,,land:4.1
B3004,B,30,4,21,33,unclassified,,land:4.1
B3005,B,30,5,22,33,unclassified,,land:4.1
B3006,B,30,6,23,33,unclassified,,land:4.1
B3007,B,30,7,24,33,unclassified,,land:4.1
B3008,B,30,8,25,33,unclassified,,land:4.1
B3009,B,30,9,26,33,unclassified,,land:4.1
B3010,B,30,10,27,33,unclassified,,land:4.1
B3011,B,30,11,28,33,unclassified,,land:4.1
B3012,B,30,12,29,33,unclassified,,land:4.1
B3013,B,30,13,30,33,unclassified,,land:4.1
B3014,B,30,14,31,33,unclassified,,land:4.1
B3015,B,30,15,32,33,unclassified,,land:4.1
B3016,B,30,16,33,33,unclassified,,land:4.1
B3017,B,30,17,34,33,unclassified,,land:4.1
B3018,B,30,18,35,33,unclassified,,land:4.1
B3019,B,30,19,36,33,unclassified,,land:4.1
B3020,B,30,20,37,33,unclassified,,land:4.1
B3021,B,30,21,38,33,unclassified,,land:4.1
B3022,B,30,22,39,33,unclassified,,land:4.1
B3023,B,30,23,40,33,unclassified,,land:4.1
B3024,B,30,24,41,33,unclassified,,land:4.1
B3025,B,30,25,42,33,unclassified,,land:4.1
B3026,B,30,26,43,33,unclassified,,land:4.1
B3027,B,30,27,44,33,unclassified,,land:4.1
B3028,B,30,28,45,33,unclassified,,land:4.1
B3029,B,30,29,46,33,unclassified,,land:4.1
B3030,B,30,30,47,33,unclassified,,land:4.1
B3031,B,30,31,48,33,unclassified,,land:4.1
B3032,B,30,32,49,33,unclassified,,land:4.1
B3033,B,30,33,50,33,unclassified,,land:4.1
B3101,B,31,1,18,32,unclassified,,land:4.1
B3102,B,31,2,19,32,unclassified,,land:4.1
B3103,B,31,3,20,32,unclassified,,land:4.1
B3104,B,31,4,21,32,unclassified,,land:4.1
B3105,B,31,5,22,32,unclassified,,land:4.1
B3106,B,31,6,23,32,unclassified,,land:4.1
B3107,B,31,7,24,32,unclassified,,land:4.1
B3108,B,31,8,25,32,unclassified,,land:4.1
B3109,B,31,9,26,32,unclassified,,land:4.1
B3110,B,31,10,27,32,unclassified,,land:4.1
B3111,B,31,11,28,32,unclassified,,land:4.1
B3112,B,31,12,29,32,unclassified,,land:4.1
B3113,B,31,13,30,32,unclassified,,land:4.1
B3114,B,31,14,31,32,unclassified,,land:4.1
B3115,B,31,15,32,32,unclassified,,land:4.1
B3116,B,31,16,33,32,unclassified,,land:4.1
B3117,B,31,17,34,32,unclassified,,land:4.1
B3118,B,31,18,35,32,unclassified,,land:4.1
B3119,B,31,19,36,32,unclassified,,land:4.1
B3120,B,31,20,37,32,unclassified,,land:4.1
B3121,B,31,21,38,32,unclassified,,land:4.1
B3122,B,31,22,39,32,unclassified,,land:4.1
B3123,B,31,23,40,32,unclassified,,land:4.1
B3124,B,31,24,41,32,unclassified,,land:4.1
B3125,B,31,25,42,32,unclassified,,land:4.1
B3126,B,31,26,43,32,unclassified,,land:4.1
B3127,B,31,27,44,32,unclassified,,land:4.1
B3128,B,31,28,45,32,unclassified,,land:4.1
B3129,B,31,29,46,32,unclassified,,land:4.1
B3130,B,31,30,47,32,unclassified,,land:4.1
B3131,B,31,31,48,32,unclassified,,land:4.1
B3132,B,31,32,49,32,unclassified,,land:4.1
B3133,B,31,33,50,32,unclassified,,land:4.1
B3201,B,32,1,19,31,unclassified,,land:4.1
B3202,B,32,2,20,31,unclassified,,land:4.1
B3203,B,32,3,21,31,unclassified,,land:4.1
B3204,B,32,4,22,31,unclassified,,land:4.1
B3205,B,32,5,23,31,unclassified,,land:4.1
B3206,B,32,6,24,31,unclassified,,land:4.1
B3207,B,32,7,25,31,unclassified,,land:4.1
B3208,B,32,8,26,31,unclassified,,land:4.1
B3209,B,32,9,27,31,unclassified,,land:4.1
B3210,B,32,10,28,31,unclassified,,land:4.1
B3211,B,32,11,29,31,unclassified,,land:4.1
B3212,B,32,12,30,31,unclassified,,land:4.1
B3213,B,32,13,31,31,unclassified,,land:4.1
B3214,B,32,14,32,31,unclassified,,land:4.1
B3215,B,32,15,33,31,unclassified,,land:4.1
B3216,B,32,16,34,31,unclassified,,land:4.1
B3217,B,32,17,35,31,unclassified,,land:4.1
B3218,B,32,18,36,31,unclassified,,land:4.1
B3219,B,32,19,37,31,unclassified,,land:4.1
B3220,B,32,20,38,31,unclassified,,land:4.1
B3221,B,32,21,39,31,unclassified,,land:4.1
B3222,B,32,22,40,31,unclassified,,land:4.1
B3223,B,32,23,41,31,unclassified,,land:4.1
B3224,B,32,24,42,31,unclassified,,land:4.1
B3225,B,32,25,43,31,unclassified,,land:4.1
B3226,B,32,26,44,31,unclassified,,land:4.1
B3227,B,32,27,45,31,unclassified,,land:4.1
B3228,B,32,28,46,31,unclassified,,land:4.1
B3229,B,32,29,47,31,unclassified,,land:4.1
B3230,B,32,30,48,31,unclassified,,land:4.1
B3231,B,32,31,49,31,unclassified,,land:4.1
B3232,B,32,32,50,31,unclassified,,land:4.1
B3233,B,32,33,51,31,unclassified,,land:4.1
B3301,B,33,1,19,30,unclassified,,land:4.1
B3302,B,33,2,20,30,unclassified,,land:4.1
B3303,B,33,3,21,30,unclassified,,land:4.1
B3304,B,33,4,22,30,unclassified,,land:4.1
B3305,B,33,5,23,30,unclassified,,land:4.1
B3306,B,33,6,24,30,unclassified,,land:4.1
B3307,B,33,7,25,30,unclassified,,land:4.1
B3308,B,33,8,26,30,unclassified,,land:4.1
B3309,B,33,9,27,30,unclassified,,land:4.1
B3310,B,33,10,28,30,unclassified,,land:4.1
B3311,B,33,11,29,30,unclassified,,land:4.1
B3312,B,33,12,30,30,unclassified,,land:4.1
B3313,B,33,13,31,30,unclassified,,land:4.1
B3314,B,33,14,32,30,unclassified,,land:4.1
B3315,B,33,15,33,30,unclassified,,land:4.1
B3316,B,33,16,34,30,unclassified,,land:4.1
B3317,B,33,17,35,30,unclassified,,land:4.1
B3318,B,33,18,36,30,unclassified,,land:4.1
B3319,B,33,19,37,30,unclassified,,land:4.1
B3320,B,33,20,38,30,unclassified,,land:4.1
B3321,B,33,21,39,30,unclassified,,land:4.1
B3322,B,33,22,40,30,unclassified,,land:4.1
B3323,B,33,23,41,30,unclassified,,land:4.1
B3324,B,33,24,42,30,unclassified,,land:4.1
B3325,B,33,25,43,30,unclassified,,land:4.1
B3326,B,33,26,44,30,unclassified,,land:4.1
B3327,B,33,27,45,30,unclassified,,land:4.1
B3328,B,33,28,46,30,unclassified,,land:4.1
B3329,B,33,29,47,30,unclassified,,land:4.1
B3330,B,33,30,48,30,unclassified,,land:4.1
B3331,B,33,31,49,30,unclassified,,land:4.1
B3332,B,33,32,50,30,unclassified,,land:4.1
B3333,B,33,33,51,30,unclassified,,land:4.1
B3401,B,34,1,20,29,unclassified,,land:4.1
B3402,B,34,2,21,29,unclassified,,land:4.1
B3403,B,34,3,22,29,unclassified,,land:4.1
B3404,B,34,4,23,29,unclassified,,land:4.1
B3405,B,34,5,24,29,unclassified,,land:4.1
B3406,B,34,6,25,29,unclassified,,land:4.1
B3407,B,34,7,26,29,unclassified,,land:4.1
B3408,B,34,8,27,29,unclassified,,land:4.1
B3409,B,34,9,28,29,unclassified,,land:4.1
B3410,B,34,10,29,29,unclassified,,land:4.1
B3411,B,34,11,30,29,unclassified,,land:4.1
B3412,B,34,12,31,29,unclassified,,land:4.1
B3413,B,34,13,32,29,unclassified,,land:4.1
B3414,B,34,14,33,29,unclassified,,land:4.1
B3415,B,34,15,34,29,unclassified,,land:4.1
B3416,B,34,16,35,29,unclassified,,land:4.1
B3417,B,34,17,36,29,unclassified,,land:4.1
B3418,B,34,18,37,29,unclassified,,land:4.1
B3419,B,34,19,38,29,unclassified,,land:4.1
B3420,B,34,20,39,29,unclassified,,land:4.1
B3421,B,34,21,40,29,unclassified,,land:4.1
B3422,B,34,22,41,29,unclassified,,land:4.1
B3423,B,34,23,42,29,unclassified,,land:4.1
B3424,B,34,24,43,29,unclassified,,land:4.1
B3425,B,34,25,44,29,unclassified,,land:4.1
B3426,B,34,26,45,29,unclassified,,land:4.1
B3427,B,34,27,46,29,unclassified,,land:4.1
B3428,B,34,28,47,29,unclassified,,land:4.1
B3429,B,34,29,48,29,unclassified,,land:4.1
B3430,B,34,30,49,29,unclassified,,land:4.1
B3431,B,34,31,50,29,unclassified,,land:4.1
B3432,B,34,32,51,29,unclassified,,land:4.1
B3433,B,34,33,52,29,unclassified,,land:4.1
B3501,B,35,1,20,28,unclassified,,land:4.1
B3502,B,35,2,21,28,unclassified,,land:4.1
B3503,B,35,3,22,28,unclassified,,land:4.1
B3504,B,35,4,23,28,unclassified,,land:4.1
B3505,B,35,5,24,28,unclassified,,land:4.1
B3506,B,35,6,25,28,unclassified,,land:4.1
B3507,B,35,7,26,28,unclassified,,land:4.1
B3508,B,35,8,27,28,unclassified,,land:4.1
B3509,B,35,9,28,28,unclassified,,land:4.1
B3510,B,35,10,29,28,unclassified,,land:4.1
B3511,B,35,11,30,28,unclassified,,land:4.1
B3512,B,35,12,31,28,unclassified,,land:4.1
B3513,B,35,13,32,28,unclassified,,land:4.1
B3514,B,35,14,33,28,unclassified,,land:4.1
B3515,B,35,15,34,28,unclassified,,land:4.1
B3516,B,35,16,35,28,unclassified,,land:4.1
B3517,B,35,17,36,28,unclassified,,land:4.1
B3518,B,35,18,37,28,unclassified,,land:4.1
B3519,B,35,19,38,28,unclassified,,land:4.1
B3520,B,35,20,39,28,unclassified,,land:4.1
B3521,B,35,21,40,28,unclassified,,land:4.1
B3522,B,35,22,41,28,unclassified,,land:4.1
B3523,B,35,23,42,28,unclassified,,land:4.1
B3524,B,35,24,43,28,unclassified,,land:4.1
B3525,B,35,25,44,28,unclassified,,land:4.1
B3526,B,35,26,45,28,unclassified,,land:4.1
B3527,B,35,27,46,28,unclassified,,land:4.1
B3528,B,35,28,47,28,unclassified,,land:4.1
B3529,B,35,29,48,28,unclassified,,land:4.1
B3530,B,35,30,49,28,unclassified,,land:4.1
B3531,B,35,31,50,28,unclassified,,land:4.1
B3532,B,35,32,51,28,unclassified,,land:4.1
B3533,B,35,33,52,28,unclassified,,land:4.1
B3601,B,36,1,21,27,unclassified,,land:4.1
B3602,B,36,2,22,27,unclassified,,land:4.1
B3603,B,36,3,23,27,unclassified,,land:4.1
B3604,B,36,4,24,27,unclassified,,land:4.1
B3605,B,36,5,25,27,unclassified,,land:4.1
B3606,B,36,6,26,27,unclassified,,land:4.1
B3607,B,36,7,27,27,unclassified,,land:4.1
B3608,B,36,8,28,27,unclassified,,land:4.1
B3609,B,36,9,29,27,unclassified,,land:4.1
B3610,B,36,10,30,27,unclassified,,land:4.1
B3611,B,36,11,31,27,unclassified,,land:4.1
B3612,B,36,12,32,27,unclassified,,land:4.1
B3613,B,36,13,33,27,unclassified,,land:4.1
B3614,B,36,14,34,27,unclassified,,land:4.1
B3615,B,36,15,35,27,unclassified,,land:4.1
B3616,B,36,16,36,27,unclassified,,land:4.1
B3617,B,36,17,37,27,unclassified,,land:4.1
B3618,B,36,18,38,27,unclassified,,land:4.1
B3619,B,36,19,39,27,unclassified,,land:4.1
B3620,B,36,20,40,27,unclassified,,land:4.1
B3621,B,36,21,41,27,unclassified,,land:4.1
B3622,B,36,22,42,27,unclassified,,land:4.1
B3623,B,36,23,43,27,unclassified,,land:4.1
B3624,B,36,24,44,27,unclassified,,land:4.1
B3625,B,36,25,45,27,unclassified,,land:4.1
B3626,B,36,26,46,27,unclassified,,land:4.1
B3627,B,36,27,47,27,unclassified,,land:4.1
B3628,B,36,28,48,27,unclassified,,land:4.1
B3629,B,36,29,49,27,unclassified,,land:4.1
B3630,B,36,30,50,27,unclassified,,land:4.1
B3631,B,36,31,51,27,unclassified,,land:4.1
B3632,B,36,32,52,27,unclassified,,land:4.1
B3633,B,36,33,53,27,unclassified,,land:4.1
B3701,B,37,1,21,26,unclassified,,land:4.1
B3702,B,37,2,22,26,unclassified,,land:4.1
B3703,B,37,3,23,26,unclassified,,land:4.1
B3704,B,37,4,24,26,unclassified,,land:4.1
B3705,B,37,5,25,26,unclassified,,land:4.1
B3706,B,37,6,26,26,unclassified,,land:4.1
B3707,B,37,7,27,26,unclassified,,land:4.1
B3708,B,37,8,28,26,unclassified,,land:4.1
B3709,B,37,9,29,26,unclassified,,land:4.1
B3710,B,37,10,30,26,unclassified,,land:4.1
B3711,B,37,11,31,26,unclassified,,land:4.1
B3712,B,37,12,32,26,unclassified,,land:4.1
B3713,B,37,13,33,26,unclassified,,land:4.1
B3714,B,37,14,34,26,unclassified,,land:4.1
B3715,B,37,15,35,26,unclassified,,land:4.1
B3716,B,37,16,36,26,unclassified,,land:4.1
B3717,B,37,17,37,26,unclassified,,land:4.1
B3718,B,37,18,38,26,unclassified,,land:4.1
B3719,B,37,19,39,26,unclassified,,land:4.1
B3720,B,37,20,40,26,unclassified,,land:4.1
B3721,B,37,21,41,26,unclassified,,land:4.1
B3722,B,37,22,42,26,unclassified,,land:4.1
B3723,B,37,23,43,26,unclassified,,land:4.1
B3724,B,37,24,44,26,unclassified,,land:4.1
B3725,B,37,25,45,26,unclassified,,land:4.1
B3726,B,37,26,46,26,unclassified,,land:4.1
B3727,B,37,27,47,26,unclassified,,land:4.1
B3728,B,37,28,48,26,unclassified,,land:4.1
B3729,B,37,29,49,26,unclassified,,land:4.1
B3730,B,37,30,50,26,unclassified,,land:4.1
B3731,B,37,31,51,26,unclassified,,land:4.1
B3732,B,37,32,52,26,unclassified,,land:4.1
B3733,B,37,33,53,26,unclassified,,land:4.1
B3801,B,38,1,22,25,unclassified,,land:4.1
B3802,B,38,2,23,25,unclassified,,land:4.1
B3803,B,38,3,24,25,unclassified,,land:4.1
B3804,B,38,4,25,25,unclassified,,land:4.1
B3805,B,38,5,26,25,unclassified,,land:4.1
B3806,B,38,6,27,25,unclassified,,land:4.1
B3807,B,38,7,28,25,unclassified,,land:4.1
B3808,B,38,8,29,25,unclassified,,land:4.1
B3809,B,38,9,30,25,unclassified,,land:4.1
B3810,B,38,10,31,25,unclassified,,land:4.1
B3811,B,38,11,32,25,unclassified,,land:4.1
B3812,B,38,12,33,25,unclassified,,land:4.1
B3813,B,38,13,34,25,unclassified,,land:4.1
B3814,B,38,14,35,25,unclassified,,land:4.1
B3815,B,38,15,36,25,unclassified,,land:4.1
B3816,B,38,16,37,25,unclassified,,land:4.1
B3817,B,38,17,38,25,unclassified,,land:4.1
B3818,B,38,18,39,25,unclassified,,land:4.1
B3819,B,38,19,40,25,unclassified,,land:4.1
B3820,B,38,20,41,25,unclassified,,land:4.1
B3821,B,38,21,42,25,unclassified,,land:4.1
B3822,B,38,22,43,25,unclassified,,land:4.1
B3823,B,38,23,44,25,unclassified,,land:4.1
B3824,B,38,24,45,25,unclassified,,land:4.1
B3825,B,38,25,46,25,unclassified,,land:4.1
B3826,B,38,26,47,25,unclassified,,land:4.1
B3827,B,38,27,48,25,unclassified,,land:4.1
B3828,B,38,28,49,25,unclassified,,land:4.1
B3829,B,38,29,50,25,unclassified,,land:4.1
B3830,B,38,30,51,25,unclassified,,land:4.1
B3831,B,38,31,52,25,unclassified,,land:4.1
B3832,B,38,32,53,25,unclassified,,land:4.1
B3833,B,38,33,54,25,unclassified,,land:4.1
B3901,B,39,1,22,24,unclassified,,land:4.1
B3902,B,39,2,23,24,unclassified,,land:4.1
B3903,B,39,3,24,24,unclassified,,land:4.1
B3904,B,39,4,25,24,unclassified,,land:4.1
B3905,B,39,5,26,24,unclassified,,land:4.1
B3906,B,39,6,27,24,unclassified,,land:4.1
B3907,B,39,7,28,24,unclassified,,land:4.1
B3908,B,39,8,29,24,unclassified,,land:4.1
B3909,B,39,9,30,24,unclassified,,land:4.1
B3910,B,39,10,31,24,unclassified,,land:4.1
B3911,B,39,11,32,24,unclassified,,land:4.1
B3912,B,39,12,33,24,unclassified,,land:4.1
B3913,B,39,13,34,24,unclassified,,land:4.1
B3914,B,39,14,35,24,unclassified,,land:4.1
B3915,B,39,15,36,24,unclassified,,land:4.1
B3916,B,39,16,37,24,unclassified,,land:4.1
B3917,B,39,17,38,24,unclassified,,land:4.1
B3918,B,39,18,39,24,unclassified,,land:4.1
B3919,B,39,19,40,24,unclassified,,land:4.1
B3920,B,39,20,41,24,unclassified,,land:4.1
B3921,B,39,21,42,24,unclassified,,land:4.1
B3922,B,39,22,43,24,unclassified,,land:4.1
B3923,B,39,23,44,24,unclassified,,land:4.1
B3924,B,39,24,45,24,unclassified,,land:4.1
B3925,B,39,25,46,24,unclassified,,land:4.1
B3926,B,39,26,47,24,unclassified,,land:4.1
B3927,B,39,27,48,24,unclassified,,land:4.1
B3928,B,39,28,49,24,unclassified,,land:4.1
B3929,B,39,29,50,24,unclassified,,land:4.1
B3930,B,39,30,51,24,unclassified,,land:4.1
B3931,B,39,31,52,24,unclassified,,land:4.1
B3932,B,39,32,53,24,unclassified,,land:4.1
B3933,B,39,33,54,24,unclassified,,land:4.1
B4001,B,40,1,23,23,unclassified,,land:4.1
B4002,B,40,2,24,23,unclassified,,land:4.1
B4003,B,40,3,25,23,unclassified,,land:4.1
B4004,B,40,4,26,23,unclassified,,land:4.1
B4005,B,40,5,27,23,unclassified,,land:4.1
B4006,B,40,6,28,23,unclassified,,land:4.1
B4007,B,40,7,29,23,unclassified,,land:4.1
B4008,B,40,8,30,23,unclassified,,land:4.1
B4009,B,40,9,31,23,unclassified,,land:4.1
B4010,B,40,10,32,23,unclassified,,land:4.1
B4011,B,40,11,33,23,unclassified,,land:4.1
B4012,B,40,12,34,23,unclassified,,land:4.1
B4013,B,40,13,35,23,unclassified,,land:4.1
B4014,B,40,14,36,23,unclassified,,land:4.1
B4015,B,40,15,37,23,unclassified,,land:4.1
B4016,B,40,16,38,23,unclassified,,land:4.1
B4017,B,40,17,39,23,unclassified,,land:4.1
B4018,B,40,18,40,23,unclassified,,land:4.1
B4019,B,40,19,41,23,unclassified,,land:4.1
B4020,B,40,20,42,23,unclassified,,land:4.1
B4021,B,40,21,43,23,unclassified,,land:4.1
B4022,B,40,22,44,23,unclassified,,land:4.1
B4023,B,40,23,45,23,unclassified,,land:4.1
B4024,B,40,24,46,23,unclassified,,land:4.1
B4025,B,40,25,47,23,unclassified,,land:4.1
B4026,B,40,26,48,23,unclassified,,land:4.1
B4027,B,40,27,49,23,unclassified,,land:4.1
B4028,B,40,28,50,23,unclassified,,land:4.1
B4029,B,40,29,51,23,unclassified,,land:4.1
B4030,B,40,30,52,23,unclassified,,land:4.1
B4031,B,40,31,53,23,unclassified,,land:4.1
B4032,B,40,32,54,23,unclassified,,land:4.1
B4033,B,40,33,55,23,unclassified,,land:4.1
B4101,B,41,1,23,22,unclassified,,land:4.1
B4102,B,41,2,24,22,unclassified,,land:4.1
B4103,B,41,3,25,22,unclassified,,land:4.1
B4104,B,41,4,26,22,unclassified,,land:4.1
B4105,B,41,5,27,22,unclassified,,land:4.1
B4106,B,41,6,28,22,unclassified,,land:4.1
B4107,B,41,7,29,22,unclassified,,land:4.1
B4108,B,41,8,30,22,unclassified,,land:4.1
B4109,B,41,9,31,22,unclassified,,land:4.1
B4110,B,41,10,32,22,unclassified,,land:4.1
B4111,B,41,11,33,22,unclassified,,land:4.1
B4112,B,41,12,34,22,unclassified,,land:4.1
B4113,B,41,13,35,22,unclassified,,land:4.1
B4114,B,41,14,36,22,unclassified,,land:4.1
B4115,B,41,15,37,22,unclassified,,land:4.1
B4116,B,41,16,38,22,unclassified,,land:4.1
B4117,B,41,17,39,22,unclassified,,land:4.1
B4118,B,41,18,40,22,unclassified,,land:4.1
B4119,B,41,19,41,22,unclassified,,land:4.1
B4120,B,41,20,42,22,unclassified,,land:4.1
B4121,B,41,21,43,22,unclassified,,land:4.1
B4122,B,41,22,44,22,unclassified,,land:4.1
B4123,B,41,23,45,22,unclassified,,land:4.1
B4124,B,41,24,46,22,unclassified,,land:4.1
B4125,B,41,25,47,22,unclassified,,land:4.1
B4126,B,41,26,48,22,unclassified,,land:4.1
B4127,B,41,27,49,22,unclassified,,land:4.1
B4128,B,41,28,50,22,unclassified,,land:4.1
B4129,B,41,29,51,22,unclassified,,land:4.1
B4130,B,41,30,52,22,unclassified,,land:4.1
B4131,B,41,31,53,22,unclassified,,land:4.1
B4132,B,41,32,54,22,unclassified,,land:4.1
B4133,B,41,33,55,22,unclassified,,land:4.1
B4201,B,42,1,24,21,unclassified,,land:4.1
B4202,B,42,2,25,21,unclassified,,land:4.1
B4203,B,42,3,26,21,unclassified,,land:4.1
B4204,B,42,4,27,21,unclassified,,land:4.1
B4205,B,42,5,28,21,unclassified,,land:4.1
B4206,B,42,6,29,21,unclassified,,land:4.1
B4207,B,42,7,30,21,unclassified,,land:4.1
B4208,B,42,8,31,21,unclassified,,land:4.1
B4209,B,42,9,32,21,unclassified,,land:4.1
B4210,B,42,10,33,21,unclassified,,land:4.1
B4211,B,42,11,34,21,unclassified,,land:4.1
B4212,B,42,12,35,21,unclassified,,land:4.1
B4213,B,42,13,36,21,unclassified,,land:4.1
B4214,B,42,14,37,21,unclassified,,land:4.1
B4215,B,42,15,38,21,unclassified,,land:4.1
B4216,B,42,16,39,21,unclassified,,land:4.1
B4217,B,42,17,40,21,unclassified,,land:4.1
B4218,B,42,18,41,21,unclassified,,land:4.1
B4219,B,42,19,42,21,unclassified,,land:4.1
B4220,B,42,20,43,21,unclassified,,land:4.1
B4221,B,42,21,44,21,unclassified,,land:4.1
B4222,B,42,22,45,21,unclassified,,land:4.1
B4223,B,42,23,46,21,unclassified,,land:4.1
B4224,B,42,24,47,21,unclassified,,land:4.1
B4225,B,42,25,48,21,unclassified,,land:4.1
B4226,B,42,26,49,21,unclassified,,land:4.1
B4227,B,42,27,50,21,unclassified,,land:4.1
B4228,B,42,28,51,21,unclassified,,land:4.1
B4229,B,42,29,52,21,unclassified,,land:4.1
B4230,B,42,30,53,21,unclassified,,land:4.1
B4231,B,42,31,54,21,unclassified,,land:4.1
B4232,B,42,32,55,21,unclassified,,land:4.1
B4233,B,42,33,56,21,unclassified,,land:4.1
B4301,B,43,1,24,20,unclassified,,land:4.1
B4302,B,43,2,25,20,unclassified,,land:4.1
B4303,B,43,3,26,20,unclassified,,land:4.1
B4304,B,43,4,27,20,unclassified,,land:4.1
B4305,B,43,5,28,20,unclassified,,land:4.1
B4306,B,43,6,29,20,unclassified,,land:4.1
B4307,B,43,7,30,20,unclassified,,land:4.1
B4308,B,43,8,31,20,unclassified,,land:4.1
B4309,B,43,9,32,20,unclassified,,land:4.1
B4310,B,43,10,33,20,unclassified,,land:4.1
B4311,B,43,11,34,20,unclassified,,land:4.1
B4312,B,43,12,35,20,unclassified,,land:4.1
B4313,B,43,13,36,20,unclassified,,land:4.1
B4314,B,43,14,37,20,unclassified,,land:4.1
B4315,B,43,15,38,20,unclassified,,land:4.1
B4316,B,43,16,39,20,unclassified,,land:4.1
B4317,B,43,17,40,20,unclassified,,land:4.1
B4318,B,43,18,41,20,unclassified,,land:4.1
B4319,B,43,19,42,20,unclassified,,land:4.1
B4320,B,43,20,43,20,unclassified,,land:4.1
B4321,B,43,21,44,20,unclassified,,land:4.1
B4322,B,43,22,45,20,unclassified,,land:4.1
B4323,B,43,23,46,20,unclassified,,land:4.1
B4324,B,43,24,47,20,unclassified,,land:4.1
B4325,B,43,25,48,20,unclassified,,land:4.1
B4326,B,43,26,49,20,unclassified,,land:4.1
B4327,B,43,27,50,20,unclassified,,land:4.1
B4328,B,43,28,51,20,unclassified,,land:4.1
B4329,B,43,29,52,20,unclassified,,land:4.1
B4330,B,43,30,53,20,unclassified,,land:4.1
B4331,B,43,31,54,20,unclassified,,land:4.1
B4332,B,43,32,55,20,unclassified,,land:4.1
B4333,B,43,33,56,20,unclassified,,land:4.1
B4401,B,44,1,25,19,unclassified,,land:4.1
B4402,B,44,2,26,19,unclassified,,land:4.1
B4403,B,44,3,27,19,unclassified,,land:4.1
B4404,B,44,4,28,19,unclassified,,land:4.1
B4405,B,44,5,29,19,unclassified,,land:4.1
B4406,B,44,6,30,19,unclassified,,land:4.1
B4407,B,44,7,31,19,unclassified,,land:4.1
B4408,B,44,8,32,19,unclassified,,land:4.1
B4409,B,44,9,33,19,unclassified,,land:4.1
B4410,B,44,10,34,19,unclassified,,land:4.1
B4411,B,44,11,35,19,unclassified,,land:4.1
B4412,B,44,12,36,19,unclassified,,land:4.1
B4413,B,44,13,37,19,unclassified,,land:4.1
B4414,B,44,14,38,19,unclassified,,land:4.1
B4415,B,44,15,39,19,unclassified,,land:4.1
B4416,B,44,16,40,19,unclassified,,land:4.1
B4417,B,44,17,41,19,unclassified,,land:4.1
B4418,B,44,18,42,19,unclassified,,land:4.1
B4419,B,44,19,43,19,unclassified,,land:4.1
B4420,B,44,20,44,19,unclassified,,land:4.1
B4421,B,44,21,45,19,unclassified,,land:4.1
B4422,B,44,22,46,19,unclassified,,land:4.1
B4423,B,44,23,47,19,unclassified,,land:4.1
B4424,B,44,24,48,19,unclassified,,land:4.1
B4425,B,44,25,49,19,unclassified,,land:4.1
B4426,B,44,26,50,19,unclassified,,land:4.1
B4427,B,44,27,51,19,unclassified,,land:4.1
B4428,B,44,28,52,19,unclassified,,land:4.1
B4429,B,44,29,53,19,unclassified,,land:4.1
B4430,B,44,30,54,19,unclassified,,land:4.1
B4431,B,44,31,55,19,unclassified,,land:4.1
B4432,B,44,32,56,19,unclassified,,land:4.1
B4433,B,44,33,57,19,unclassified,,land:4.1
B4501,B,45,1,25,18,unclassified,,land:4.1
B4502,B,45,2,26,18,unclassified,,land:4.1
B4503,B,45,3,27,18,unclassified,,land:4.1
B4504,B,45,4,28,18,unclassified,,land:4.1
B4505,B,45,5,29,18,unclassified,,land:4.1
B4506,B,45,6,30,18,unclassified,,land:4.1
B4507,B,45,7,31,18,unclassified,,land:4.1
B4508,B,45,8,32,18,unclassified,,land:4.1
B4509,B,45,9,33,18,unclassified,,land:4.1
B4510,B,45,10,34,18,unclassified,,land:4.1
B4511,B,45,11,35,18,unclassified,,land:4.1
B4512,B,45,12,36,18,unclassified,,land:4.1
B4513,B,45,13,37,18,unclassified,,land:4.1
B4514,B,45,14,38,18,unclassified,,land:4.1
B4515,B,45,15,39,18,unclassified,,land:4.1
B4516,B,45,16,40,18,unclassified,,land:4.1
B4517,B,45,17,41,18,unclassified,,land:4.1
B4518,B,45,18,42,18,unclassified,,land:4.1
B4519,B,45,19,43,18,unclassified,,land:4.1
B4520,B,45,20,44,18,unclassified,,land:4.1
B4521,B,45,21,45,18,unclassified,,land:4.1
B4522,B,45,22,46,18,unclassified,,land:4.1
B4523,B,45,23,47,18,unclassified,,land:4.1
B4524,B,45,24,48,18,unclassified,,land:4.1
B4525,B,45,25,49,18,unclassified,,land:4.1
B4526,B,45,26,50,18,unclassified,,land:4.1
B4527,B,45,27,51,18,unclassified,,land:4.1
B4528,B,45,28,52,18,unclassified,,land:4.1
B4529,B,45,29,53,18,unclassified,,land:4.1
B4530,B,45,30,54,18,unclassified,,land:4.1
B4531,B,45,31,55,18,unclassified,,land:4.1
B4532,B,45,32,56,18,unclassified,,land:4.1
B4533,B,45,33,57,18,unclassified,,land:4.1
B4601,B,46,1,26,17,unclassified,,land:4.1
B4602,B,46,2,27,17,unclassified,,land:4.1
B4603,B,46,3,28,17,unclassified,,land:4.1
B4604,B,46,4,29,17,unclassified,,land:4.1
B4605,B,46,5,30,17,unclassified,,land:4.1
B4606,B,46,6,31,17,unclassified,,land:4.1
B4607,B,46,7,32,17,unclassified,,land:4.1
B4608,B,46,8,33,17,unclassified,,land:4.1
B4609,B,46,9,34,17,unclassified,,land:4.1
B4610,B,46,10,35,17,unclassified,,land:4.1
B4611,B,46,11,36,17,unclassified,,land:4.1
B4612,B,46,12,37,17,unclassified,,land:4.1
B4613,B,46,13,38,17,unclassified,,land:4.1
B4614,B,46,14,39,17,unclassified,,land:4.1
B4615,B,46,15,40,17,unclassified,,land:4.1
B4616,B,46,16,41,17,unclassified,,land:4.1
B4617,B,46,17,42,17,unclassified,,land:4.1
B4618,B,46,18,43,17,unclassified,,land:4.1
B4619,B,46,19,44,17,unclassified,,land:4.1
B4620,B,46,20,45,17,unclassified,,land:4.1
B4621,B,46,21,46,17,unclassified,,land:4.1
B4622,B,46,22,47,17,unclassified,,land:4.1
B4623,B,46,23,48,17,unclassified,,land:4.1
B4624,B,46,24,49,17,unclassified,,land:4.1
B4625,B,46,25,50,17,unclassified,,land:4.1
B4626,B,46,26,51,17,unclassified,,land:4.1
B4627,B,46,27,52,17,unclassified,,land:4.1
B4628,B,46,28,53,17,unclassified,,land:4.1
B4629,B,46,29,54,17,unclassified,,land:4.1
B4630,B,46,30,55,17,unclassified,,land:4.1
B4631,B,46,31,56,17,unclassified,,land:4.1
B4632,B,46,32,57,17,unclassified,,land:4.1
B4633,B,46,33,58,17,unclassified,,land:4.1
B4701,B,47,1,26,16,unclassified,,land:4.1
B4702,B,47,2,27,16,unclassified,,land:4.1
B4703,B,47,3,28,16,unclassified,,land:4.1
B4704,B,47,4,29,16,unclassified,,land:4.1
B4705,B,47,5,30,16,unclassified,,land:4.1
B4706,B,47,6,31,16,unclassified,,land:4.1
B4707,B,47,7,32,16,unclassified,,land:4.1
B4708,B,47,8,33,16,unclassified,,land:4.1
B4709,B,47,9,34,16,unclassified,,land:4.1
B4710,B,47,10,35,16,unclassified,,land:4.1
B4711,B,47,11,36,16,unclassified,,land:4.1
B4712,B,47,12,37,16,unclassified,,land:4.1
B4713,B,47,13,38,16,unclassified,,land:4.1
B4714,B,47,14,39,16,unclassified,,land:4.1
B4715,B,47,15,40,16,unclassified,,land:4.1
B4716,B,47,16,41,16,unclassified,,land:4.1
B4717,B,47,17,42,16,unclassified,,land:4.1
B4718,B,47,18,43,16,unclassified,,land:4.1
B4719,B,47,19,44,16,unclassified,,land:4.1
B4720,B,47,20,45,16,unclassified,,land:4.1
B4721,B,47,21,46,16,unclassified,,land:4.1
B4722,B,47,22,47,16,unclassified,,land:4.1
B4723,B,47,23,48,16,unclassified,,land:4.1
B4724,B,47,24,49,16,unclassified,,land:4.1
B4725,B,47,25,50,16,unclassified,,land:4.1
B4726,B,47,26,51,16,unclassified,,land:4.1
B4727,B,47,27,52,16,unclassified,,land:4.1
B4728,B,47,28,53,16,unclassified,,land:4.1
B4729,B,47,29,54,16,unclassified,,land:4.1
B4730,B,47,30,55,16,unclassified,,land:4.1
B4731,B,47,31,56,16,unclassified,,land:4.1
B4732,B,47,32,57,16,unclassified,,land:4.1
B4733,B,47,33,58,16,unclassified,,land:4.1
B4801,B,48,1,27,15,unclassified,,land:4.1
B4802,B,48,2,28,15,unclassified,,land:4.1
B4803,B,48,3,29,15,unclassified,,land:4.1
B4804,B,48,4,30,15,unclassified,,land:4.1
B4805,B,48,5,31,15,unclassified,,land:4.1
B4806,B,48,6,32,15,unclassified,,land:4.1
B4807,B,48,7,33,15,unclassified,,land:4.1
B4808,B,48,8,34,15,unclassified,,land:4.1
B4809,B,48,9,35,15,unclassified,,land:4.1
B4810,B,48,10,36,15,unclassified,,land:4.1
B4811,B,48,11,37,15,unclassified,,land:4.1
B4812,B,48,12,38,15,unclassified,,land:4.1
B4813,B,48,13,39,15,unclassified,,land:4.1
B4814,B,48,14,40,15,unclassified,,land:4.1
B4815,B,48,15,41,15,unclassified,,land:4.1
B4816,B,48,16,42,15,unclassified,,land:4.1
B4817,B,48,17,43,15,unclassified,,land:4.1
B4818,B,48,18,44,15,unclassified,,land:4.1
B4819,B,48,19,45,15,unclassified,,land:4.1
B4820,B,48,20,46,15,unclassified,,land:4.1
B4821,B,48,21,47,15,unclassified,,land:4.1
B4822,B,48,22,48,15,unclassified,,land:4.1
B4823,B,48,23,49,15,unclassified,,land:4.1
B4824,B,48,24,50,15,unclassified,,land:4.1
B4825,B,48,25,51,15,unclassified,,land:4.1
B4826,B,48,26,52,15,unclassified,,land:4.1
B4827,B,48,27,53,15,unclassified,,land:4.1
B4828,B,48,28,54,15,unclassified,,land:4.1
B4829,B,48,29,55,15,unclassified,,land:4.1
B4830,B,48,30,56,15,unclassified,,land:4.1
B4831,B,48,31,57,15,unclassified,,land:4.1
B4832,B,48,32,58,15,unclassified,,land:4.1
B4833,B,48,33,59,15,unclassified,,land:4.1
B4901,B,49,1,27,14,unclassified,,land:4.1
B4902,B,49,2,28,14,unclassified,,land:4.1
B4903,B,49,3,29,14,unclassified,,land:4.1
B4904,B,49,4,30,14,unclassified,,land:4.1
B4905,B,49,5,31,14,unclassified,,land:4.1
B4906,B,49,6,32,14,unclassified,,land:4.1
B4907,B,49,7,33,14,unclassified,,land:4.1
B4908,B,49,8,34,14,unclassified,,land:4.1
B4909,B,49,9,35,14,unclassified,,land:4.1
B4910,B,49,10,36,14,unclassified,,land:4.1
B4911,B,49,11,37,14,unclassified,,land:4.1
B4912,B,49,12,38,14,unclassified,,land:4.1
B4913,B,49,13,39,14,unclassified,,land:4.1
B4914,B,49,14,40,14,unclassified,,land:4.1
B4915,B,49,15,41,14,unclassified,,land:4.1
B4916,B,49,16,42,14,unclassified,,land:4.1
B4917,B,49,17,43,14,unclassified,,land:4.1
B4918,B,49,18,44,14,unclassified,,land:4.1
B4919,B,49,19,45,14,unclassified,,land:4.1
B4920,B,49,20,46,14,unclassified,,land:4.1
B4921,B,49,21,47,14,unclassified,,land:4.1
B4922,B,49,22,48,14,unclassified,,land:4.1
B4923,B,49,23,49,14,unclassified,,land:4.1
B4924,B,49,24,50,14,unclassified,,land:4.1
B4925,B,49,25,51,14,unclassified,,land:4.1
B4926,B,49,26,52,14,unclassified,,land:4.1
B4927,B,49,27,53,14,unclassified,,land:4.1
B4928,B,49,28,54,14,unclassified,,land:4.1
B4929,B,49,29,55,14,unclassified,,land:4.1
B4930,B,49,30,56,14,unclassified,,land:4.1
B4931,B,49,31,57,14,unclassified,,land:4.1
B4932,B,49,32,58,14,unclassified,,land:4.1
B4933,B,49,33,59,14,unclassified,,land:4.1
B5001,B,50,1,28,13,unclassified,,land:4.1
B5002,B,50,2,29,13,unclassified,,land:4.1
B5003,B,50,3,30,13,unclassified,,land:4.1
B5004,B,50,4,31,13,unclassified,,land:4.1
B5005,B,50,5,32,13,unclassified,,land:4.1
B5006,B,50,6,33,13,unclassified,,land:4.1
B5007,B,50,7,34,13,unclassified,,land:4.1
B5008,B,50,8,35,13,unclassified,,land:4.1
B5009,B,50,9,36,13,unclassified,,land:4.1
B5010,B,50,10,37,13,unclassified,,land:4.1
B5011,B,50,11,38,13,unclassified,,land:4.1
B5012,B,50,12,39,13,unclassified,,land:4.1
B5013,B,50,13,40,13,unclassified,,land:4.1
B5014,B,50,14,41,13,unclassified,,land:4.1
B5015,B,50,15,42,13,unclassified,,land:4.1
B5016,B,50,16,43,13,unclassified,,land:4.1
B5017,B,50,17,44,13,unclassified,,land:4.1
B5018,B,50,18,45,13,unclassified,,land:4.1
B5019,B,50,19,46,13,unclassified,,land:4.1
B5020,B,50,20,47,13,unclassified,,land:4.1
B5021,B,50,21,48,13,unclassified,,land:4.1
B5022,B,50,22,49,13,unclassified,,land:4.1
B5023,B,50,23,50,13,unclassified,,land:4.1
B5024,B,50,24,51,13,unclassified,,land:4.1
B5025,B,50,25,52,13,unclassified,,land:4.1
B5026,B,50,26,53,13,unclassified,,land:4.1
B5027,B,50,27,54,13,unclassified,,land:4.1
B5028,B,50,28,55,13,unclassified,,land:4.1
B5029,B,50,29,56,13,unclassified,,land:4.1
B5030,B,50,30,57,13,unclassified,,land:4.1
B5031,B,50,31,58,13,unclassified,,land:4.1
B5032,B,50,32,59,13,unclassified,,land:4.1
B5033,B,50,33,60,13,unclassified,,land:4.1
B5101,B,51,1,28,12,unclassified,,land:4.1
B5102,B,51,2,29,12,unclassified,,land:4.1
B5103,B,51,3,30,12,unclassified,,land:4.1
B5104,B,51,4,31,12,unclassified,,land:4.1
B5105,B,51,5,32,12,unclassified,,land:4.1
B5106,B,51,6,33,12,unclassified,,land:4.1
B5107,B,51,7,34,12,unclassified,,land:4.1
B5108,B,51,8,35,12,unclassified,,land:4.1
B5109,B,51,9,36,12,unclassified,,land:4.1
B5110,B,51,10,37,12,unclassified,,land:4.1
B5111,B,51,11,38,12,unclassified,,land:4.1
B5112,B,51,12,39,12,unclassified,,land:4.1
B5113,B,51,13,40,12,unclassified,,land:4.1
B5114,B,51,14,41,12,unclassified,,land:4.1
B5115,B,51,15,42,12,unclassified,,land:4.1
B5116,B,51,16,43,12,unclassified,,land:4.1
B5117,B,51,17,44,12,unclassified,,land:4.1
B5118,B,51,18,45,12,unclassified,,land:4.1
B5119,B,51,19,46,12,unclassified,,land:4.1
B5120,B,51,20,47,12,unclassified,,land:4.1
B5121,B,51,21,48,12,unclassified,,land:4.1
B5122,B,51,22,49,12,unclassified,,land:4.1
B5123,B,51,23,50,12,unclassified,,land:4.1
B5124,B,51,24,51,12,unclassified,,land:4.1
B5125,B,51,25,52,12,unclassified,,land:4.1
B5126,B,51,26,53,12,unclassified,,land:4.1
B5127,B,51,27,54,12,unclassified,,land:4.1
B5128,B,51,28,55,12,unclassified,,land:4.1
B5129,B,51,29,56,12,unclassified,,land:4.1
B5130,B,51,30,57,12,unclassified,,land:4.1
B5131,B,51,31,58,12,unclassified,,land:4.1
B5132,B,51,32,59,12,unclassified,,land:4.1
B5133,B,51,33,60,12,unclassified,,land:4.1
B5201,B,52,1,29,11,unclassified,,land:4.1
B5202,B,52,2,30,11,unclassified,,land:4.1
B5203,B,52,3,31,11,unclassified,,land:4.1
B5204,B,52,4,32,11,unclassified,,land:4.1
B5205,B,52,5,33,11,unclassified,,land:4.1
B5206,B,52,6,34,11,unclassified,,land:4.1
B5207,B,52,7,35,11,unclassified,,land:4.1
B5208,B,52,8,36,11,unclassified,,land:4.1
B5209,B,52,9,37,11,unclassified,,land:4.1
B5210,B,52,10,38,11,unclassified,,land:4.1
B5211,B,52,11,39,11,unclassified,,land:4.1
B5212,B,52,12,40,11,unclassified,,land:4.1
B5213,B,52,13,41,11,unclassified,,land:4.1
B5214,B,52,14,42,11,unclassified,,land:4.1
B5215,B,52,15,43,11,unclassified,,land:4.1
B5216,B,52,16,44,11,unclassified,,land:4.1
B5217,B,52,17,45,11,unclassified,,land:4.1
B5218,B,52,18,46,11,unclassified,,land:4.1
B5219,B,52,19,47,11,unclassified,,land:4.1
B5220,B,52,20,48,11,unclassified,,land:4.1
B5221,B,52,21,49,11,unclassified,,land:4.1
B5222,B,52,22,50,11,unclassified,,land:4.1
B5223,B,52,23,51,11,unclassified,,land:4.1
B5224,B,52,24,52,11,unclassified,,land:4.1
B5225,B,52,25,53,11,unclassified,,land:4.1
B5226,B,52,26,54,11,unclassified,,land:4.1
B5227,B,52,27,55,11,unclassified,,land:4.1
B5228,B,52,28,56,11,unclassified,,land:4.1
B5229,B,52,29,57,11,unclassified,,land:4.1
B5230,B,52,30,58,11,unclassified,,land:4.1
B5231,B,52,31,59,11,unclassified,,land:4.1
B5232,B,52,32,60,11,unclassified,,land:4.1
B5301,B,53,1,29,10,unclassified,,land:4.1
B5302,B,53,2,30,10,unclassified,,land:4.1
B5303,B,53,3,31,10,unclassified,,land:4.1
B5304,B,53,4,32,10,unclassified,,land:4.1
B5305,B,53,5,33,10,unclassified,,land:4.1
B5306,B,53,6,34,10,unclassified,,land:4.1
B5307,B,53,7,35,10,unclassified,,land:4.1
B5308,B,53,8,36,10,unclassified,,land:4.1
B5309,B,53,9,37,10,unclassified,,land:4.1
B5310,B,53,10,38,10,unclassified,,land:4.1
B5311,B,53,11,39,10,unclassified,,land:4.1
B5312,B,53,12,40,10,unclassified,,land:4.1
B5313,B,53,13,41,10,unclassified,,land:4.1
B5314,B,53,14,42,10,unclassified,,land:4.1
B5315,B,53,15,43,10,unclassified,,land:4.1
B5316,B,53,16,44,10,unclassified,,land:4.1
B5317,B,53,17,45,10,unclassified,,land:4.1
B5318,B,53,18,46,10,unclassified,,land:4.1
B5319,B,53,19,47,10,unclassified,,land:4.1
B5320,B,53,20,48,10,unclassified,,land:4.1
B5321,B,53,21,49,10,unclassified,,land:4.1
B5322,B,53,22,50,10,unclassified,,land:4.1
B5323,B,53,23,51,10,unclassified,,land:4.1
B5324,B,53,24,52,10,unclassified,,land:4.1
B5325,B,53,25,53,10,unclassified,,land:4.1
B5326,B,53,26,54,10,unclassified,,land:4.1
B5327,B,53,27,55,10,unclassified,,land:4.1
B5328,B,53,28,56,10,unclassified,,land:4.1
B5329,B,53,29,57,10,unclassified,,land:4.1
B5330,B,53,30,58,10,unclassified,,land:4.1
B5331,B,53,31,59,10,unclassified,,land:4.1
B5332,B,53,32,60,10,unclassified,,land:4.1
B5401,B,54,1,30,9,unclassified,,land:4.1
B5402,B,54,2,31,9,unclassified,,land:4.1
B5403,B,54,3,32,9,unclassified,,land:4.1
B5404,B,54,4,33,9,unclassified,,land:4.1
B5405,B,54,5,34,9,unclassified,,land:4.1
B5406,B,54,6,35,9,unclassified,,land:4.1
B5407,B,54,7,36,9,unclassified,,land:4.1
B5408,B,54,8,37,9,unclassified,,land:4.1
B5409,B,54,9,38,9,unclassified,,land:4.1
B5410,B,54,10,39,9,unclassified,,land:4.1
B5411,B,54,11,40,9,unclassified,,land:4.1
B5412,B,54,12,41,9,unclassified,,land:4.1
B5413,B,54,13,42,9,unclassified,,land:4.1
B5414,B,54,14,43,9,unclassified,,land:4.1
B5415,B,54,15,44,9,unclassified,,land:4.1
B5416,B,54,16,45,9,unclassified,,land:4.1
B5417,B,54,17,46,9,unclassified,,land:4.1
B5418,B,54,18,47,9,unclassified,,land:4.1
B5419,B,54,19,48,9,unclassified,,land:4.1
B5420,B,54,20,49,9,unclassified,,land:4.1
B5421,B,54,21,50,9,unclassified,,land:4.1
B5422,B,54,22,51,9,unclassified,,land:4.1
B5423,B,54,23,52,9,unclassified,,land:4.1
B5424,B,54,24,53,9,unclassified,,land:4.1
B5425,B,54,25,54,9,unclassified,,land:4.1
B5426,B,54,26,55,9,unclassified,,land:4.1
B5427,B,54,27,56,9,unclassified,,land:4.1
B5428,B,54,28,57,9,unclassified,,land:4.1
B5429,B,54,29,58,9,unclassified,,land:4.1
B5430,B,54,30,59,9,unclassified,,land:4.1
B5431,B,54,31,60,9,unclassified,,land:4.1
B5501,B,55,1,30,8,unclassified,,land:4.1
B5502,B,55,2,31,8,unclassified,,land:4.1
B5503,B,55,3,32,8,unclassified,,land:4.1
B5504,B,55,4,33,8,unclassified,,land:4.1
B5505,B,55,5,34,8,unclassified,,land:4.1
B5506,B,55,6,35,8,unclassified,,land:4.1
B5507,B,55,7,36,8,unclassified,,land:4.1
B5508,B,55,8,37,8,unclassified,,land:4.1
B5509,B,55,9,38,8,unclassified,,land:4.1
B5510,B,55,10,39,8,unclassified,,land:4.1
B5511,B,55,11,40,8,unclassified,,land:4.1
B5512,B,55,12,41,8,unclassified,,land:4.1
B5513,B,55,13,42,8,unclassified,,land:4.1
B5514,B,55,14,43,8,unclassified,,land:4.1
B5515,B,55,15,44,8,unclassified,,land:4.1
B5516,B,55,16,45,8,unclassified,,land:4.1
B5517,B,55,17,46,8,unclassified,,land:4.1
B5518,B,55,18,47,8,unclassified,,land:4.1
B5519,B,55,19,48,8,unclassified,,land:4.1
B5520,B,55,20,49,8,unclassified,,land:4.1
B5521,B,55,21,50,8,unclassified,,land:4.1
B5522,B,55,22,51,8,unclassified,,land:4.1
B5523,B,55,23,52,8,unclassified,,land:4.1
B5524,B,55,24,53,8,unclassified,,land:4.1
B5525,B,55,25,54,8,unclassified,,land:4.1
B5526,B,55,26,55,8,unclassified,,land:4.1
B5527,B,55,27,56,8,unclassified,,land:4.1
B5528,B,55,28,57,8,unclassified,,land:4.1
B5529,B,55,29,58,8,unclassified,,land:4.1
B5530,B,55,30,59,8,unclassified,,land:4.1
B5531,B,55,31,60,8,unclassified,,land:4.1
B5601,B,56,1,31,7,unclassified,,land:4.1
B5602,B,56,2,32,7,unclassified,,land:4.1
B5603,B,56,3,33,7,unclassified,,land:4.1
B5604,B,56,4,34,7,unclassified,,land:4.1
B5605,B,56,5,35,7,unclassified,,land:4.1
B5606,B,56,6,36,7,unclassified,,land:4.1
B5607,B,56,7,37,7,unclassified,,land:4.1
B5608,B,56,8,38,7,unclassified,,land:4.1
B5609,B,56,9,39,7,unclassified,,land:4.1
B5610,B,56,10,40,7,unclassified,,land:4.1
B5611,B,56,11,41,7,unclassified,,land:4.1
B5612,B,56,12,42,7,unclassified,,land:4.1
B5613,B,56,13,43,7,unclassified,,land:4.1
B5614,B,56,14,44,7,unclassified,,land:4.1
B5615,B,56,15,45,7,unclassified,,land:4.1
B5616,B,56,16,46,7,unclassified,,land:4.1
B5617,B,56,17,47,7,unclassified,,land:4.1
B5618,B,56,18,48,7,unclassified,,land:4.1
B5619,B,56,19,49,7,unclassified,,land:4.1
B5620,B,56,20,50,7,unclassified,,land:4.1
B5621,B,56,21,51,7,unclassified,,land:4.1
B5622,B,56,22,52,7,unclassified,,land:4.1
B5623,B,56,23,53,7,unclassified,,land:4.1
B5624,B,56,24,54,7,unclassified,,land:4.1
B5625,B,56,25,55,7,unclassified,,land:4.1
B5626,B,56,26,56,7,unclassified,,land:4.1
B5627,B,56,27,57,7,unclassified,,land:4.1
B5628,B,56,28,58,7,unclassified,,land:4.1
B5629,B,56,29,59,7,unclassified,,land:4.1
B5630,B,56,30,60,7,unclassified,,land:4.1
B5631,B,56,31,61,7,unclassified,,land:4.1
B5701,B,57,1,31,6,unclassified,,land:4.1
B5702,B,57,2,32,6,unclassified,,land:4.1
B5703,B,57,3,33,6,unclassified,,land:4.1
B5704,B,57,4,34,6,unclassified,,land:4.1
B5705,B,57,5,35,6,unclassified,,land:4.1
B5706,B,57,6,36,6,unclassified,,land:4.1
B5707,B,57,7,37,6,unclassified,,land:4.1
B5708,B,57,8,38,6,unclassified,,land:4.1
B5709,B,57,9,39,6,unclassified,,land:4.1
B5710,B,57,10,40,6,unclassified,,land:4.1
B5711,B,57,11,41,6,unclassified,,land:4.1
B5712,B,57,12,42,6,unclassified,,land:4.1
B5713,B,57,13,43,6,unclassified,,land:4.1
B5714,B,57,14,44,6,unclassified,,land:4.1
B5715,B,57,15,45,6,unclassified,,land:4.1
B5716,B,57,16,46,6,unclassified,,land:4.1
B5717,B,57,17,47,6,unclassified,,land:4.1
B5718,B,57,18,48,6,unclassified,,land:4.1
B5719,B,57,19,49,6,unclassified,,land:4.1
B5720,B,57,20,50,6,unclassified,,land:4.1
B5721,B,57,21,51,6,unclassified,,land:4.1
B5722,B,57,22,52,6,unclassified,,land:4.1
B5723,B,57,23,53,6,unclassified,,land:4.1
B5724,B,57,24,54,6,unclassified,,land:4.1
B5725,B,57,25,55,6,unclassified,,land:4.1
B5726,B,57,26,56,6,unclassified,,land:4.1
B5727,B,57,27,57,6,unclassified,,land:4.1
B5728,B,57,28,58,6,unclassified,,land:4.1
B5729,B,57,29,59,6,unclassified,,land:4.1
B5730,B,57,30,60,6,unclassified,,land:4.1
B5731,B,57,31,61,6,unclassified,,land:4.1
B5802,B,58,2,33,5,unclassified,,land:4.1
B5803,B,58,3,34,5,unclassified,,land:4.1
B5804,B,58,4,35,5,unclassified,,land:4.1
B5805,B,58,5,36,5,unclassified,,land:4.1
B5806,B,58,6,37,5,unclassified,,land:4.1
B5807,B,58,7,38,5,unclassified,,land:4.1
B5808,B,58,8,39,5,unclassified,,land:4.1
B5809,B,58,9,40,5,unclassified,,land:4.1
B5810,B,58,10,41,5,unclassified,,land:4.1
B5811,B,58,11,42,5,unclassified,,land:4.1
B5812,B,58,12,43,5,unclassified,,land:4.1
B5813,B,58,13,44,5,unclassified,,land:4.1
B5814,B,58,14,45,5,unclassified,,land:4.1
B5815,B,58,15,46,5,unclassified,,land:4.1
B5816,B,58,16,47,5,unclassified,,land:4.1
B5817,B,58,17,48,5,unclassified,,land:4.1
B5818,B,58,18,49,5,unclassified,,land:4.1
B5819,B,58,19,50,5,unclassified,,land:4.1
B5820,B,58,20,51,5,unclassified,,land:4.1
B5821,B,58,21,52,5,unclassified,,land:4.1
B5822,B,58,22,53,5,unclassified,,land:4.1
B5823,B,58,23,54,5,unclassified,,land:4.1
B5824,B,58,24,55,5,unclassified,,land:4.1
B5825,B,58,25,56,5,unclassified,,land:4.1
B5826,B,58,26,57,5,unclassified,,land:4.1
B5827,B,58,27,58,5,unclassified,,land:4.1
B5828,B,58,28,59,5,unclassified,,land:4.1
B5829,B,58,29,60,5,unclassified,,land:4.1
B5830,B,58,30,61,5,unclassified,,land:4.1
B5904,B,59,4,35,4,unclassified,,land:4.1
B5905,B,59,5,36,4,unclassified,,land:4.1
B5906,B,59,6,37,4,unclassified,,land:4.1
B5907,B,59,7,38,4,unclassified,,land:4.1
B5908,B,59,8,39,4,unclassified,,land:4.1
B5909,B,59,9,40,4,unclassified,,land:4.1
B5910,B,59,10,41,4,unclassified,,land:4.1
B5911,B,59,11,42,4,unclassified,,land:4.1
B5912,B,59,12,43,4,unclassified,,land:4.1
B5913,B,59,13,44,4,unclassified,,land:4.1
B5914,B,59,14,45,4,unclassified,,land:4.1
B5915,B,59,15,46,4,unclassified,,land:4.1
B5916,B,59,16,47,4,unclassified,,land:4.1
B5917,B,59,17,48,4,unclassified,,land:4.1
B5918,B,59,18,49,4,unclassified,,land:4.1
B5919,B,59,19,50,4,unclassified,,land:4.1
B5920,B,59,20,51,4,unclassified,,land:4.1
B5921,B,59,21,52,4,unclassified,,land:4.1
B5922,B,59,22,53,4,unclassified,,land:4.1
B5923,B,59,23,54,4,unclassified,,land:4.1
B5924,B,59,24,55,4,unclassified,,land:4.1
B5925,B,59,25,56,4,unclassified,,land:4.1
B5926,B,59,26,57,4,unclassified,,land:4.1
B5927,B,59,27,58,4,unclassified,,land:4.1
B5928,B,59,28,59,4,unclassified,,land:4.1
B6005,B,60,5,37,3,unclassified,,land:4.1
B6006,B,60,6,38,3,unclassified,,land:4.1
B6007,B,60,7,39,3,unclassified,,land:4.1
B6008,B,60,8,40,3,unclassified,,land:4.1
B6009,B,60,9,41,3,unclassified,,land:4.1
B6010,B,60,10,42,3,unclassified,,land:4.1
B6011,B,60,11,43,3,unclassified,,land:4.1
B6012,B,60,12,44,3,unclassified,,land:4.1
B6013,B,60,13,45,3,unclassified,,land:4.1
B6014,B,60,14,46,3,unclassified,,land:4.1
B6015,B,60,15,47,3,unclassified,,land:4.1
B6016,B,60,16,48,3,unclassified,,land:4.1
B6017,B,60,17,49,3,unclassified,,land:4.1
B6018,B,60,18,50,3,unclassified,,land:4.1
B6019,B,60,19,51,3,unclassified,,land:4.1
B6020,B,60,20,52,3,unclassified,,land:4.1
B6021,B,60,21,53,3,unclassified,,land:4.1
B6022,B,60,22,54,3,unclassified,,land:4.1
B6023,B,60,23,55,3,unclassified,,land:4.1
B6024,B,60,24,56,3,unclassified,,land:4.1
B6025,B,60,25,57,3,unclassified,,land:4.1
B6111,B,61,11,43,2,unclassified,,land:4.1
B6112,B,61,12,44,2,unclassified,,land:4.1
B6113,B,61,13,45,2,unclassified,,land:4.1
B6114,B,61,14,46,2,unclassified,,land:4.1
B6115,B,61,15,47,2,unclassified,,land:4.1
B6116,B,61,16,48,2,unclassified,,land:4.1
B6117,B,61,17,49,2,unclassified,,land:4.1
B6118,B,61,18,50,2,unclassified,,land:4.1
B6119,B,61,19,51,2,unclassified,,land:4.1
B6120,B,61,20,52,2,unclassified,,land:4.1
B6121,B,61,21,53,2,unclassified,,land:4.1
B6122,B,61,22,54,2,unclassified,,land:4.1
B6123,B,61,23,55,2,unclassified,,land:4.1
C0101,C,1,1,36,62,unclassified,,land:4.1
C0102,C,1,2,37,62,unclassified,,land:4.1
C0103,C,1,3,38,62,unclassified,,land:4.1
C0104,C,1,4,39,62,unclassified,,land:4.1
C0105,C,1,5,40,62,unclassified,,land:4.1
C0106,C,1,6,41,62,unclassified,,land:4.1
C0107,C,1,7,42,62,unclassified,,land:4.1
C0108,C,1,8,43,62,unclassified,,land:4.1
C0109,C,1,9,44,62,unclassified,,land:4.1
C0110,C,1,10,45,62,unclassified,,land:4.1
C0111,C,1,11,46,62,unclassified,,land:4.1
C0112,C,1,12,47,62,unclassified,,land:4.1
C0113,C,1,13,48,62,unclassified,,land:4.1
C0114,C,1,14,49,62,unclassified,,land:4.1
C0115,C,1,15,50,62,unclassified,,land:4.1
C0116,C,1,16,51,62,unclassified,,land:4.1
C0117,C,1,17,52,62,unclassified,,land:4.1
C0118,C,1,18,53,62,unclassified,,land:4.1
C0119,C,1,19,54,62,unclassified,,land:4.1
C0120,C,1,20,55,62,unclassified,,land:4.1
C0121,C,1,21,56,62,unclassified,,land:4.1
C0122,C,1,22,57,62,unclassified,,land:4.1
C0123,C,1,23,58,62,unclassified,,land:4.1
C0124,C,1,24,59,62,unclassified,,land:4.1
C0125,C,1,25,60,62,unclassified,,land:4.1
C0126,C,1,26,61,62,unclassified,,land:4.1
C0127,C,1,27,62,62,unclassified,,land:4.1
C0128,C,1,28,63,62,unclassified,,land:4.1
C0129,C,1,29,64,62,unclassified,,land:4.1
C0130,C,1,30,65,62,unclassified,,land:4.1
C0131,C,1,31,66,62,unclassified,,land:4.1
C0132,C,1,32,67,62,unclassified,,land:4.1
C0133,C,1,33,68,62,unclassified,,land:4.1
C0201,C,2,1,37,61,unclassified,,land:4.1
C0202,C,2,2,38,61,unclassified,,land:4.1
C0203,C,2,3,39,61,unclassified,,land:4.1
C0204,C,2,4,40,61,unclassified,,land:4.1
C0205,C,2,5,41,61,unclassified,,land:4.1
C0206,C,2,6,42,61,unclassified,,land:4.1
C0207,C,2,7,43,61,unclassified,,land:4.1
C0208,C,2,8,44,61,unclassified,,land:4.1
C0209,C,2,9,45,61,unclassified,,land:4.1
C0210,C,2,10,46,61,unclassified,,land:4.1
C0211,C,2,11,47,61,unclassified,,land:4.1
C0212,C,2,12,48,61,unclassified,,land:4.1
C0213,C,2,13,49,61,unclassified,,land:4.1
C0214,C,2,14,50,61,unclassified,,land:4.1
C0215,C,2,15,51,61,unclassified,,land:4.1
C0216,C,2,16,52,61,unclassified,,land:4.1
C0217,C,2,17,53,61,unclassified,,land:4.1
C0218,C,2,18,54,61,unclassified,,land:4.1
C0219,C,2,19,55,61,unclassified,,land:4.1
C0220,C,2,20,56,61,unclassified,,land:4.1
C0221,C,2,21,57,61,unclassified,,land:4.1
C0222,C,2,22,58,61,unclassified,,land:4.1
C0223,C,2,23,59,61,unclassified,,land:4.1
C0224,C,2,24,60,61,unclassified,,land:4.1
C0225,C,2,25,61,61,unclassified,,land:4.1
C0226,C,2,26,62,61,unclassified,,land:4.1
C0227,C,2,27,63,61,unclassified,,land:4.1
C0228,C,2,28,64,61,unclassified,,land:4.1
C0229,C,2,29,65,61,unclassified,,land:4.1
C0230,C,2,30,66,61,unclassified,,land:4.1
C0231,C,2,31,67,61,unclassified,,land:4.1
C0232,C,2,32,68,61,unclassified,,land:4.1
C0233,C,2,33,69,61,unclassified,,land:4.1
C0301,C,3,1,37,60,unclassified,,land:4.1
C0302,C,3,2,38,60,unclassified,,land:4.1
C0303,C,3,3,39,60,unclassified,,land:4.1
C0304,C,3,4,40,60,unclassified,,land:4.1
C0305,C,3,5,41,60,unclassified,,land:4.1
C0306,C,3,6,42,60,unclassified,,land:4.1
C0307,C,3,7,43,60,unclassified,,land:4.1
C0308,C,3,8,44,60,unclassified,,land:4.1
C0309,C,3,9,45,60,unclassified,,land:4.1
C0310,C,3,10,46,60,unclassified,,land:4.1
C0311,C,3,11,47,60,unclassified,,land:4.1
C0312,C,3,12,48,60,unclassified,,land:4.1
C0313,C,3,13,49,60,unclassified,,land:4.1
C0314,C,3,14,50,60,unclassified,,land:4.1
C0315,C,3,15,51,60,unclassified,,land:4.1
C0316,C,3,16,52,60,unclassified,,land:4.1
C0317,C,3,17,53,60,unclassified,,land:4.1
C0318,C,3,18,54,60,unclassified,,land:4.1
C0319,C,3,19,55,60,unclassified,,land:4.1
C0320,C,3,20,56,60,unclassified,,land:4.1
C0321,C,3,21,57,60,unclassified,,land:4.1
C0322,C,3,22,58,60,unclassified,,land:4.1
C0323,C,3,23,59,60,unclassified,,land:4.1
C0324,C,3,24,60,60,unclassified,,land:4.1
C0325,C,3,25,61,60,unclassified,,land:4.1
C0326,C,3,26,62,60,unclassified,,land:4.1
C0327,C,3,27,63,60,unclassified,,land:4.1
C0328,C,3,28,64,60,unclassified,,land:4.1
C0329,C,3,29,65,60,unclassified,,land:4.1
C0330,C,3,30,66,60,unclassified,,land:4.1
C0331,C,3,31,67,60,unclassified,,land:4.1
C0332,C,3,32,68,60,unclassified,,land:4.1
C0333,C,3,33,69,60,unclassified,,land:4.1
C0401,C,4,1,38,59,unclassified,,land:4.1
C0402,C,4,2,39,59,unclassified,,land:4.1
C0403,C,4,3,40,59,unclassified,,land:4.1
C0404,C,4,4,41,59,unclassified,,land:4.1
C0405,C,4,5,42,59,unclassified,,land:4.1
C0406,C,4,6,43,59,unclassified,,land:4.1
C0407,C,4,7,44,59,unclassified,,land:4.1
C0408,C,4,8,45,59,unclassified,,land:4.1
C0409,C,4,9,46,59,unclassified,,land:4.1
C0410,C,4,10,47,59,unclassified,,land:4.1
C0411,C,4,11,48,59,unclassified,,land:4.1
C0412,C,4,12,49,59,unclassified,,land:4.1
C0413,C,4,13,50,59,unclassified,,land:4.1
C0414,C,4,14,51,59,unclassified,,land:4.1
C0415,C,4,15,52,59,unclassified,,land:4.1
C0416,C,4,16,53,59,unclassified,,land:4.1
C0417,C,4,17,54,59,unclassified,,land:4.1
C0418,C,4,18,55,59,unclassified,,land:4.1
C0419,C,4,19,56,59,unclassified,,land:4.1
C0420,C,4,20,57,59,unclassified,,land:4.1
C0421,C,4,21,58,59,unclassified,,land:4.1
C0422,C,4,22,59,59,unclassified,,land:4.1
C0423,C,4,23,60,59,unclassified,,land:4.1
C0424,C,4,24,61,59,unclassified,,land:4.1
C0425,C,4,25,62,59,unclassified,,land:4.1
C0426,C,4,26,63,59,unclassified,,land:4.1
C0427,C,4,27,64,59,unclassified,,land:4.1
C0428,C,4,28,65,59,unclassified,,land:4.1
C0429,C,4,29,66,59,unclassified,,land:4.1
C0430,C,4,30,67,59,unclassified,,land:4.1
C0431,C,4,31,68,59,unclassified,,land:4.1
C0432,C,4,32,69,59,unclassified,,land:4.1
C0433,C,4,33,70,59,unclassified,,land:4.1
C0501,C,5,1,38,58,unclassified,,land:4.1
C0502,C,5,2,39,58,unclassified,,land:4.1
C0503,C,5,3,40,58,unclassified,,land:4.1
C0504,C,5,4,41,58,unclassified,,land:4.1
C0505,C,5,5,42,58,unclassified,,land:4.1
C0506,C,5,6,43,58,unclassified,,land:4.1
C0507,C,5,7,44,58,unclassified,,land:4.1
C0508,C,5,8,45,58,unclassified,,land:4.1
C0509,C,5,9,46,58,unclassified,,land:4.1
C0510,C,5,10,47,58,unclassified,,land:4.1
C0511,C,5,11,48,58,unclassified,,land:4.1
C0512,C,5,12,49,58,unclassified,,land:4.1
C0513,C,5,13,50,58,unclassified,,land:4.1
C0514,C,5,14,51,58,unclassified,,land:4.1
C0515,C,5,15,52,58,unclassified,,land:4.1
C0516,C,5,16,53,58,unclassified,,land:4.1
C0517,C,5,17,54,58,unclassified,,land:4.1
C0518,C,5,18,55,58,unclassified,,land:4.1
C0519,C,5,19,56,58,unclassified,,land:4.1
C0520,C,5,20,57,58,unclassified,,land:4.1
C0521,C,5,21,58,58,unclassified,,land:4.1
C0522,C,5,22,59,58,unclassified,,land:4.1
C0523,C,5,23,60,58,unclassified,,land:4.1
C0524,C,5,24,61,58,unclassified,,land:4.1
C0525,C,5,25,62,58,unclassified,,land:4.1
C0526,C,5,26,63,58,unclassified,,land:4.1
C0527,C,5,27,64,58,unclassified,,land:4.1
C0528,C,5,28,65,58,unclassified,,land:4.1
C0529,C,5,29,66,58,unclassified,,land:4.1
C0530,C,5,30,67,58,unclassified,,land:4.1
C0531,C,5,31,68,58,unclassified,,land:4.1
C0532,C,5,32,69,58,unclassified,,land:4.1
C0533,C,5,33,70,58,unclassified,,land:4.1
C0601,C,6,1,39,57,unclassified,,land:4.1
C0602,C,6,2,40,57,unclassified,,land:4.1
C0603,C,6,3,41,57,unclassified,,land:4.1
C0604,C,6,4,42,57,unclassified,,land:4.1
C0605,C,6,5,43,57,unclassified,,land:4.1
C0606,C,6,6,44,57,unclassified,,land:4.1
C0607,C,6,7,45,57,unclassified,,land:4.1
C0608,C,6,8,46,57,unclassified,,land:4.1
C0609,C,6,9,47,57,unclassified,,land:4.1
C0610,C,6,10,48,57,unclassified,,land:4.1
C0611,C,6,11,49,57,unclassified,,land:4.1
C0612,C,6,12,50,57,unclassified,,land:4.1
C0613,C,6,13,51,57,unclassified,,land:4.1
C0614,C,6,14,52,57,unclassified,,land:4.1
C0615,C,6,15,53,57,unclassified,,land:4.1
C0616,C,6,16,54,57,unclassified,,land:4.1
C0617,C,6,17,55,57,unclassified,,land:4.1
C0618,C,6,18,56,57,unclassified,,land:4.1
C0619,C,6,19,57,57,unclassified,,land:4.1
C0620,C,6,20,58,57,unclassified,,land:4.1
C0621,C,6,21,59,57,unclassified,,land:4.1
C0622,C,6,22,60,57,unclassified,,land:4.1
C0623,C,6,23,61,57,unclassified,,land:4.1
C0624,C,6,24,62,57,unclassified,,land:4.1
C0625,C,6,25,63,57,unclassified,,land:4.1
C0626,C,6,26,64,57,unclassified,,land:4.1
C0627,C,6,27,65,57,unclassified,,land:4.1
C0628,C,6,28,66,57,unclassified,,land:4.1
C0629,C,6,29,67,57,unclassified,,land:4.1
C0630,C,6,30,68,57,unclassified,,land:4.1
C0631,C,6,31,69,57,unclassified,,land:4.1
C0632,C,6,32,70,57,unclassified,,land:4.1
C0633,C,6,33,71,57,unclassified,,land:4.1
C0701,C,7,1,39,56,unclassified,,land:4.1
C0702,C,7,2,40,56,unclassified,,land:4.1
C0703,C,7,3,41,56,unclassified,,land:4.1
C0704,C,7,4,42,56,unclassified,,land:4.1
C0705,C,7,5,43,56,unclassified,,land:4.1
C0706,C,7,6,44,56,unclassified,,land:4.1
C0707,C,7,7,45,56,unclassified,,land:4.1
C0708,C,7,8,46,56,unclassified,,land:4.1
C0709,C,7,9,47,56,unclassified,,land:4.1
C0710,C,7,10,48,56,unclassified,,land:4.1
C0711,C,7,11,49,56,unclassified,,land:4.1
C0712,C,7,12,50,56,unclassified,,land:4.1
C0713,C,7,13,51,56,unclassified,,land:4.1
C0714,C,7,14,52,56,unclassified,,land:4.1
C0715,C,7,15,53,56,unclassified,,land:4.1
C0716,C,7,16,54,56,unclassified,,land:4.1
C0717,C,7,17,55,56,unclassified,,land:4.1
C0718,C,7,18,56,56,unclassified,,land:4.1
C0719,C,7,19,57,56,unclassified,,land:4.1
C0720,C,7,20,58,56,unclassified,,land:4.1
C0721,C,7,21,59,56,unclassified,,land:4.1
C0722,C,7,22,60,56,unclassified,,land:4.1
C0723,C,7,23,61,56,unclassified,,land:4.1
C0724,C,7,24,62,56,unclassified,,land:4.1
C0725,C,7,25,63,56,unclassified,,land:4.1
C0726,C,7,26,64,56,unclassified,,land:4.1
C0727,C,7,27,65,56,unclassified,,land:4.1
C0728,C,7,28,66,56,unclassified,,land:4.1
C0729,C,7,29,67,56,unclassified,,land:4.1
C0730,C,7,30,68,56,unclassified,,land:4.1
C0731,C,7,31,69,56,unclassified,,land:4.1
C0732,C,7,32,70,56,unclassified,,land:4.1
C0733,C,7,33,71,56,unclassified,,land:4.1
C0801,C,8,1,40,55,unclassified,,land:4.1
C0802,C,8,2,41,55,unclassified,,land:4.1
C0803,C,8,3,42,55,unclassified,,land:4.1
C0804,C,8,4,43,55,unclassified,,land:4.1
C0805,C,8,5,44,55,unclassified,,land:4.1
C0806,C,8,6,45,55,unclassified,,land:4.1
C0807,C,8,7,46,55,unclassified,,land:4.1
C0808,C,8,8,47,55,unclassified,,land:4.1
C0809,C,8,9,48,55,unclassified,,land:4.1
C0810,C,8,10,49,55,unclassified,,land:4.1
C0811,C,8,11,50,55,unclassified,,land:4.1
C0812,C,8,12,51,55,unclassified,,land:4.1
C0813,C,8,13,52,55,unclassified,,land:4.1
C0814,C,8,14,53,55,unclassified,,land:4.1
C0815,C,8,15,54,55,unclassified,,land:4.1
C0816,C,8,16,55,55,unclassified,,land:4.1
C0817,C,8,17,56,55,unclassified,,land:4.1
C0818,C,8,18,57,55,unclassified,,land:4.1
C0819,C,8,19,58,55,unclassified,,land:4.1
C0820,C,8,20,59,55,unclassified,,land:4.1
C0821,C,8,21,60,55,unclassified,,land:4.1
C0822,C,8,22,61,55,unclassified,,land:4.1
C0823,C,8,23,62,55,unclassified,,land:4.1
C0824,C,8,24,63,55,unclassified,,land:4.1
C0825,C,8,25,64,55,unclassified,,land:4.1
C0826,C,8,26,65,55,unclassified,,land:4.1
C0827,C,8,27,66,55,unclassified,,land:4.1
C0828,C,8,28,67,55,unclassified,,land:4.1
C0829,C,8,29,68,55,unclassified,,land:4.1
C0830,C,8,30,69,55,unclassified,,land:4.1
C0831,C,8,31,70,55,unclassified,,land:4.1
C0832,C,8,32,71,55,unclassified,,land:4.1
C0833,C,8,33,72,55,unclassified,,land:4.1
C0901,C,9,1,40,54,unclassified,,land:4.1
C0902,C,9,2,41,54,unclassified,,land:4.1
C0903,C,9,3,42,54,unclassified,,land:4.1
C0904,C,9,4,43,54,unclassified,,land:4.1
C0905,C,9,5,44,54,unclassified,,land:4.1
C0906,C,9,6,45,54,unclassified,,land:4.1
C0907,C,9,7,46,54,unclassified,,land:4.1
C0908,C,9,8,47,54,unclassified,,land:4.1
C0909,C,9,9,48,54,unclassified,,land:4.1
C0910,C,9,10,49,54,unclassified,,land:4.1
C0911,C,9,11,50,54,unclassified,,land:4.1
C0912,C,9,12,51,54,unclassified,,land:4.1
C0913,C,9,13,52,54,unclassified,,land:4.1
C0914,C,9,14,53,54,unclassified,,land:4.1
C0915,C,9,15,54,54,unclassified,,land:4.1
C0916,C,9,16,55,54,unclassified,,land:4.1
C0917,C,9,17,56,54,unclassified,,land:4.1
C0918,C,9,18,57,54,unclassified,,land:4.1
C0919,C,9,19,58,54,unclassified,,land:4.1
C0920,C,9,20,59,54,unclassified,,land:4.1
C0921,C,9,21,60,54,unclassified,,land:4.1
C0922,C,9,22,61,54,unclassified,,land:4.1
C0923,C,9,23,62,54,unclassified,,land:4.1
C0924,C,9,24,63,54,unclassified,,land:4.1
C0925,C,9,25,64,54,unclassified,,land:4.1
C0926,C,9,26,65,54,unclassified,,land:4.1
C0927,C,9,27,66,54,unclassified,,land:4.1
C0928,C,9,28,67,54,unclassified,,land:4.1
C0929,C,9,29,68,54,unclassified,,land:4.1
C0930,C,9,30,69,54,unclassified,,land:4.1
C0931,C,9,31,70,54,unclassified,,land:4.1
C0932,C,9,32,71,54,unclassified,,land:4.1
C0933,C,9,33,72,54,unclassified,,land:4.1
C1001,C,10,1,41,53,unclassified,,land:4.1
C1002,C,10,2,42,53,unclassified,,land:4.1
C1003,C,10,3,43,53,unclassified,,land:4.1
C1004,C,10,4,44,53,unclassified,,land:4.1
C1005,C,10,5,45,53,unclassified,,land:4.1
C1006,C,10,6,46,53,unclassified,,land:4.1
C1007,C,10,7,47,53,unclassified,,land:4.1
C1008,C,10,8,48,53,unclassified,,land:4.1
C1009,C,10,9,49,53,unclassified,,land:4.1
C1010,C,10,10,50,53,unclassified,,land:4.1
C1011,C,10,11,51,53,unclassified,,land:4.1
C1012,C,10,12,52,53,unclassified,,land:4.1
C1013,C,10,13,53,53,unclassified,,land:4.1
C1014,C,10,14,54,53,unclassified,,land:4.1
C1015,C,10,15,55,53,unclassified,,land:4.1
C1016,C,10,16,56,53,unclassified,,land:4.1
C1017,C,10,17,57,53,unclassified,,land:4.1
C1018,C,10,18,58,53,unclassified,,land:4.1
C1019,C,10,19,59,53,unclassified,,land:4.1
C1020,C,10,20,60,53,unclassified,,land:4.1
C1021,C,10,21,61,53,unclassified,,land:4.1
C1022,C,10,22,62,53,unclassified,,land:4.1
C1023,C,10,23,63,53,unclassified,,land:4.1
C1024,C,10,24,64,53,unclassified,,land:4.1
C1025,C,10,25,65,53,unclassified,,land:4.1
C1026,C,10,26,66,53,unclassified,,land:4.1
C1027,C,10,27,67,53,unclassified,,land:4.1
C1028,C,10,28,68,53,unclassified,,land:4.1
C1029,C,10,29,69,53,unclassified,,land:4.1
C1030,C,10,30,70,53,unclassified,,land:4.1
C1031,C,10,31,71,53,unclassified,,land:4.1
C1032,C,10,32,72,53,unclassified,,land:4.1
C1033,C,10,33,73,53,unclassified,,land:4.1
C1101,C,11,1,41,52,unclassified,,land:4.1
C1102,C,11,2,42,52,unclassified,,land:4.1
C1103,C,11,3,43,52,unclassified,,land:4.1
C1104,C,11,4,44,52,unclassified,,land:4.1
C1105,C,11,5,45,52,unclassified,,land:4.1
C1106,C,11,6,46,52,unclassified,,land:4.1
C1107,C,11,7,47,52,unclassified,,land:4.1
C1108,C,11,8,48,52,unclassified,,land:4.1
C1109,C,11,9,49,52,unclassified,,land:4.1
C1110,C,11,10,50,52,unclassified,,land:4.1
C1111,C,11,11,51,52,unclassified,,land:4.1
C1112,C,11,12,52,52,unclassified,,land:4.1
C1113,C,11,13,53,52,unclassified,,land:4.1
C1114,C,11,14,54,52,unclassified,,land:4.1
C1115,C,11,15,55,52,unclassified,,land:4.1
C1116,C,11,16,56,52,unclassified,,land:4.1
C1117,C,11,17,57,52,unclassified,,land:4.1
C1118,C,11,18,58,52,unclassified,,land:4.1
C1119,C,11,19,59,52,unclassified,,land:4.1
C1120,C,11,20,60,52,unclassified,,land:4.1
C1121,C,11,21,61,52,unclassified,,land:4.1
C1122,C,11,22,62,52,unclassified,,land:4.1
C1123,C,11,23,63,52,unclassified,,land:4.1
C1124,C,11,24,64,52,unclassified,,land:4.1
C1125,C,11,25,65,52,unclassified,,land:4.1
C1126,C,11,26,66,52,unclassified,,land:4.1
C1127,C,11,27,67,52,unclassified,,land:4.1
C1128,C,11,28,68,52,unclassified,,land:4.1
C1129,C,11,29,69,52,unclassified,,land:4.1
C1130,C,11,30,70,52,unclassified,,land:4.1
C1131,C,11,31,71,52,unclassified,,land:4.1
C1132,C,11,32,72,52,unclassified,,land:4.1
C1133,C,11,33,73,52,unclassified,,land:4.1
C1201,C,12,1,42,51,unclassified,,land:4.1
C1202,C,12,2,43,51,unclassified,,land:4.1
C1203,C,12,3,44,51,unclassified,,land:4.1
C1204,C,12,4,45,51,unclassified,,land:4.1
C1205,C,12,5,46,51,unclassified,,land:4.1
C1206,C,12,6,47,51,unclassified,,land:4.1
C1207,C,12,7,48,51,unclassified,,land:4.1
C1208,C,12,8,49,51,unclassified,,land:4.1
C1209,C,12,9,50,51,unclassified,,land:4.1
C1210,C,12,10,51,51,unclassified,,land:4.1
C1211,C,12,11,52,51,unclassified,,land:4.1
C1212,C,12,12,53,51,unclassified,,land:4.1
C1213,C,12,13,54,51,unclassified,,land:4.1
C1214,C,12,14,55,51,unclassified,,land:4.1
C1215,C,12,15,56,51,unclassified,,land:4.1
C1216,C,12,16,57,51,unclassified,,land:4.1
C1217,C,12,17,58,51,unclassified,,land:4.1
C1218,C,12,18,59,51,unclassified,,land:4.1
C1219,C,12,19,60,51,unclassified,,land:4.1
C1220,C,12,20,61,51,unclassified,,land:4.1
C1221,C,12,21,62,51,unclassified,,land:4.1
C1222,C,12,22,63,51,unclassified,,land:4.1
C1223,C,12,23,64,51,unclassified,,land:4.1
C1224,C,12,24,65,51,unclassified,,land:4.1
C1225,C,12,25,66,51,unclassified,,land:4.1
C1226,C,12,26,67,51,unclassified,,land:4.1
C1227,C,12,27,68,51,unclassified,,land:4.1
C1228,C,12,28,69,51,unclassified,,land:4.1
C1229,C,12,29,70,51,unclassified,,land:4.1
C1230,C,12,30,71,51,unclassified,,land:4.1
C1231,C,12,31,72,51,unclassified,,land:4.1
C1232,C,12,32,73,51,unclassified,,land:4.1
C1233,C,12,33,74,51,unclassified,,land:4.1
C1301,C,13,1,42,50,unclassified,,land:4.1
C1302,C,13,2,43,50,unclassified,,land:4.1
C1303,C,13,3,44,50,unclassified,,land:4.1
C1304,C,13,4,45,50,unclassified,,land:4.1
C1305,C,13,5,46,50,unclassified,,land:4.1
C1306,C,13,6,47,50,unclassified,,land:4.1
C1307,C,13,7,48,50,unclassified,,land:4.1
C1308,C,13,8,49,50,unclassified,,land:4.1
C1309,C,13,9,50,50,unclassified,,land:4.1
C1310,C,13,10,51,50,unclassified,,land:4.1
C1311,C,13,11,52,50,unclassified,,land:4.1
C1312,C,13,12,53,50,unclassified,,land:4.1
C1313,C,13,13,54,50,unclassified,,land:4.1
C1314,C,13,14,55,50,unclassified,,land:4.1
C1315,C,13,15,56,50,unclassified,,land:4.1
C1316,C,13,16,57,50,unclassified,,land:4.1
C1317,C,13,17,58,50,unclassified,,land:4.1
C1318,C,13,18,59,50,unclassified,,land:4.1
C1319,C,13,19,60,50,unclassified,,land:4.1
C1320,C,13,20,61,50,unclassified,,land:4.1
C1321,C,13,21,62,50,unclassified,,land:4.1
C1322,C,13,22,63,50,unclassified,,land:4.1
C1323,C,13,23,64,50,unclassified,,land:4.1
C1324,C,13,24,65,50,unclassified,,land:4.1
C1325,C,13,25,66,50,unclassified,,land:4.1
C1326,C,13,26,67,50,unclassified,,land:4.1
C1327,C,13,27,68,50,unclassified,,land:4.1
C1328,C,13,28,69,50,unclassified,,land:4.1
C1329,C,13,29,70,50,unclassified,,land:4.1
C1330,C,13,30,71,50,unclassified,,land:4.1
C1331,C,13,31,72,50,unclassified,,land:4.1
C1332,C,13,32,73,50,unclassified,,land:4.1
C1333,C,13,33,74,50,unclassified,,land:4.1
C1401,C,14,1,43,49,unclassified,,land:4.1
C1402,C,14,2,44,49,unclassified,,land:4.1
C1403,C,14,3,45,49,unclassified,,land:4.1
C1404,C,14,4,46,49,unclassified,,land:4.1
C1405,C,14,5,47,49,unclassified,,land:4.1
C1406,C,14,6,48,49,unclassified,,land:4.1
C1407,C,14,7,49,49,unclassified,,land:4.1
C1408,C,14,8,50,49,unclassified,,land:4.1
C1409,C,14,9,51,49,unclassified,,land:4.1
C1410,C,14,10,52,49,unclassified,,land:4.1
C1411,C,14,11,53,49,unclassified,,land:4.1
C1412,C,14,12,54,49,unclassified,,land:4.1
C1413,C,14,13,55,49,unclassified,,land:4.1
C1414,C,14,14,56,49,unclassified,,land:4.1
C1415,C,14,15,57,49,unclassified,,land:4.1
C1416,C,14,16,58,49,unclassified,,land:4.1
C1417,C,14,17,59,49,unclassified,,land:4.1
C1418,C,14,18,60,49,unclassified,,land:4.1
C1419,C,14,19,61,49,unclassified,,land:4.1
C1420,C,14,20,62,49,unclassified,,land:4.1
C1421,C,14,21,63,49,unclassified,,land:4.1
C1422,C,14,22,64,49,unclassified,,land:4.1
C1423,C,14,23,65,49,unclassified,,land:4.1
C1424,C,14,24,66,49,unclassified,,land:4.1
C1425,C,14,25,67,49,unclassified,,land:4.1
C1426,C,14,26,68,49,unclassified,,land:4.1
C1427,C,14,27,69,49,unclassified,,land:4.1
C1428,C,14,28,70,49,unclassified,,land:4.1
C1429,C,14,29,71,49,unclassified,,land:4.1
C1430,C,14,30,72,49,unclassified,,land:4.1
C1431,C,14,31,73,49,unclassified,,land:4.1
C1432,C,14,32,74,49,unclassified,,land:4.1
C1433,C,14,33,75,49,unclassified,,land:4.1
C1501,C,15,1,43,48,unclassified,,land:4.1
C1502,C,15,2,44,48,unclassified,,land:4.1
C1503,C,15,3,45,48,unclassified,,land:4.1
C1504,C,15,4,46,48,unclassified,,land:4.1
C1505,C,15,5,47,48,unclassified,,land:4.1
C1506,C,15,6,48,48,unclassified,,land:4.1
C1507,C,15,7,49,48,unclassified,,land:4.1
C1508,C,15,8,50,48,unclassified,,land:4.1
C1509,C,15,9,51,48,unclassified,,land:4.1
C1510,C,15,10,52,48,unclassified,,land:4.1
C1511,C,15,11,53,48,unclassified,,land:4.1
C1512,C,15,12,54,48,unclassified,,land:4.1
C1513,C,15,13,55,48,unclassified,,land:4.1
C1514,C,15,14,56,48,unclassified,,land:4.1
C1515,C,15,15,57,48,unclassified,,land:4.1
C1516,C,15,16,58,48,unclassified,,land:4.1
C1517,C,15,17,59,48,unclassified,,land:4.1
C1518,C,15,18,60,48,unclassified,,land:4.1
C1519,C,15,19,61,48,unclassified,,land:4.1
C1520,C,15,20,62,48,unclassified,,land:4.1
C1521,C,15,21,63,48,unclassified,,land:4.1
C1522,C,15,22,64,48,unclassified,,land:4.1
C1523,C,15,23,65,48,unclassified,,land:4.1
C1524,C,15,24,66,48,unclassified,,land:4.1
C1525,C,15,25,67,48,unclassified,,land:4.1
C1526,C,15,26,68,48,unclassified,,land:4.1
C1527,C,15,27,69,48,unclassified,,land:4.1
C1528,C,15,28,70,48,unclassified,,land:4.1
C1529,C,15,29,71,48,unclassified,,land:4.1
C1530,C,15,30,72,48,unclassified,,land:4.1
C1531,C,15,31,73,48,unclassified,,land:4.1
C1532,C,15,32,74,48,unclassified,,land:4.1
C1533,C,15,33,75,48,unclassified,,land:4.1
C1601,C,16,1,44,47,unclassified,,land:4.1
C1602,C,16,2,45,47,unclassified,,land:4.1
C1603,C,16,3,46,47,unclassified,,land:4.1
C1604,C,16,4,47,47,unclassified,,land:4.1
C1605,C,16,5,48,47,unclassified,,land:4.1
C1606,C,16,6,49,47,unclassified,,land:4.1
C1607,C,16,7,50,47,unclassified,,land:4.1
C1608,C,16,8,51,47,unclassified,,land:4.1
C1609,C,16,9,52,47,unclassified,,land:4.1
C1610,C,16,10,53,47,unclassified,,land:4.1
C1611,C,16,11,54,47,unclassified,,land:4.1
C1612,C,16,12,55,47,unclassified,,land:4.1
C1613,C,16,13,56,47,unclassified,,land:4.1
C1614,C,16,14,57,47,unclassified,,land:4.1
C1615,C,16,15,58,47,unclassified,,land:4.1
C1616,C,16,16,59,47,unclassified,,land:4.1
C1617,C,16,17,60,47,unclassified,,land:4.1
C1618,C,16,18,61,47,unclassified,,land:4.1
C1619,C,16,19,62,47,unclassified,,land:4.1
C1620,C,16,20,63,47,unclassified,,land:4.1
C1621,C,16,21,64,47,unclassified,,land:4.1
C1622,C,16,22,65,47,unclassified,,land:4.1
C1623,C,16,23,66,47,unclassified,,land:4.1
C1624,C,16,24,67,47,unclassified,,land:4.1
C1625,C,16,25,68,47,unclassified,,land:4.1
C1626,C,16,26,69,47,unclassified,,land:4.1
C1627,C,16,27,70,47,unclassified,,land:4.1
C1628,C,16,28,71,47,unclassified,,land:4.1
C1629,C,16,29,72,47,unclassified,,land:4.1
C1630,C,16,30,73,47,unclassified,,land:4.1
C1631,C,16,31,74,47,unclassified,,land:4.1
C1632,C,16,32,75,47,unclassified,,land:4.1
C1633,C,16,33,76,47,unclassified,,land:4.1
C1701,C,17,1,44,46,unclassified,,land:4.1
C1702,C,17,2,45,46,unclassified,,land:4.1
C1703,C,17,3,46,46,unclassified,,land:4.1
C1704,C,17,4,47,46,unclassified,,land:4.1
C1705,C,17,5,48,46,unclassified,,land:4.1
C1706,C,17,6,49,46,unclassified,,land:4.1
C1707,C,17,7,50,46,unclassified,,land:4.1
C1708,C,17,8,51,46,unclassified,,land:4.1
C1709,C,17,9,52,46,unclassified,,land:4.1
C1710,C,17,10,53,46,unclassified,,land:4.1
C1711,C,17,11,54,46,unclassified,,land:4.1
C1712,C,17,12,55,46,unclassified,,land:4.1
C1713,C,17,13,56,46,unclassified,,land:4.1
C1714,C,17,14,57,46,unclassified,,land:4.1
C1715,C,17,15,58,46,unclassified,,land:4.1
C1716,C,17,16,59,46,unclassified,,land:4.1
C1717,C,17,17,60,46,unclassified,,land:4.1
C1718,C,17,18,61,46,unclassified,,land:4.1
C1719,C,17,19,62,46,unclassified,,land:4.1
C1720,C,17,20,63,46,unclassified,,land:4.1
C1721,C,17,21,64,46,unclassified,,land:4.1
C1722,C,17,22,65,46,unclassified,,land:4.1
C1723,C,17,23,66,46,unclassified,,land:4.1
C1724,C,17,24,67,46,unclassified,,land:4.1
C1725,C,17,25,68,46,unclassified,,land:4.1
C1726,C,17,26,69,46,unclassified,,land:4.1
C1727,C,17,27,70,46,unclassified,,land:4.1
C1728,C,17,28,71,46,unclassified,,land:4.1
C1729,C,17,29,72,46,unclassified,,land:4.1
C1730,C,17,30,73,46,unclassified,,land:4.1
C1731,C,17,31,74,46,unclassified,,land:4.1
C1732,C,17,32,75,46,unclassified,,land:4.1
C1733,C,17,33,76,46,unclassified,,land:4.1
C1801,C,18,1,45,45,unclassified,,land:4.1
C1802,C,18,2,46,45,unclassified,,land:4.1
C1803,C,18,3,47,45,unclassified,,land:4.1
C1804,C,18,4,48,45,unclassified,,land:4.1
C1805,C,18,5,49,45,unclassified,,land:4.1
C1806,C,18,6,50,45,unclassified,,land:4.1
C1807,C,18,7,51,45,unclassified,,land:4.1
C1808,C,18,8,52,45,unclassified,,land:4.1
C1809,C,18,9,53,45,unclassified,,land:4.1
C1810,C,18,10,54,45,unclassified,,land:4.1
C1811,C,18,11,55,45,unclassified,,land:4.1
C1812,C,18,12,56,45,unclassified,,land:4.1
C1813,C,18,13,57,45,unclassified,,land:4.1
C1814,C,18,14,58,45,unclassified,,land:4.1
C1815,C,18,15,59,45,unclassified,,land:4.1
C1816,C,18,16,60,45,unclassified,,land:4.1
C1817,C,18,17,61,45,unclassified,,land:4.1
C1818,C,18,18,62,45,unclassified,,land:4.1
C1819,C,18,19,63,45,unclassified,,land:4.1
C1820,C,18,20,64,45,unclassified,,land:4.1
C1821,C,18,21,65,45,unclassified,,land:4.1
C1822,C,18,22,66,45,unclassified,,land:4.1
C1823,C,18,23,67,45,unclassified,,land:4.1
C1824,C,18,24,68,45,unclassified,,land:4.1
C1825,C,18,25,69,45,unclassified,,land:4.1
C1826,C,18,26,70,45,unclassified,,land:4.1
C1827,C,18,27,71,45,unclassified,,land:4.1
C1828,C,18,28,72,45,unclassified,,land:4.1
C1829,C,18,29,73,45,unclassified,,land:4.1
C1830,C,18,30,74,45,unclassified,,land:4.1
C1831,C,18,31,75,45,unclassified,,land:4.1
C1832,C,18,32,76,45,unclassified,,land:4.1
C1833,C,18,33,77,45,unclassified,,land:4.1
C1901,C,19,1,45,44,unclassified,,land:4.1
C1902,C,19,2,46,44,unclassified,,land:4.1
C1903,C,19,3,47,44,unclassified,,land:4.1
C1904,C,19,4,48,44,unclassified,,land:4.1
C1905,C,19,5,49,44,unclassified,,land:4.1
C1906,C,19,6,50,44,unclassified,,land:4.1
C1907,C,19,7,51,44,unclassified,,land:4.1
C1908,C,19,8,52,44,unclassified,,land:4.1
C1909,C,19,9,53,44,unclassified,,land:4.1
C1910,C,19,10,54,44,unclassified,,land:4.1
C1911,C,19,11,55,44,unclassified,,land:4.1
C1912,C,19,12,56,44,unclassified,,land:4.1
C1913,C,19,13,57,44,unclassified,,land:4.1
C1914,C,19,14,58,44,unclassified,,land:4.1
C1915,C,19,15,59,44,unclassified,,land:4.1
C1916,C,19,16,60,44,unclassified,,land:4.1
C1917,C,19,17,61,44,unclassified,,land:4.1
C1918,C,19,18,62,44,unclassified,,land:4.1
C1919,C,19,19,63,44,unclassified,,land:4.1
C1920,C,19,20,64,44,unclassified,,land:4.1
C1921,C,19,21,65,44,unclassified,,land:4.1
C1922,C,19,22,66,44,unclassified,,land:4.1
C1923,C,19,23,67,44,unclassified,,land:4.1
C1924,C,19,24,68,44,unclassified,,land:4.1
C1925,C,19,25,69,44,unclassified,,land:4.1
C1926,C,19,26,70,44,unclassified,,land:4.1
C1927,C,19,27,71,44,unclassified,,land:4.1
C1928,C,19,28,72,44,unclassified,,land:4.1
C1929,C,19,29,73,44,unclassified,,land:4.1
C1930,C,19,30,74,44,unclassified,,land:4.1
C1931,C,19,31,75,44,unclassified,,land:4.1
C1932,C,19,32,76,44,unclassified,,land:4.1
C1933,C,19,33,77,44,unclassified,,land:4.1
C2001,C,20,1,46,43,unclassified,,land:4.1
C2002,C,20,2,47,43,unclassified,,land:4.1
C2003,C,20,3,48,43,unclassified,,land:4.1
C2004,C,20,4,49,43,unclassified,,land:4.1
C2005,C,20,5,50,43,unclassified,,land:4.1
C2006,C,20,6,51,43,unclassified,,land:4.1
C2007,C,20,7,52,43,unclassified,,land:4.1
C2008,C,20,8,53,43,unclassified,,land:4.1
C2009,C,20,9,54,43,unclassified,,land:4.1
C2010,C,20,10,55,43,unclassified,,land:4.1
C2011,C,20,11,56,43,unclassified,,land:4.1
C2012,C,20,12,57,43,unclassified,,land:4.1
C2013,C,20,13,58,43,unclassified,,land:4.1
C2014,C,20,14,59,43,unclassified,,land:4.1
C2015,C,20,15,60,43,unclassified,,land:4.1
C2016,C,20,16,61,43,unclassified,,land:4.1
C2017,C,20,17,62,43,unclassified,,land:4.1
C2018,C,20,18,63,43,unclassified,,land:4.1
C2019,C,20,19,64,43,unclassified,,land:4.1
C2020,C,20,20,65,43,unclassified,,land:4.1
C2021,C,20,21,66,43,unclassified,,land:4.1
C2022,C,20,22,67,43,unclassified,,land:4.1
C2023,C,20,23,68,43,unclassified,,land:4.1
C2024,C,20,24,69,43,unclassified,,land:4.1
C2025,C,20,25,70,43,unclassified,,land:4.1
C2026,C,20,26,71,43,unclassified,,land:4.1
C2027,C,20,27,72,43,unclassified,,land:4.1
C2028,C,20,28,73,43,unclassified,,land:4.1
C2029,C,20,29,74,43,unclassified,,land:4.1
C2030,C,20,30,75,43,unclassified,,land:4.1
C2031,C,20,31,76,43,unclassified,,land:4.1
C2032,C,20,32,77,43,unclassified,,land:4.1
C2033,C,20,33,78,43,unclassified,,land:4.1
C2101,C,21,1,46,42,unclassified,,land:4.1
C2102,C,21,2,47,42,unclassified,,land:4.1
C2103,C,21,3,48,42,unclassified,,land:4.1
C2104,C,21,4,49,42,unclassified,,land:4.1
C2105,C,21,5,50,42,unclassified,,land:4.1
C2106,C,21,6,51,42,unclassified,,land:4.1
C2107,C,21,7,52,42,unclassified,,land:4.1
C2108,C,21,8,53,42,unclassified,,land:4.1
C2109,C,21,9,54,42,unclassified,,land:4.1
C2110,C,21,10,55,42,unclassified,,land:4.1
C2111,C,21,11,56,42,unclassified,,land:4.1
C2112,C,21,12,57,42,unclassified,,land:4.1
C2113,C,21,13,58,42,unclassified,,land:4.1
C2114,C,21,14,59,42,unclassified,,land:4.1
C2115,C,21,15,60,42,unclassified,,land:4.1
C2116,C,21,16,61,42,unclassified,,land:4.1
C2117,C,21,17,62,42,unclassified,,land:4.1
C2118,C,21,18,63,42,unclassified,,land:4.1
C2119,C,21,19,64,42,unclassified,,land:4.1
C2120,C,21,20,65,42,unclassified,,land:4.1
C2121,C,21,21,66,42,unclassified,,land:4.1
C2122,C,21,22,67,42,unclassified,,land:4.1
C2123,C,21,23,68,42,unclassified,,land:4.1
C2124,C,21,24,69,42,unclassified,,land:4.1
C2125,C,21,25,70,42,unclassified,,land:4.1
C2126,C,21,26,71,42,unclassified,,land:4.1
C2127,C,21,27,72,42,unclassified,,land:4.1
C2128,C,21,28,73,42,unclassified,,land:4.1
C2129,C,21,29,74,42,unclassified,,land:4.1
C2130,C,21,30,75,42,unclassified,,land:4.1
C2131,C,21,31,76,42,unclassified,,land:4.1
C2132,C,21,32,77,42,unclassified,,land:4.1
C2133,C,21,33,78,42,unclassified,,land:4.1
C2201,C,22,1,47,41,unclassified,,land:4.1
C2202,C,22,2,48,41,unclassified,,land:4.1
C2203,C,22,3,49,41,unclassified,,land:4.1
C2204,C,22,4,50,41,unclassified,,land:4.1
C2205,C,22,5,51,41,unclassified,,land:4.1
C2206,C,22,6,52,41,unclassified,,land:4.1
C2207,C,22,7,53,41,unclassified,,land:4.1
C2208,C,22,8,54,41,unclassified,,land:4.1
C2209,C,22,9,55,41,unclassified,,land:4.1
C2210,C,22,10,56,41,unclassified,,land:4.1
C2211,C,22,11,57,41,unclassified,,land:4.1
C2212,C,22,12,58,41,unclassified,,land:4.1
C2213,C,22,13,59,41,unclassified,,land:4.1
C2214,C,22,14,60,41,unclassified,,land:4.1
C2215,C,22,15,61,41,unclassified,,land:4.1
C2216,C,22,16,62,41,unclassified,,land:4.1
C2217,C,22,17,63,41,unclassified,,land:4.1
C2218,C,22,18,64,41,unclassified,,land:4.1
C2219,C,22,19,65,41,unclassified,,land:4.1
C2220,C,22,20,66,41,unclassified,,land:4.1
C2221,C,22,21,67,41,unclassified,,land:4.1
C2222,C,22,22,68,41,unclassified,,land:4.1
C2223,C,22,23,69,41,unclassified,,land:4.1
C2224,C,22,24,70,41,unclassified,,land:4.1
C2225,C,22,25,71,41,unclassified,,land:4.1
C2226,C,22,26,72,41,unclassified,,land:4.1
C2227,C,22,27,73,41,unclassified,,land:4.1
C2228,C,22,28,74,41,unclassified,,land:4.1
C2229,C,22,29,75,41,unclassified,,land:4.1
C2230,C,22,30,76,41,unclassified,,land:4.1
C2231,C,22,31,77,41,unclassified,,land:4.1
C2232,C,22,32,78,41,unclassified,,land:4.1
C2233,C,22,33,79,41,unclassified,,land:4.1
C2301,C,23,1,47,40,unclassified,,land:4.1
C2302,C,23,2,48,40,unclassified,,land:4.1
C2303,C,23,3,49,40,unclassified,,land:4.1
C2304,C,23,4,50,40,unclassified,,land:4.1
C2305,C,23,5,51,40,unclassified,,land:4.1
C2306,C,23,6,52,40,unclassified,,land:4.1
C2307,C,23,7,53,40,unclassified,,land:4.1
C2308,C,23,8,54,40,unclassified,,land:4.1
C2309,C,23,9,55,40,unclassified,,land:4.1
C2310,C,23,10,56,40,unclassified,,land:4.1
C2311,C,23,11,57,40,unclassified,,land:4.1
C2312,C,23,12,58,40,unclassified,,land:4.1
C2313,C,23,13,59,40,unclassified,,land:4.1
C2314,C,23,14,60,40,unclassified,,land:4.1
C2315,C,23,15,61,40,unclassified,,land:4.1
C2316,C,23,16,62,40,unclassified,,land:4.1
C2317,C,23,17,63,40,unclassified,,land:4.1
C2318,C,23,18,64,40,unclassified,,land:4.1
C2319,C,23,19,65,40,unclassified,,land:4.1
C2320,C,23,20,66,40,unclassified,,land:4.1
C2321,C,23,21,67,40,unclassified,,land:4.1
C2322,C,23,22,68,40,unclassified,,land:4.1
C2323,C,23,23,69,40,unclassified,,land:4.1
C2324,C,23,24,70,40,unclassified,,land:4.1
C2325,C,23,25,71,40,unclassified,,land:4.1
C2326,C,23,26,72,40,unclassified,,land:4.1
C2327,C,23,27,73,40,unclassified,,land:4.1
C2328,C,23,28,74,40,unclassified,,land:4.1
C2329,C,23,29,75,40,unclassified,,land:4.1
C2330,C,23,30,76,40,unclassified,,land:4.1
C2331,C,23,31,77,40,unclassified,,land:4.1
C2332,C,23,32,78,40,unclassified,,land:4.1
C2333,C,23,33,79,40,unclassified,,land:4.1
C2401,C,24,1,48,39,unclassified,,land:4.1
C2402,C,24,2,49,39,unclassified,,land:4.1
C2403,C,24,3,50,39,unclassified,,land:4.1
C2404,C,24,4,51,39,unclassified,,land:4.1
C2405,C,24,5,52,39,unclassified,,land:4.1
C2406,C,24,6,53,39,unclassified,,land:4.1
C2407,C,24,7,54,39,unclassified,,land:4.1
C2408,C,24,8,55,39,unclassified,,land:4.1
C2409,C,24,9,56,39,unclassified,,land:4.1
C2410,C,24,10,57,39,unclassified,,land:4.1
C2411,C,24,11,58,39,unclassified,,land:4.1
C2412,C,24,12,59,39,unclassified,,land:4.1
C2413,C,24,13,60,39,unclassified,,land:4.1
C2414,C,24,14,61,39,unclassified,,land:4.1
C2415,C,24,15,62,39,unclassified,,land:4.1
C2416,C,24,16,63,39,unclassified,,land:4.1
C2417,C,24,17,64,39,unclassified,,land:4.1
C2418,C,24,18,65,39,unclassified,,land:4.1
C2419,C,24,19,66,39,unclassified,,land:4.1
C2420,C,24,20,67,39,unclassified,,land:4.1
C2421,C,24,21,68,39,unclassified,,land:4.1
C2422,C,24,22,69,39,unclassified,,land:4.1
C2423,C,24,23,70,39,unclassified,,land:4.1
C2424,C,24,24,71,39,unclassified,,land:4.1
C2425,C,24,25,72,39,unclassified,,land:4.1
C2426,C,24,26,73,39,unclassified,,land:4.1
C2427,C,24,27,74,39,unclassified,,land:4.1
C2428,C,24,28,75,39,unclassified,,land:4.1
C2429,C,24,29,76,39,unclassified,,land:4.1
C2430,C,24,30,77,39,unclassified,,land:4.1
C2431,C,24,31,78,39,unclassified,,land:4.1
C2432,C,24,32,79,39,unclassified,,land:4.1
C2433,C,24,33,80,39,unclassified,,land:4.1
C2501,C,25,1,48,38,unclassified,,land:4.1
C2502,C,25,2,49,38,unclassified,,land:4.1
C2503,C,25,3,50,38,unclassified,,land:4.1
C2504,C,25,4,51,38,unclassified,,land:4.1
C2505,C,25,5,52,38,unclassified,,land:4.1
C2506,C,25,6,53,38,unclassified,,land:4.1
C2507,C,25,7,54,38,unclassified,,land:4.1
C2508,C,25,8,55,38,unclassified,,land:4.1
C2509,C,25,9,56,38,unclassified,,land:4.1
C2510,C,25,10,57,38,unclassified,,land:4.1
C2511,C,25,11,58,38,unclassified,,land:4.1
C2512,C,25,12,59,38,unclassified,,land:4.1
C2513,C,25,13,60,38,unclassified,,land:4.1
C2514,C,25,14,61,38,unclassified,,land:4.1
C2515,C,25,15,62,38,unclassified,,land:4.1
C2516,C,25,16,63,38,unclassified,,land:4.1
C2517,C,25,17,64,38,unclassified,,land:4.1
C2518,C,25,18,65,38,unclassified,,land:4.1
C2519,C,25,19,66,38,unclassified,,land:4.1
C2520,C,25,20,67,38,unclassified,,land:4.1
C2521,C,25,21,68,38,unclassified,,land:4.1
C2522,C,25,22,69,38,unclassified,,land:4.1
C2523,C,25,23,70,38,unclassified,,land:4.1
C2524,C,25,24,71,38,unclassified,,land:4.1
C2525,C,25,25,72,38,unclassified,,land:4.1
C2526,C,25,26,73,38,unclassified,,land:4.1
C2527,C,25,27,74,38,unclassified,,land:4.1
C2528,C,25,28,75,38,unclassified,,land:4.1
C2529,C,25,29,76,38,unclassified,,land:4.1
C2530,C,25,30,77,38,unclassified,,land:4.1
C2531,C,25,31,78,38,unclassified,,land:4.1
C2532,C,25,32,79,38,unclassified,,land:4.1
C2533,C,25,33,80,38,unclassified,,land:4.1
C2601,C,26,1,49,37,unclassified,,land:4.1
C2602,C,26,2,50,37,unclassified,,land:4.1
C2603,C,26,3,51,37,unclassified,,land:4.1
C2604,C,26,4,52,37,unclassified,,land:4.1
C2605,C,26,5,53,37,unclassified,,land:4.1
C2606,C,26,6,54,37,unclassified,,land:4.1
C2607,C,26,7,55,37,unclassified,,land:4.1
C2608,C,26,8,56,37,unclassified,,land:4.1
C2609,C,26,9,57,37,unclassified,,land:4.1
C2610,C,26,10,58,37,unclassified,,land:4.1
C2611,C,26,11,59,37,unclassified,,land:4.1
C2612,C,26,12,60,37,unclassified,,land:4.1
C2613,C,26,13,61,37,unclassified,,land:4.1
C2614,C,26,14,62,37,unclassified,,land:4.1
C2615,C,26,15,63,37,unclassified,,land:4.1
C2616,C,26,16,64,37,unclassified,,land:4.1
C2617,C,26,17,65,37,unclassified,,land:4.1
C2618,C,26,18,66,37,unclassified,,land:4.1
C2619,C,26,19,67,37,unclassified,,land:4.1
C2620,C,26,20,68,37,unclassified,,land:4.1
C2621,C,26,21,69,37,unclassified,,land:4.1
C2622,C,26,22,70,37,unclassified,,land:4.1
C2623,C,26,23,71,37,unclassified,,land:4.1
C2624,C,26,24,72,37,unclassified,,land:4.1
C2625,C,26,25,73,37,unclassified,,land:4.1
C2626,C,26,26,74,37,unclassified,,land:4.1
C2627,C,26,27,75,37,unclassified,,land:4.1
C2628,C,26,28,76,37,unclassified,,land:4.1
C2629,C,26,29,77,37,unclassified,,land:4.1
C2630,C,26,30,78,37,unclassified,,land:4.1
C2631,C,26,31,79,37,unclassified,,land:4.1
C2632,C,26,32,80,37,unclassified,,land:4.1
C2633,C,26,33,81,37,unclassified,,land:4.1
C2701,C,27,1,49,36,unclassified,,land:4.1
C2702,C,27,2,50,36,unclassified,,land:4.1
C2703,C,27,3,51,36,unclassified,,land:4.1
C2704,C,27,4,52,36,unclassified,,land:4.1
C2705,C,27,5,53,36,unclassified,,land:4.1
C2706,C,27,6,54,36,unclassified,,land:4.1
C2707,C,27,7,55,36,unclassified,,land:4.1
C2708,C,27,8,56,36,unclassified,,land:4.1
C2709,C,27,9,57,36,unclassified,,land:4.1
C2710,C,27,10,58,36,unclassified,,land:4.1
C2711,C,27,11,59,36,unclassified,,land:4.1
C2712,C,27,12,60,36,unclassified,,land:4.1
C2713,C,27,13,61,36,unclassified,,land:4.1
C2714,C,27,14,62,36,unclassified,,land:4.1
C2715,C,27,15,63,36,unclassified,,land:4.1
C2716,C,27,16,64,36,unclassified,,land:4.1
C2717,C,27,17,65,36,unclassified,,land:4.1
C2718,C,27,18,66,36,unclassified,,land:4.1
C2719,C,27,19,67,36,unclassified,,land:4.1
C2720,C,27,20,68,36,unclassified,,land:4.1
C2721,C,27,21,69,36,unclassified,,land:4.1
C2722,C,27,22,70,36,unclassified,,land:4.1
C2723,C,27,23,71,36,unclassified,,land:4.1
C2724,C,27,24,72,36,unclassified,,land:4.1
C2725,C,27,25,73,36,unclassified,,land:4.1
C2726,C,27,26,74,36,unclassified,,land:4.1
C2727,C,27,27,75,36,unclassified,,land:4.1
C2728,C,27,28,76,36,unclassified,,land:4.1
C2729,C,27,29,77,36,unclassified,,land:4.1
C2730,C,27,30,78,36,unclassified,,land:4.1
C2731,C,27,31,79,36,unclassified,,land:4.1
C2732,C,27,32,80,36,unclassified,,land:4.1
C2733,C,27,33,81,36,unclassified,,land:4.1
C2801,C,28,1,50,35,unclassified,,land:4.1
C2802,C,28,2,51,35,unclassified,,land:4.1
C2803,C,28,3,52,35,unclassified,,land:4.1
C2804,C,28,4,53,35,unclassified,,land:4.1
C2805,C,28,5,54,35,unclassified,,land:4.1
C2806,C,28,6,55,35,unclassified,,land:4.1
C2807,C,28,7,56,35,unclassified,,land:4.1
C2808,C,28,8,57,35,unclassified,,land:4.1
C2809,C,28,9,58,35,unclassified,,land:4.1
C2810,C,28,10,59,35,unclassified,,land:4.1
C2811,C,28,11,60,35,unclassified,,land:4.1
C2812,C,28,12,61,35,unclassified,,land:4.1
C2813,C,28,13,62,35,unclassified,,land:4.1
C2814,C,28,14,63,35,unclassified,,land:4.1
C2815,C,28,15,64,35,unclassified,,land:4.1
C2816,C,28,16,65,35,unclassified,,land:4.1
C2817,C,28,17,66,35,unclassified,,land:4.1
C2818,C,28,18,67,35,clear,land,land:4.1;land:8.37
C2819,C,28,19,68,35,clear,land,land:4.1;land:8.37
C2820,C,28,20,69,35,clear,land,land:4.1;land:8.37
C2821,C,28,21,70,35,clear,land,land:4.1;land:8.37
C2822,C,28,22,71,35,rough,land,land:4.1;land:8.37
C2823,C,28,23,72,35,clear,land,land:4.1;land:8.37
C2824,C,28,24,73,35,clear,land,land:4.1;land:8.37
C2825,C,28,25,74,35,clear,land,land:4.1;land:8.37
C2826,C,28,26,75,35,clear,land,land:4.1;land:8.37
C2827,C,28,27,76,35,clear,land,land:4.1;land:8.37
C2828,C,28,28,77,35,unclassified,,land:4.1
C2829,C,28,29,78,35,unclassified,,land:4.1
C2830,C,28,30,79,35,unclassified,,land:4.1
C2831,C,28,31,80,35,unclassified,,land:4.1
C2832,C,28,32,81,35,unclassified,,land:4.1
C2833,C,28,33,82,35,unclassified,,land:4.1
C2901,C,29,1,50,34,unclassified,,land:4.1
C2902,C,29,2,51,34,unclassified,,land:4.1
C2903,C,29,3,52,34,unclassified,,land:4.1
C2904,C,29,4,53,34,unclassified,,land:4.1
C2905,C,29,5,54,34,unclassified,,land:4.1
C2906,C,29,6,55,34,unclassified,,land:4.1
C2907,C,29,7,56,34,unclassified,,land:4.1
C2908,C,29,8,57,34,unclassified,,land:4.1
C2909,C,29,9,58,34,unclassified,,land:4.1
C2910,C,29,10,59,34,unclassified,,land:4.1
C2911,C,29,11,60,34,unclassified,,land:4.1
C2912,C,29,12,61,34,unclassified,,land:4.1
C2913,C,29,13,62,34,unclassified,,land:4.1
C2914,C,29,14,63,34,unclassified,,land:4.1
C2915,C,29,15,64,34,unclassified,,land:4.1
C2916,C,29,16,65,34,unclassified,,land:4.1
C2917,C,29,17,66,34,unclassified,,land:4.1
C2918,C,29,18,67,34,clear,land,land:4.1;land:8.37
C2919,C,29,19,68,34,clear,land,land:4.1;land:8.37
C2920,C,29,20,69,34,clear,land,land:4.1;land:8.37
C2921,C,29,21,70,34,clear,land,land:4.1;land:8.37
C2922,C,29,22,71,34,rough,land,land:4.1;land:8.37
C2923,C,29,23,72,34,clear,land,land:4.1;land:8.37
C2924,C,29,24,73,34,clear,land,land:4.1;land:8.37
C2925,C,29,25,74,34,clear,land,land:4.1;land:8.37
C2926,C,29,26,75,34,clear,land,land:4.1;land:8.37
C2927,C,29,27,76,34,clear,land,land:4.1;land:8.37
C2928,C,29,28,77,34,unclassified,,land:4.1
C2929,C,29,29,78,34,unclassified,,land:4.1
C2930,C,29,30,79,34,unclassified,,land:4.1
C2931,C,29,31,80,34,unclassified,,land:4.1
C2932,C,29,32,81,34,unclassified,,land:4.1
C2933,C,29,33,82,34,unclassified,,land:4.1
C3001,C,30,1,51,33,unclassified,,land:4.1
C3002,C,30,2,52,33,unclassified,,land:4.1
C3003,C,30,3,53,33,unclassified,,land:4.1
C3004,C,30,4,54,33,unclassified,,land:4.1
C3005,C,30,5,55,33,unclassified,,land:4.1
C3006,C,30,6,56,33,unclassified,,land:4.1
C3007,C,30,7,57,33,unclassified,,land:4.1
C3008,C,30,8,58,33,unclassified,,land:4.1
C3009,C,30,9,59,33,unclassified,,land:4.1
C3010,C,30,10,60,33,unclassified,,land:4.1
C3011,C,30,11,61,33,unclassified,,land:4.1
C3012,C,30,12,62,33,unclassified,,land:4.1
C3013,C,30,13,63,33,unclassified,,land:4.1
C3014,C,30,14,64,33,unclassified,,land:4.1
C3015,C,30,15,65,33,unclassified,,land:4.1
C3016,C,30,16,66,33,unclassified,,land:4.1
C3017,C,30,17,67,33,unclassified,,land:4.1
C3018,C,30,18,68,33,clear,land,land:4.1;land:8.37
C3019,C,30,19,69,33,clear,land,land:4.1;land:8.37
C3020,C,30,20,70,33,clear,land,land:4.1;land:8.37
C3021,C,30,21,71,33,clear,land,land:4.1;land:8.37
C3022,C,30,22,72,33,clear,land,land:4.1;land:8.37
C3023,C,30,23,73,33,clear,land,land:4.1;land:8.37
C3024,C,30,24,74,33,rough,land,land:4.1;land:8.37
C3025,C,30,25,75,33,clear,land,land:4.1;land:8.37
C3026,C,30,26,76,33,clear,land,land:4.1;land:8.37
C3027,C,30,27,77,33,clear,land,land:4.1;land:8.37
C3028,C,30,28,78,33,unclassified,,land:4.1
C3029,C,30,29,79,33,unclassified,,land:4.1
C3030,C,30,30,80,33,unclassified,,land:4.1
C3031,C,30,31,81,33,unclassified,,land:4.1
C3032,C,30,32,82,33,unclassified,,land:4.1
C3033,C,30,33,83,33,unclassified,,land:4.1
C3101,C,31,1,51,32,unclassified,,land:4.1
C3102,C,31,2,52,32,unclassified,,land:4.1
C3103,C,31,3,53,32,unclassified,,land:4.1
C3104,C,31,4,54,32,unclassified,,land:4.1
C3105,C,31,5,55,32,unclassified,,land:4.1
C3106,C,31,6,56,32,unclassified,,land:4.1
C3107,C,31,7,57,32,unclassified,,land:4.1
C3108,C,31,8,58,32,unclassified,,land:4.1
C3109,C,31,9,59,32,unclassified,,land:4.1
C3110,C,31,10,60,32,unclassified,,land:4.1
C3111,C,31,11,61,32,unclassified,,land:4.1
C3112,C,31,12,62,32,unclassified,,land:4.1
C3113,C,31,13,63,32,unclassified,,land:4.1
C3114,C,31,14,64,32,unclassified,,land:4.1
C3115,C,31,15,65,32,unclassified,,land:4.1
C3116,C,31,16,66,32,unclassified,,land:4.1
C3117,C,31,17,67,32,unclassified,,land:4.1
C3118,C,31,18,68,32,clear,land,land:4.1;land:8.37
C3119,C,31,19,69,32,clear,land,land:4.1;land:8.37
C3120,C,31,20,70,32,clear,land,land:4.1;land:8.37
C3121,C,31,21,71,32,clear,land,land:4.1;land:8.37
C3122,C,31,22,72,32,clear,land,land:4.1;land:8.37
C3123,C,31,23,73,32,clear,land,land:4.1;land:8.37
C3124,C,31,24,74,32,rough,land,land:4.1;land:8.37
C3125,C,31,25,75,32,rough,land,land:4.1;land:8.37
C3126,C,31,26,76,32,clear,land,land:4.1;land:8.37
C3127,C,31,27,77,32,clear,land,land:4.1;land:8.37
C3128,C,31,28,78,32,unclassified,,land:4.1
C3129,C,31,29,79,32,unclassified,,land:4.1
C3130,C,31,30,80,32,unclassified,,land:4.1
C3131,C,31,31,81,32,unclassified,,land:4.1
C3132,C,31,32,82,32,unclassified,,land:4.1
C3133,C,31,33,83,32,unclassified,,land:4.1
C3201,C,32,1,52,31,unclassified,,land:4.1
C3202,C,32,2,53,31,unclassified,,land:4.1
C3203,C,32,3,54,31,unclassified,,land:4.1
C3204,C,32,4,55,31,unclassified,,land:4.1
C3205,C,32,5,56,31,unclassified,,land:4.1
C3206,C,32,6,57,31,unclassified,,land:4.1
C3207,C,32,7,58,31,unclassified,,land:4.1
C3208,C,32,8,59,31,unclassified,,land:4.1
C3209,C,32,9,60,31,unclassified,,land:4.1
C3210,C,32,10,61,31,unclassified,,land:4.1
C3211,C,32,11,62,31,unclassified,,land:4.1
C3212,C,32,12,63,31,unclassified,,land:4.1
C3213,C,32,13,64,31,unclassified,,land:4.1
C3214,C,32,14,65,31,unclassified,,land:4.1
C3215,C,32,15,66,31,unclassified,,land:4.1
C3216,C,32,16,67,31,unclassified,,land:4.1
C3217,C,32,17,68,31,unclassified,,land:4.1
C3218,C,32,18,69,31,clear,land,land:4.1;land:8.37
C3219,C,32,19,70,31,clear,land,land:4.1;land:8.37
C3220,C,32,20,71,31,clear,land,land:4.1;land:8.37
C3221,C,32,21,72,31,clear,land,land:4.1;land:8.37
C3222,C,32,22,73,31,clear,land,land:4.1;land:8.37
C3223,C,32,23,74,31,clear,land,land:4.1;land:8.37
C3224,C,32,24,75,31,clear,land,land:4.1;land:8.37
C3225,C,32,25,76,31,clear,land,land:4.1;land:8.37
C3226,C,32,26,77,31,clear,land,land:4.1;land:8.37
C3227,C,32,27,78,31,clear,land,land:4.1;land:8.37
C3228,C,32,28,79,31,unclassified,,land:4.1
C3229,C,32,29,80,31,unclassified,,land:4.1
C3230,C,32,30,81,31,unclassified,,land:4.1
C3231,C,32,31,82,31,unclassified,,land:4.1
C3232,C,32,32,83,31,unclassified,,land:4.1
C3233,C,32,33,84,31,unclassified,,land:4.1
C3301,C,33,1,52,30,unclassified,,land:4.1
C3302,C,33,2,53,30,unclassified,,land:4.1
C3303,C,33,3,54,30,unclassified,,land:4.1
C3304,C,33,4,55,30,unclassified,,land:4.1
C3305,C,33,5,56,30,unclassified,,land:4.1
C3306,C,33,6,57,30,unclassified,,land:4.1
C3307,C,33,7,58,30,unclassified,,land:4.1
C3308,C,33,8,59,30,unclassified,,land:4.1
C3309,C,33,9,60,30,unclassified,,land:4.1
C3310,C,33,10,61,30,unclassified,,land:4.1
C3311,C,33,11,62,30,unclassified,,land:4.1
C3312,C,33,12,63,30,unclassified,,land:4.1
C3313,C,33,13,64,30,unclassified,,land:4.1
C3314,C,33,14,65,30,unclassified,,land:4.1
C3315,C,33,15,66,30,unclassified,,land:4.1
C3316,C,33,16,67,30,unclassified,,land:4.1
C3317,C,33,17,68,30,unclassified,,land:4.1
C3318,C,33,18,69,30,clear,land,land:4.1;land:8.37
C3319,C,33,19,70,30,clear,land,land:4.1;land:8.37
C3320,C,33,20,71,30,clear,land,land:4.1;land:8.37
C3321,C,33,21,72,30,clear,land,land:4.1;land:8.37
C3322,C,33,22,73,30,clear,land,land:4.1;land:8.37
C3323,C,33,23,74,30,clear,land,land:4.1;land:8.37
C3324,C,33,24,75,30,clear,land,land:4.1;land:8.37
C3325,C,33,25,76,30,clear,land,land:4.1;land:8.37
C3326,C,33,26,77,30,clear,land,land:4.1;land:8.37
C3327,C,33,27,78,30,clear,land,land:4.1;land:8.37
C3328,C,33,28,79,30,unclassified,,land:4.1
C3329,C,33,29,80,30,unclassified,,land:4.1
C3330,C,33,30,81,30,unclassified,,land:4.1
C3331,C,33,31,82,30,unclassified,,land:4.1
C3332,C,33,32,83,30,unclassified,,land:4.1
C3333,C,33,33,84,30,unclassified,,land:4.1
C3401,C,34,1,53,29,unclassified,,land:4.1
C3402,C,34,2,54,29,unclassified,,land:4.1
C3403,C,34,3,55,29,unclassified,,land:4.1
C3404,C,34,4,56,29,unclassified,,land:4.1
C3405,C,34,5,57,29,unclassified,,land:4.1
C3406,C,34,6,58,29,unclassified,,land:4.1
C3407,C,34,7,59,29,unclassified,,land:4.1
C3408,C,34,8,60,29,unclassified,,land:4.1
C3409,C,34,9,61,29,unclassified,,land:4.1
C3410,C,34,10,62,29,unclassified,,land:4.1
C3411,C,34,11,63,29,unclassified,,land:4.1
C3412,C,34,12,64,29,unclassified,,land:4.1
C3413,C,34,13,65,29,unclassified,,land:4.1
C3414,C,34,14,66,29,unclassified,,land:4.1
C3415,C,34,15,67,29,unclassified,,land:4.1
C3416,C,34,16,68,29,unclassified,,land:4.1
C3417,C,34,17,69,29,unclassified,,land:4.1
C3418,C,34,18,70,29,clear,land,land:4.1;land:8.37
C3419,C,34,19,71,29,clear,land,land:4.1;land:8.37
C3420,C,34,20,72,29,clear,land,land:4.1;land:8.37
C3421,C,34,21,73,29,clear,land,land:4.1;land:8.37
C3422,C,34,22,74,29,clear,land,land:4.1;land:8.37
C3423,C,34,23,75,29,clear,land,land:4.1;land:8.37
C3424,C,34,24,76,29,clear,land,land:4.1;land:8.37
C3425,C,34,25,77,29,clear,land,land:4.1;land:8.37
C3426,C,34,26,78,29,clear,land,land:4.1;land:8.37
C3427,C,34,27,79,29,clear,land,land:4.1;land:8.37
C3428,C,34,28,80,29,unclassified,,land:4.1
C3429,C,34,29,81,29,unclassified,,land:4.1
C3430,C,34,30,82,29,unclassified,,land:4.1
C3431,C,34,31,83,29,unclassified,,land:4.1
C3432,C,34,32,84,29,unclassified,,land:4.1
C3433,C,34,33,85,29,unclassified,,land:4.1
C3501,C,35,1,53,28,unclassified,,land:4.1
C3502,C,35,2,54,28,unclassified,,land:4.1
C3503,C,35,3,55,28,unclassified,,land:4.1
C3504,C,35,4,56,28,unclassified,,land:4.1
C3505,C,35,5,57,28,unclassified,,land:4.1
C3506,C,35,6,58,28,unclassified,,land:4.1
C3507,C,35,7,59,28,unclassified,,land:4.1
C3508,C,35,8,60,28,unclassified,,land:4.1
C3509,C,35,9,61,28,unclassified,,land:4.1
C3510,C,35,10,62,28,unclassified,,land:4.1
C3511,C,35,11,63,28,unclassified,,land:4.1
C3512,C,35,12,64,28,unclassified,,land:4.1
C3513,C,35,13,65,28,unclassified,,land:4.1
C3514,C,35,14,66,28,unclassified,,land:4.1
C3515,C,35,15,67,28,unclassified,,land:4.1
C3516,C,35,16,68,28,unclassified,,land:4.1
C3517,C,35,17,69,28,unclassified,,land:4.1
C3518,C,35,18,70,28,clear,land,land:4.1;land:8.37
C3519,C,35,19,71,28,clear,land,land:4.1;land:8.37
C3520,C,35,20,72,28,clear,land,land:4.1;land:8.37
C3521,C,35,21,73,28,clear,land,land:4.1;land:8.37
C3522,C,35,22,74,28,clear,land,land:4.1;land:8.37
C3523,C,35,23,75,28,clear,land,land:4.1;land:8.37
C3524,C,35,24,76,28,clear,land,land:4.1;land:8.37
C3525,C,35,25,77,28,clear,land,land:4.1;land:8.37
C3526,C,35,26,78,28,rough,land,land:4.1;land:8.37
C3527,C,35,27,79,28,rough,land,land:4.1;land:8.37
C3528,C,35,28,80,28,unclassified,,land:4.1
C3529,C,35,29,81,28,unclassified,,land:4.1
C3530,C,35,30,82,28,unclassified,,land:4.1
C3531,C,35,31,83,28,unclassified,,land:4.1
C3532,C,35,32,84,28,unclassified,,land:4.1
C3533,C,35,33,85,28,unclassified,,land:4.1
C3601,C,36,1,54,27,unclassified,,land:4.1
C3602,C,36,2,55,27,unclassified,,land:4.1
C3603,C,36,3,56,27,unclassified,,land:4.1
C3604,C,36,4,57,27,unclassified,,land:4.1
C3605,C,36,5,58,27,unclassified,,land:4.1
C3606,C,36,6,59,27,unclassified,,land:4.1
C3607,C,36,7,60,27,unclassified,,land:4.1
C3608,C,36,8,61,27,unclassified,,land:4.1
C3609,C,36,9,62,27,unclassified,,land:4.1
C3610,C,36,10,63,27,unclassified,,land:4.1
C3611,C,36,11,64,27,unclassified,,land:4.1
C3612,C,36,12,65,27,unclassified,,land:4.1
C3613,C,36,13,66,27,unclassified,,land:4.1
C3614,C,36,14,67,27,unclassified,,land:4.1
C3615,C,36,15,68,27,unclassified,,land:4.1
C3616,C,36,16,69,27,unclassified,,land:4.1
C3617,C,36,17,70,27,unclassified,,land:4.1
C3618,C,36,18,71,27,clear,land,land:4.1;land:8.37
C3619,C,36,19,72,27,clear,land,land:4.1;land:8.37
C3620,C,36,20,73,27,clear,land,land:4.1;land:8.37
C3621,C,36,21,74,27,clear,land,land:4.1;land:8.37
C3622,C,36,22,75,27,clear,land,land:4.1;land:8.37
C3623,C,36,23,76,27,clear,land,land:4.1;land:8.37
C3624,C,36,24,77,27,rough,land,land:4.1;land:8.37
C3625,C,36,25,78,27,rough,land,land:4.1;land:8.37
C3626,C,36,26,79,27,rough,land,land:4.1;land:8.37
C3627,C,36,27,80,27,rough,land,land:4.1;land:8.37
C3628,C,36,28,81,27,unclassified,,land:4.1
C3629,C,36,29,82,27,unclassified,,land:4.1
C3630,C,36,30,83,27,unclassified,,land:4.1
C3631,C,36,31,84,27,unclassified,,land:4.1
C3632,C,36,32,85,27,unclassified,,land:4.1
C3633,C,36,33,86,27,unclassified,,land:4.1
C3701,C,37,1,54,26,unclassified,,land:4.1
C3702,C,37,2,55,26,unclassified,,land:4.1
C3703,C,37,3,56,26,unclassified,,land:4.1
C3704,C,37,4,57,26,unclassified,,land:4.1
C3705,C,37,5,58,26,unclassified,,land:4.1
C3706,C,37,6,59,26,unclassified,,land:4.1
C3707,C,37,7,60,26,unclassified,,land:4.1
C3708,C,37,8,61,26,unclassified,,land:4.1
C3709,C,37,9,62,26,unclassified,,land:4.1
C3710,C,37,10,63,26,unclassified,,land:4.1
C3711,C,37,11,64,26,unclassified,,land:4.1
C3712,C,37,12,65,26,unclassified,,land:4.1
C3713,C,37,13,66,26,unclassified,,land:4.1
C3714,C,37,14,67,26,unclassified,,land:4.1
C3715,C,37,15,68,26,unclassified,,land:4.1
C3716,C,37,16,69,26,unclassified,,land:4.1
C3717,C,37,17,70,26,unclassified,,land:4.1
C3718,C,37,18,71,26,clear,land,land:4.1;land:8.37
C3719,C,37,19,72,26,clear,land,land:4.1;land:8.37
C3720,C,37,20,73,26,clear,land,land:4.1;land:8.37
C3721,C,37,21,74,26,clear,land,land:4.1;land:8.37
C3722,C,37,22,75,26,clear,land,land:4.1;land:8.37
C3723,C,37,23,76,26,clear,land,land:4.1;land:8.37
C3724,C,37,24,77,26,clear,land,land:4.1;land:8.37
C3725,C,37,25,78,26,clear,land,land:4.1;land:8.37
C3726,C,37,26,79,26,clear,land,land:4.1;land:8.37
C3727,C,37,27,80,26,clear,land,land:4.1;land:8.37
C3728,C,37,28,81,26,unclassified,,land:4.1
C3729,C,37,29,82,26,unclassified,,land:4.1
C3730,C,37,30,83,26,unclassified,,land:4.1
C3731,C,37,31,84,26,unclassified,,land:4.1
C3732,C,37,32,85,26,unclassified,,land:4.1
C3733,C,37,33,86,26,unclassified,,land:4.1
C3801,C,38,1,55,25,unclassified,,land:4.1
C3802,C,38,2,56,25,unclassified,,land:4.1
C3803,C,38,3,57,25,unclassified,,land:4.1
C3804,C,38,4,58,25,unclassified,,land:4.1
C3805,C,38,5,59,25,unclassified,,land:4.1
C3806,C,38,6,60,25,unclassified,,land:4.1
C3807,C,38,7,61,25,unclassified,,land:4.1
C3808,C,38,8,62,25,unclassified,,land:4.1
C3809,C,38,9,63,25,unclassified,,land:4.1
C3810,C,38,10,64,25,unclassified,,land:4.1
C3811,C,38,11,65,25,unclassified,,land:4.1
C3812,C,38,12,66,25,unclassified,,land:4.1
C3813,C,38,13,67,25,unclassified,,land:4.1
C3814,C,38,14,68,25,unclassified,,land:4.1
C3815,C,38,15,69,25,unclassified,,land:4.1
C3816,C,38,16,70,25,unclassified,,land:4.1
C3817,C,38,17,71,25,unclassified,,land:4.1
C3818,C,38,18,72,25,clear,land,land:4.1;land:8.37
C3819,C,38,19,73,25,clear,land,land:4.1;land:8.37
C3820,C,38,20,74,25,clear,land,land:4.1;land:8.37
C3821,C,38,21,75,25,clear,land,land:4.1;land:8.37
C3822,C,38,22,76,25,clear,land,land:4.1;land:8.37
C3823,C,38,23,77,25,clear,land,land:4.1;land:8.37
C3824,C,38,24,78,25,clear,land,land:4.1;land:8.37
C3825,C,38,25,79,25,clear,land,land:4.1;land:8.37
C3826,C,38,26,80,25,clear,land,land:4.1;land:8.37
C3827,C,38,27,81,25,clear,land,land:4.1;land:8.37
C3828,C,38,28,82,25,unclassified,,land:4.1
C3829,C,38,29,83,25,unclassified,,land:4.1
C3830,C,38,30,84,25,unclassified,,land:4.1
C3831,C,38,31,85,25,unclassified,,land:4.1
C3832,C,38,32,86,25,unclassified,,land:4.1
C3833,C,38,33,87,25,unclassified,,land:4.1
C3901,C,39,1,55,24,unclassified,,land:4.1
C3902,C,39,2,56,24,unclassified,,land:4.1
C3903,C,39,3,57,24,unclassified,,land:4.1
C3904,C,39,4,58,24,unclassified,,land:4.1
C3905,C,39,5,59,24,unclassified,,land:4.1
C3906,C,39,6,60,24,unclassified,,land:4.1
C3907,C,39,7,61,24,unclassified,,land:4.1
C3908,C,39,8,62,24,unclassified,,land:4.1
C3909,C,39,9,63,24,unclassified,,land:4.1
C3910,C,39,10,64,24,unclassified,,land:4.1
C3911,C,39,11,65,24,unclassified,,land:4.1
C3912,C,39,12,66,24,unclassified,,land:4.1
C3913,C,39,13,67,24,unclassified,,land:4.1
C3914,C,39,14,68,24,unclassified,,land:4.1
C3915,C,39,15,69,24,unclassified,,land:4.1
C3916,C,39,16,70,24,unclassified,,land:4.1
C3917,C,39,17,71,24,unclassified,,land:4.1
C3918,C,39,18,72,24,clear,land,land:4.1;land:8.37
C3919,C,39,19,73,24,clear,land,land:4.1;land:8.37
C3920,C,39,20,74,24,clear,land,land:4.1;land:8.37
C3921,C,39,21,75,24,clear,land,land:4.1;land:8.37
C3922,C,39,22,76,24,clear,land|coastal,land:4.1;land:8.37;land:30.14;land:24.73
C3923,C,39,23,77,24,clear,land|coastal,land:4.1;land:8.37;land:30.14;land:24.73
C3924,C,39,24,78,24,clear,land|coastal,land:4.1;land:8.37;land:30.14;land:24.73
C3925,C,39,25,79,24,clear,land|coastal,land:4.1;land:8.37;land:30.14;land:24.73
C3926,C,39,26,80,24,clear,land|coastal,land:4.1;land:8.37;land:30.14;land:24.73
C3927,C,39,27,81,24,clear,land,land:4.1;land:8.37
C3928,C,39,28,82,24,unclassified,,land:4.1
C3929,C,39,29,83,24,unclassified,,land:4.1
C3930,C,39,30,84,24,unclassified,,land:4.1
C3931,C,39,31,85,24,unclassified,,land:4.1
C3932,C,39,32,86,24,unclassified,,land:4.1
C3933,C,39,33,87,24,unclassified,,land:4.1
C4001,C,40,1,56,23,unclassified,,land:4.1
C4002,C,40,2,57,23,unclassified,,land:4.1
C4003,C,40,3,58,23,unclassified,,land:4.1
C4004,C,40,4,59,23,unclassified,,land:4.1
C4005,C,40,5,60,23,unclassified,,land:4.1
C4006,C,40,6,61,23,unclassified,,land:4.1
C4007,C,40,7,62,23,unclassified,,land:4.1
C4008,C,40,8,63,23,unclassified,,land:4.1
C4009,C,40,9,64,23,unclassified,,land:4.1
C4010,C,40,10,65,23,unclassified,,land:4.1
C4011,C,40,11,66,23,unclassified,,land:4.1
C4012,C,40,12,67,23,unclassified,,land:4.1
C4013,C,40,13,68,23,unclassified,,land:4.1
C4014,C,40,14,69,23,unclassified,,land:4.1
C4015,C,40,15,70,23,unclassified,,land:4.1
C4016,C,40,16,71,23,unclassified,,land:4.1
C4017,C,40,17,72,23,unclassified,,land:4.1
C4018,C,40,18,73,23,clear,land,land:4.1;land:8.37
C4019,C,40,19,74,23,clear,land,land:4.1;land:8.37
C4020,C,40,20,75,23,clear,land,land:4.1;land:8.37
C4021,C,40,21,76,23,clear,land|coastal,land:4.1;land:8.37;land:30.14;land:24.73
C4022,C,40,22,77,23,clear,land|coastal|port,land:4.1;land:8.37;land:30.14;land:24.73;airlog:55.0
C4023,C,40,23,78,23,sea,sea,land:4.1;land:8.37
C4024,C,40,24,79,23,sea,sea,land:4.1;land:8.37
C4025,C,40,25,80,23,sea,sea,land:4.1;land:8.37
C4026,C,40,26,81,23,unclassified,coastal,land:4.1;land:8.37;land:30.14;land:24.73
C4027,C,40,27,82,23,clear,land|coastal,land:4.1;land:8.37;land:30.14;land:24.73
C4028,C,40,28,83,23,unclassified,,land:4.1
C4029,C,40,29,84,23,unclassified,,land:4.1
C4030,C,40,30,85,23,unclassified,,land:4.1
C4031,C,40,31,86,23,unclassified,,land:4.1
C4032,C,40,32,87,23,unclassified,,land:4.1
C4033,C,40,33,88,23,unclassified,,land:4.1
C4101,C,41,1,56,22,unclassified,,land:4.1
C4102,C,41,2,57,22,unclassified,,land:4.1
C4103,C,41,3,58,22,unclassified,,land:4.1
C4104,C,41,4,59,22,unclassified,,land:4.1
C4105,C,41,5,60,22,unclassified,,land:4.1
C4106,C,41,6,61,22,unclassified,,land:4.1
C4107,C,41,7,62,22,unclassified,,land:4.1
C4108,C,41,8,63,22,unclassified,,land:4.1
C4109,C,41,9,64,22,unclassified,,land:4.1
C4110,C,41,10,65,22,unclassified,,land:4.1
C4111,C,41,11,66,22,unclassified,,land:4.1
C4112,C,41,12,67,22,unclassified,,land:4.1
C4113,C,41,13,68,22,unclassified,,land:4.1
C4114,C,41,14,69,22,unclassified,,land:4.1
C4115,C,41,15,70,22,unclassified,,land:4.1
C4116,C,41,16,71,22,unclassified,,land:4.1
C4117,C,41,17,72,22,unclassified,,land:4.1
C4118,C,41,18,73,22,clear,land,land:4.1;land:8.37
C4119,C,41,19,74,22,clear,land,land:4.1;land:8.37
C4120,C,41,20,75,22,clear,land,land:4.1;land:8.37
C4121,C,41,21,76,22,clear,land,land:4.1;land:8.37
C4122,C,41,22,77,22,clear,land|coastal,land:4.1;land:8.37;land:30.14;land:24.73
C4123,C,41,23,78,22,sea,sea,land:4.1;land:8.37
C4126,C,41,26,81,22,sea,sea,land:4.1;land:8.37
C4127,C,41,27,82,22,sea,sea,land:4.1;land:8.37
C4128,C,41,28,83,22,unclassified,,land:4.1
C4129,C,41,29,84,22,unclassified,,land:4.1
C4130,C,41,30,85,22,unclassified,,land:4.1
C4131,C,41,31,86,22,unclassified,,land:4.1
C4132,C,41,32,87,22,unclassified,,land:4.1
C4133,C,41,33,88,22,unclassified,,land:4.1
C4201,C,42,1,57,21,unclassified,,land:4.1
C4202,C,42,2,58,21,unclassified,,land:4.1
C4203,C,42,3,59,21,unclassified,,land:4.1
C4204,C,42,4,60,21,unclassified,,land:4.1
C4205,C,42,5,61,21,unclassified,,land:4.1
C4206,C,42,6,62,21,unclassified,,land:4.1
C4207,C,42,7,63,21,unclassified,,land:4.1
C4208,C,42,8,64,21,unclassified,,land:4.1
C4209,C,42,9,65,21,unclassified,,land:4.1
C4210,C,42,10,66,21,unclassified,,land:4.1
C4211,C,42,11,67,21,unclassified,,land:4.1
C4212,C,42,12,68,21,unclassified,,land:4.1
C4213,C,42,13,69,21,unclassified,,land:4.1
C4214,C,42,14,70,21,unclassified,,land:4.1
C4215,C,42,15,71,21,unclassified,,land:4.1
C4216,C,42,16,72,21,unclassified,,land:4.1
C4217,C,42,17,73,21,unclassified,,land:4.1
C4218,C,42,18,74,21,clear,land,land:4.1;land:8.37
C4219,C,42,19,75,21,clear,land,land:4.1;land:8.37
C4220,C,42,20,76,21,clear,land,land:4.1;land:8.37
C4221,C,42,21,77,21,rough,land|coastal,land:4.1;land:8.37;land:30.14;land:24.73
C4222,C,42,22,78,21,sea,sea,land:4.1;land:8.37
C4228,C,42,28,84,21,unclassified,,land:4.1
C4229,C,42,29,85,21,unclassified,,land:4.1
C4230,C,42,30,86,21,unclassified,,land:4.1
C4231,C,42,31,87,21,unclassified,,land:4.1
C4232,C,42,32,88,21,unclassified,,land:4.1
C4233,C,42,33,89,21,unclassified,,land:4.1
C4301,C,43,1,57,20,unclassified,,land:4.1
C4302,C,43,2,58,20,unclassified,,land:4.1
C4303,C,43,3,59,20,unclassified,,land:4.1
C4304,C,43,4,60,20,unclassified,,land:4.1
C4305,C,43,5,61,20,unclassified,,land:4.1
C4306,C,43,6,62,20,unclassified,,land:4.1
C4307,C,43,7,63,20,unclassified,,land:4.1
C4308,C,43,8,64,20,unclassified,,land:4.1
C4309,C,43,9,65,20,unclassified,,land:4.1
C4310,C,43,10,66,20,unclassified,,land:4.1
C4311,C,43,11,67,20,unclassified,,land:4.1
C4312,C,43,12,68,20,unclassified,,land:4.1
C4313,C,43,13,69,20,unclassified,,land:4.1
C4314,C,43,14,70,20,unclassified,,land:4.1
C4315,C,43,15,71,20,unclassified,,land:4.1
C4316,C,43,16,72,20,unclassified,,land:4.1
C4317,C,43,17,73,20,unclassified,,land:4.1
C4318,C,43,18,74,20,unclassified,,land:4.1
C4319,C,43,19,75,20,clear,land,land:4.1;land:8.37;interp:map-0002
C4320,C,43,20,76,20,clear,land,land:4.1;land:8.37;interp:map-0002
C4321,C,43,21,77,20,major_city,land|coastal|major_city|port,land:4.1;land:8.37;interp:map-0002;scen:60.31;land:30.1
C4322,C,43,22,78,20,sea,sea,land:4.1;land:8.37;interp:map-0002
C4401,C,44,1,58,19,unclassified,,land:4.1
C4402,C,44,2,59,19,unclassified,,land:4.1
C4403,C,44,3,60,19,unclassified,,land:4.1
C4404,C,44,4,61,19,unclassified,,land:4.1
C4405,C,44,5,62,19,unclassified,,land:4.1
C4406,C,44,6,63,19,unclassified,,land:4.1
C4407,C,44,7,64,19,unclassified,,land:4.1
C4408,C,44,8,65,19,unclassified,,land:4.1
C4409,C,44,9,66,19,unclassified,,land:4.1
C4410,C,44,10,67,19,unclassified,,land:4.1
C4411,C,44,11,68,19,unclassified,,land:4.1
C4412,C,44,12,69,19,unclassified,,land:4.1
C4413,C,44,13,70,19,unclassified,,land:4.1
C4414,C,44,14,71,19,unclassified,,land:4.1
C4415,C,44,15,72,19,unclassified,,land:4.1
C4416,C,44,16,73,19,unclassified,,land:4.1
C4417,C,44,17,74,19,unclassified,,land:4.1
C4418,C,44,18,75,19,unclassified,,land:4.1
C4419,C,44,19,76,19,clear,land,land:4.1;land:8.37;interp:map-0002
C4420,C,44,20,77,19,clear,land|coastal,land:4.1;land:8.37;interp:map-0002
C4421,C,44,21,78,19,sea,sea,land:4.1;land:8.37;interp:map-0002
C4501,C,45,1,58,18,unclassified,,land:4.1
C4502,C,45,2,59,18,unclassified,,land:4.1
C4503,C,45,3,60,18,unclassified,,land:4.1
C4504,C,45,4,61,18,unclassified,,land:4.1
C4505,C,45,5,62,18,unclassified,,land:4.1
C4506,C,45,6,63,18,unclassified,,land:4.1
C4507,C,45,7,64,18,unclassified,,land:4.1
C4508,C,45,8,65,18,unclassified,,land:4.1
C4509,C,45,9,66,18,unclassified,,land:4.1
C4510,C,45,10,67,18,unclassified,,land:4.1
C4511,C,45,11,68,18,unclassified,,land:4.1
C4512,C,45,12,69,18,unclassified,,land:4.1
C4513,C,45,13,70,18,unclassified,,land:4.1
C4514,C,45,14,71,18,unclassified,,land:4.1
C4515,C,45,15,72,18,unclassified,,land:4.1
C4516,C,45,16,73,18,unclassified,,land:4.1
C4517,C,45,17,74,18,unclassified,,land:4.1
C4518,C,45,18,75,18,unclassified,,land:4.1
C4519,C,45,19,76,18,clear,land,land:4.1;land:8.37;interp:map-0002
C4520,C,45,20,77,18,rough,land|coastal,land:4.1;land:8.37;interp:map-0002
C4521,C,45,21,78,18,sea,sea,land:4.1;land:8.37;interp:map-0002
C4601,C,46,1,59,17,unclassified,,land:4.1
C4602,C,46,2,60,17,unclassified,,land:4.1
C4603,C,46,3,61,17,unclassified,,land:4.1
C4604,C,46,4,62,17,unclassified,,land:4.1
C4605,C,46,5,63,17,unclassified,,land:4.1
C4606,C,46,6,64,17,unclassified,,land:4.1
C4607,C,46,7,65,17,unclassified,,land:4.1
C4608,C,46,8,66,17,unclassified,,land:4.1
C4609,C,46,9,67,17,unclassified,,land:4.1
C4610,C,46,10,68,17,unclassified,,land:4.1
C4611,C,46,11,69,17,unclassified,,land:4.1
C4612,C,46,12,70,17,unclassified,,land:4.1
C4613,C,46,13,71,17,unclassified,,land:4.1
C4614,C,46,14,72,17,unclassified,,land:4.1
C4615,C,46,15,73,17,unclassified,,land:4.1
C4616,C,46,16,74,17,unclassified,,land:4.1
C4617,C,46,17,75,17,unclassified,,land:4.1
C4618,C,46,18,76,17,unclassified,,land:4.1
C4619,C,46,19,77,17,unclassified,,land:4.1
C4620,C,46,20,78,17,unclassified,,land:4.1
C4621,C,46,21,79,17,unclassified,,land:4.1
C4701,C,47,1,59,16,unclassified,,land:4.1
C4702,C,47,2,60,16,unclassified,,land:4.1
C4703,C,47,3,61,16,unclassified,,land:4.1
C4704,C,47,4,62,16,unclassified,,land:4.1
C4705,C,47,5,63,16,unclassified,,land:4.1
C4706,C,47,6,64,16,unclassified,,land:4.1
C4707,C,47,7,65,16,unclassified,,land:4.1
C4708,C,47,8,66,16,unclassified,,land:4.1
C4709,C,47,9,67,16,unclassified,,land:4.1
C4710,C,47,10,68,16,unclassified,,land:4.1
C4711,C,47,11,69,16,unclassified,,land:4.1
C4712,C,47,12,70,16,unclassified,,land:4.1
C4713,C,47,13,71,16,unclassified,,land:4.1
C4714,C,47,14,72,16,unclassified,,land:4.1
C4715,C,47,15,73,16,unclassified,,land:4.1
C4716,C,47,16,74,16,unclassified,,land:4.1
C4717,C,47,17,75,16,unclassified,,land:4.1
C4718,C,47,18,76,16,unclassified,,land:4.1
C4719,C,47,19,77,16,unclassified,,land:4.1
C4720,C,47,20,78,16,unclassified,,land:4.1
C4721,C,47,21,79,16,unclassified,,land:4.1
C4801,C,48,1,60,15,unclassified,,land:4.1
C4802,C,48,2,61,15,unclassified,,land:4.1
C4803,C,48,3,62,15,unclassified,,land:4.1
C4804,C,48,4,63,15,unclassified,,land:4.1
C4805,C,48,5,64,15,unclassified,,land:4.1
C4806,C,48,6,65,15,unclassified,,land:4.1
C4807,C,48,7,66,15,unclassified,,land:4.1
C4808,C,48,8,67,15,unclassified,,land:4.1
C4809,C,48,9,68,15,unclassified,,land:4.1
C4810,C,48,10,69,15,unclassified,,land:4.1
C4811,C,48,11,70,15,unclassified,,land:4.1
C4812,C,48,12,71,15,unclassified,,land:4.1
C4813,C,48,13,72,15,unclassified,,land:4.1
C4814,C,48,14,73,15,unclassified,,land:4.1
C4815,C,48,15,74,15,unclassified,,land:4.1
C4816,C,48,16,75,15,unclassified,,land:4.1
C4817,C,48,17,76,15,unclassified,,land:4.1
C4818,C,48,18,77,15,unclassified,,land:4.1
C4819,C,48,19,78,15,unclassified,,land:4.1
C4901,C,49,1,60,14,unclassified,,land:4.1
C4902,C,49,2,61,14,unclassified,,land:4.1
C4903,C,49,3,62,14,unclassified,,land:4.1
C4904,C,49,4,63,14,unclassified,,land:4.1
C4905,C,49,5,64,14,unclassified,,land:4.1
C4906,C,49,6,65,14,unclassified,,land:4.1
C4907,C,49,7,66,14,unclassified,,land:4.1
C4908,C,49,8,67,14,unclassified,,land:4.1
C5001,C,50,1,61,13,unclassified,,land:4.1
C5002,C,50,2,62,13,unclassified,,land:4.1
C5003,C,50,3,63,13,unclassified,,land:4.1
C5004,C,50,4,64,13,unclassified,,land:4.1
C5005,C,50,5,65,13,unclassified,,land:4.1
C5006,C,50,6,66,13,unclassified,,land:4.1
C5104,C,51,4,64,12,unclassified,,land:4.1
C5105,C,51,5,65,12,unclassified,,land:4.1
D0101,D,1,1,69,62,unclassified,,land:4.1
D0102,D,1,2,70,62,unclassified,,land:4.1
D0103,D,1,3,71,62,unclassified,,land:4.1
D0104,D,1,4,72,62,unclassified,,land:4.1
D0105,D,1,5,73,62,unclassified,,land:4.1
D0106,D,1,6,74,62,unclassified,,land:4.1
D0107,D,1,7,75,62,unclassified,,land:4.1
D0108,D,1,8,76,62,unclassified,,land:4.1
D0109,D,1,9,77,62,unclassified,,land:4.1
D0110,D,1,10,78,62,unclassified,,land:4.1
D0111,D,1,11,79,62,unclassified,,land:4.1
D0112,D,1,12,80,62,unclassified,,land:4.1
D0113,D,1,13,81,62,unclassified,,land:4.1
D0114,D,1,14,82,62,unclassified,,land:4.1
D0115,D,1,15,83,62,unclassified,,land:4.1
D0116,D,1,16,84,62,unclassified,,land:4.1
D0117,D,1,17,85,62,unclassified,,land:4.1
D0118,D,1,18,86,62,unclassified,,land:4.1
D0119,D,1,19,87,62,unclassified,,land:4.1
D0120,D,1,20,88,62,unclassified,,land:4.1
D0121,D,1,21,89,62,unclassified,,land:4.1
D0122,D,1,22,90,62,unclassified,,land:4.1
D0123,D,1,23,91,62,unclassified,,land:4.1
D0124,D,1,24,92,62,unclassified,,land:4.1
D0125,D,1,25,93,62,unclassified,,land:4.1
D0126,D,1,26,94,62,unclassified,,land:4.1
D0127,D,1,27,95,62,unclassified,,land:4.1
D0128,D,1,28,96,62,unclassified,,land:4.1
D0129,D,1,29,97,62,unclassified,,land:4.1
D0130,D,1,30,98,62,unclassified,,land:4.1
D0131,D,1,31,99,62,unclassified,,land:4.1
D0132,D,1,32,100,62,unclassified,,land:4.1
D0133,D,1,33,101,62,unclassified,,land:4.1
D0201,D,2,1,70,61,unclassified,,land:4.1
D0202,D,2,2,71,61,unclassified,,land:4.1
D0203,D,2,3,72,61,unclassified,,land:4.1
D0204,D,2,4,73,61,unclassified,,land:4.1
D0205,D,2,5,74,61,unclassified,,land:4.1
D0206,D,2,6,75,61,unclassified,,land:4.1
D0207,D,2,7,76,61,unclassified,,land:4.1
D0208,D,2,8,77,61,unclassified,,land:4.1
D0209,D,2,9,78,61,unclassified,,land:4.1
D0210,D,2,10,79,61,unclassified,,land:4.1
D0211,D,2,11,80,61,unclassified,,land:4.1
D0212,D,2,12,81,61,unclassified,,land:4.1
D0213,D,2,13,82,61,unclassified,,land:4.1
D0214,D,2,14,83,61,unclassified,,land:4.1
D0215,D,2,15,84,61,unclassified,,land:4.1
D0216,D,2,16,85,61,unclassified,,land:4.1
D0217,D,2,17,86,61,unclassified,,land:4.1
D0218,D,2,18,87,61,unclassified,,land:4.1
D0219,D,2,19,88,61,unclassified,,land:4.1
D0220,D,2,20,89,61,unclassified,,land:4.1
D0221,D,2,21,90,61,unclassified,,land:4.1
D0222,D,2,22,91,61,unclassified,,land:4.1
D0223,D,2,23,92,61,unclassified,,land:4.1
D0224,D,2,24,93,61,unclassified,,land:4.1
D0225,D,2,25,94,61,unclassified,,land:4.1
D0226,D,2,26,95,61,unclassified,,land:4.1
D0227,D,2,27,96,61,unclassified,,land:4.1
D0228,D,2,28,97,61,unclassified,,land:4.1
D0229,D,2,29,98,61,unclassified,,land:4.1
D0230,D,2,30,99,61,unclassified,,land:4.1
D0231,D,2,31,100,61,unclassified,,land:4.1
D0232,D,2,32,101,61,unclassified,,land:4.1
D0233,D,2,33,102,61,unclassified,,land:4.1
D0301,D,3,1,70,60,unclassified,,land:4.1
D0302,D,3,2,71,60,unclassified,,land:4.1
D0303,D,3,3,72,60,unclassified,,land:4.1
D0304,D,3,4,73,60,unclassified,,land:4.1
D0305,D,3,5,74,60,unclassified,,land:4.1
D0306,D,3,6,75,60,unclassified,,land:4.1
D0307,D,3,7,76,60,unclassified,,land:4.1
D0308,D,3,8,77,60,unclassified,,land:4.1
D0309,D,3,9,78,60,unclassified,,land:4.1
D0310,D,3,10,79,60,unclassified,,land:4.1
D0311,D,3,11,80,60,unclassified,,land:4.1
D0312,D,3,12,81,60,unclassified,,land:4.1
D0313,D,3,13,82,60,unclassified,,land:4.1
D0314,D,3,14,83,60,unclassified,,land:4.1
D0315,D,3,15,84,60,unclassified,,land:4.1
D0316,D,3,16,85,60,unclassified,,land:4.1
D0317,D,3,17,86,60,unclassified,,land:4.1
D0318,D,3,18,87,60,unclassified,,land:4.1
D0319,D,3,19,88,60,unclassified,,land:4.1
D0320,D,3,20,89,60,unclassified,,land:4.1
D0321,D,3,21,90,60,unclassified,,land:4.1
D0322,D,3,22,91,60,unclassified,,land:4.1
D0323,D,3,23,92,60,unclassified,,land:4.1
D0324,D,3,24,93,60,unclassified,,land:4.1
D0325,D,3,25,94,60,unclassified,,land:4.1
D0326,D,3,26,95,60,unclassified,,land:4.1
D0327,D,3,27,96,60,unclassified,,land:4.1
D0328,D,3,28,97,60,unclassified,,land:4.1
D0329,D,3,29,98,60,unclassified,,land:4.1
D0330,D,3,30,99,60,unclassified,,land:4.1
D0331,D,3,31,100,60,unclassified,,land:4.1
D0332,D,3,32,101,60,unclassified,,land:4.1
D0333,D,3,33,102,60,unclassified,,land:4.1
D0401,D,4,1,71,59,unclassified,,land:4.1
D0402,D,4,2,72,59,unclassified,,land:4.1
D0403,D,4,3,73,59,unclassified,,land:4.1
D0404,D,4,4,74,59,unclassified,,land:4.1
D0405,D,4,5,75,59,unclassified,,land:4.1
D0406,D,4,6,76,59,unclassified,,land:4.1
D0407,D,4,7,77,59,unclassified,,land:4.1
D0408,D,4,8,78,59,unclassified,,land:4.1
D0409,D,4,9,79,59,unclassified,,land:4.1
D0410,D,4,10,80,59,unclassified,,land:4.1
D0411,D,4,11,81,59,unclassified,,land:4.1
D0412,D,4,12,82,59,unclassified,,land:4.1
D0413,D,4,13,83,59,unclassified,,land:4.1
D0414,D,4,14,84,59,unclassified,,land:4.1
D0415,D,4,15,85,59,unclassified,,land:4.1
D0416,D,4,16,86,59,unclassified,,land:4.1
D0417,D,4,17,87,59,unclassified,,land:4.1
D0418,D,4,18,88,59,unclassified,,land:4.1
D0419,D,4,19,89,59,unclassified,,land:4.1
D0420,D,4,20,90,59,unclassified,,land:4.1
D0421,D,4,21,91,59,unclassified,,land:4.1
D0422,D,4,22,92,59,unclassified,,land:4.1
D0423,D,4,23,93,59,unclassified,,land:4.1
D0424,D,4,24,94,59,unclassified,,land:4.1
D0425,D,4,25,95,59,unclassified,,land:4.1
D0426,D,4,26,96,59,unclassified,,land:4.1
D0427,D,4,27,97,59,unclassified,,land:4.1
D0428,D,4,28,98,59,unclassified,,land:4.1
D0429,D,4,29,99,59,unclassified,,land:4.1
D0430,D,4,30,100,59,unclassified,,land:4.1
D0431,D,4,31,101,59,unclassified,,land:4.1
D0432,D,4,32,102,59,unclassified,,land:4.1
D0433,D,4,33,103,59,unclassified,,land:4.1
D0501,D,5,1,71,58,unclassified,,land:4.1
D0502,D,5,2,72,58,unclassified,,land:4.1
D0503,D,5,3,73,58,unclassified,,land:4.1
D0504,D,5,4,74,58,unclassified,,land:4.1
D0505,D,5,5,75,58,unclassified,,land:4.1
D0506,D,5,6,76,58,unclassified,,land:4.1
D0507,D,5,7,77,58,unclassified,,land:4.1
D0508,D,5,8,78,58,unclassified,,land:4.1
D0509,D,5,9,79,58,unclassified,,land:4.1
D0510,D,5,10,80,58,unclassified,,land:4.1
D0511,D,5,11,81,58,unclassified,,land:4.1
D0512,D,5,12,82,58,unclassified,,land:4.1
D0513,D,5,13,83,58,unclassified,,land:4.1
D0514,D,5,14,84,58,unclassified,,land:4.1
D0515,D,5,15,85,58,unclassified,,land:4.1
D0516,D,5,16,86,58,unclassified,,land:4.1
D0517,D,5,17,87,58,unclassified,,land:4.1
D0518,D,5,18,88,58,unclassified,,land:4.1
D0519,D,5,19,89,58,unclassified,,land:4.1
D0520,D,5,20,90,58,unclassified,,land:4.1
D0521,D,5,21,91,58,unclassified,,land:4.1
D0522,D,5,22,92,58,unclassified,,land:4.1
D0523,D,5,23,93,58,unclassified,,land:4.1
D0524,D,5,24,94,58,unclassified,,land:4.1
D0525,D,5,25,95,58,unclassified,,land:4.1
D0526,D,5,26,96,58,unclassified,,land:4.1
D0527,D,5,27,97,58,unclassified,,land:4.1
D0528,D,5,28,98,58,unclassified,,land:4.1
D0529,D,5,29,99,58,unclassified,,land:4.1
D0530,D,5,30,100,58,unclassified,,land:4.1
D0531,D,5,31,101,58,unclassified,,land:4.1
D0532,D,5,32,102,58,unclassified,,land:4.1
D0533,D,5,33,103,58,unclassified,,land:4.1
D0601,D,6,1,72,57,unclassified,,land:4.1
D0602,D,6,2,73,57,unclassified,,land:4.1
D0603,D,6,3,74,57,unclassified,,land:4.1
D0604,D,6,4,75,57,unclassified,,land:4.1
D0605,D,6,5,76,57,unclassified,,land:4.1
D0606,D,6,6,77,57,unclassified,,land:4.1
D0607,D,6,7,78,57,unclassified,,land:4.1
D0608,D,6,8,79,57,unclassified,,land:4.1
D0609,D,6,9,80,57,unclassified,,land:4.1
D0610,D,6,10,81,57,unclassified,,land:4.1
D0611,D,6,11,82,57,unclassified,,land:4.1
D0612,D,6,12,83,57,unclassified,,land:4.1
D0613,D,6,13,84,57,unclassified,,land:4.1
D0614,D,6,14,85,57,unclassified,,land:4.1
D0615,D,6,15,86,57,unclassified,,land:4.1
D0616,D,6,16,87,57,unclassified,,land:4.1
D0617,D,6,17,88,57,unclassified,,land:4.1
D0618,D,6,18,89,57,unclassified,,land:4.1
D0619,D,6,19,90,57,unclassified,,land:4.1
D0620,D,6,20,91,57,unclassified,,land:4.1
D0621,D,6,21,92,57,unclassified,,land:4.1
D0622,D,6,22,93,57,unclassified,,land:4.1
D0623,D,6,23,94,57,unclassified,,land:4.1
D0624,D,6,24,95,57,unclassified,,land:4.1
D0625,D,6,25,96,57,unclassified,,land:4.1
D0626,D,6,26,97,57,unclassified,,land:4.1
D0627,D,6,27,98,57,unclassified,,land:4.1
D0628,D,6,28,99,57,unclassified,,land:4.1
D0629,D,6,29,100,57,unclassified,,land:4.1
D0630,D,6,30,101,57,unclassified,,land:4.1
D0631,D,6,31,102,57,unclassified,,land:4.1
D0632,D,6,32,103,57,unclassified,,land:4.1
D0633,D,6,33,104,57,unclassified,,land:4.1
D0701,D,7,1,72,56,unclassified,,land:4.1
D0702,D,7,2,73,56,unclassified,,land:4.1
D0703,D,7,3,74,56,unclassified,,land:4.1
D0704,D,7,4,75,56,unclassified,,land:4.1
D0705,D,7,5,76,56,unclassified,,land:4.1
D0706,D,7,6,77,56,unclassified,,land:4.1
D0707,D,7,7,78,56,unclassified,,land:4.1
D0708,D,7,8,79,56,unclassified,,land:4.1
D0709,D,7,9,80,56,unclassified,,land:4.1
D0710,D,7,10,81,56,unclassified,,land:4.1
D0711,D,7,11,82,56,unclassified,,land:4.1
D0712,D,7,12,83,56,unclassified,,land:4.1
D0713,D,7,13,84,56,unclassified,,land:4.1
D0714,D,7,14,85,56,unclassified,,land:4.1
D0715,D,7,15,86,56,unclassified,,land:4.1
D0716,D,7,16,87,56,unclassified,,land:4.1
D0717,D,7,17,88,56,unclassified,,land:4.1
D0718,D,7,18,89,56,unclassified,,land:4.1
D0719,D,7,19,90,56,unclassified,,land:4.1
D0720,D,7,20,91,56,unclassified,,land:4.1
D0721,D,7,21,92,56,unclassified,,land:4.1
D0722,D,7,22,93,56,unclassified,,land:4.1
D0723,D,7,23,94,56,unclassified,,land:4.1
D0724,D,7,24,95,56,unclassified,,land:4.1
D0725,D,7,25,96,56,unclassified,,land:4.1
D0726,D,7,26,97,56,unclassified,,land:4.1
D0727,D,7,27,98,56,unclassified,,land:4.1
D0728,D,7,28,99,56,unclassified,,land:4.1
D0729,D,7,29,100,56,unclassified,,land:4.1
D0730,D,7,30,101,56,unclassified,,land:4.1
D0731,D,7,31,102,56,unclassified,,land:4.1
D0732,D,7,32,103,56,unclassified,,land:4.1
D0733,D,7,33,104,56,unclassified,,land:4.1
D0801,D,8,1,73,55,unclassified,,land:4.1
D0802,D,8,2,74,55,unclassified,,land:4.1
D0803,D,8,3,75,55,unclassified,,land:4.1
D0804,D,8,4,76,55,unclassified,,land:4.1
D0805,D,8,5,77,55,unclassified,,land:4.1
D0806,D,8,6,78,55,unclassified,,land:4.1
D0807,D,8,7,79,55,unclassified,,land:4.1
D0808,D,8,8,80,55,unclassified,,land:4.1
D0809,D,8,9,81,55,unclassified,,land:4.1
D0810,D,8,10,82,55,unclassified,,land:4.1
D0811,D,8,11,83,55,unclassified,,land:4.1
D0812,D,8,12,84,55,unclassified,,land:4.1
D0813,D,8,13,85,55,unclassified,,land:4.1
D0814,D,8,14,86,55,unclassified,,land:4.1
D0815,D,8,15,87,55,unclassified,,land:4.1
D0816,D,8,16,88,55,unclassified,,land:4.1
D0817,D,8,17,89,55,unclassified,,land:4.1
D0818,D,8,18,90,55,unclassified,,land:4.1
D0819,D,8,19,91,55,unclassified,,land:4.1
D0820,D,8,20,92,55,unclassified,,land:4.1
D0821,D,8,21,93,55,unclassified,,land:4.1
D0822,D,8,22,94,55,unclassified,,land:4.1
D0823,D,8,23,95,55,unclassified,,land:4.1
D0824,D,8,24,96,55,unclassified,,land:4.1
D0825,D,8,25,97,55,unclassified,,land:4.1
D0826,D,8,26,98,55,unclassified,,land:4.1
D0827,D,8,27,99,55,unclassified,,land:4.1
D0828,D,8,28,100,55,unclassified,,land:4.1
D0829,D,8,29,101,55,unclassified,,land:4.1
D0830,D,8,30,102,55,unclassified,,land:4.1
D0831,D,8,31,103,55,unclassified,,land:4.1
D0832,D,8,32,104,55,unclassified,,land:4.1
D0833,D,8,33,105,55,unclassified,,land:4.1
D0901,D,9,1,73,54,unclassified,,land:4.1
D0902,D,9,2,74,54,unclassified,,land:4.1
D0903,D,9,3,75,54,unclassified,,land:4.1
D0904,D,9,4,76,54,unclassified,,land:4.1
D0905,D,9,5,77,54,unclassified,,land:4.1
D0906,D,9,6,78,54,unclassified,,land:4.1
D0907,D,9,7,79,54,unclassified,,land:4.1
D0908,D,9,8,80,54,unclassified,,land:4.1
D0909,D,9,9,81,54,unclassified,,land:4.1
D0910,D,9,10,82,54,unclassified,,land:4.1
D0911,D,9,11,83,54,unclassified,,land:4.1
D0912,D,9,12,84,54,unclassified,,land:4.1
D0913,D,9,13,85,54,unclassified,,land:4.1
D0914,D,9,14,86,54,unclassified,,land:4.1
D0915,D,9,15,87,54,unclassified,,land:4.1
D0916,D,9,16,88,54,unclassified,,land:4.1
D0917,D,9,17,89,54,unclassified,,land:4.1
D0918,D,9,18,90,54,unclassified,,land:4.1
D0919,D,9,19,91,54,unclassified,,land:4.1
D0920,D,9,20,92,54,unclassified,,land:4.1
D0921,D,9,21,93,54,unclassified,,land:4.1
D0922,D,9,22,94,54,unclassified,,land:4.1
D0923,D,9,23,95,54,unclassified,,land:4.1
D0924,D,9,24,96,54,unclassified,,land:4.1
D0925,D,9,25,97,54,unclassified,,land:4.1
D0926,D,9,26,98,54,unclassified,,land:4.1
D0927,D,9,27,99,54,unclassified,,land:4.1
D0928,D,9,28,100,54,unclassified,,land:4.1
D0929,D,9,29,101,54,unclassified,,land:4.1
D0930,D,9,30,102,54,unclassified,,land:4.1
D0931,D,9,31,103,54,unclassified,,land:4.1
D0932,D,9,32,104,54,unclassified,,land:4.1
D0933,D,9,33,105,54,unclassified,,land:4.1
D1001,D,10,1,74,53,unclassified,,land:4.1
D1002,D,10,2,75,53,unclassified,,land:4.1
D1003,D,10,3,76,53,unclassified,,land:4.1
D1004,D,10,4,77,53,unclassified,,land:4.1
D1005,D,10,5,78,53,unclassified,,land:4.1
D1006,D,10,6,79,53,unclassified,,land:4.1
D1007,D,10,7,80,53,unclassified,,land:4.1
D1008,D,10,8,81,53,unclassified,,land:4.1
D1009,D,10,9,82,53,unclassified,,land:4.1
D1010,D,10,10,83,53,unclassified,,land:4.1
D1011,D,10,11,84,53,unclassified,,land:4.1
D1012,D,10,12,85,53,unclassified,,land:4.1
D1013,D,10,13,86,53,unclassified,,land:4.1
D1014,D,10,14,87,53,unclassified,,land:4.1
D1015,D,10,15,88,53,unclassified,,land:4.1
D1016,D,10,16,89,53,unclassified,,land:4.1
D1017,D,10,17,90,53,unclassified,,land:4.1
D1018,D,10,18,91,53,unclassified,,land:4.1
D1019,D,10,19,92,53,unclassified,,land:4.1
D1020,D,10,20,93,53,unclassified,,land:4.1
D1021,D,10,21,94,53,unclassified,,land:4.1
D1022,D,10,22,95,53,unclassified,,land:4.1
D1023,D,10,23,96,53,unclassified,,land:4.1
D1024,D,10,24,97,53,unclassified,,land:4.1
D1025,D,10,25,98,53,unclassified,,land:4.1
D1026,D,10,26,99,53,unclassified,,land:4.1
D1027,D,10,27,100,53,unclassified,,land:4.1
D1028,D,10,28,101,53,unclassified,,land:4.1
D1029,D,10,29,102,53,unclassified,,land:4.1
D1030,D,10,30,103,53,unclassified,,land:4.1
D1031,D,10,31,104,53,unclassified,,land:4.1
D1032,D,10,32,105,53,unclassified,,land:4.1
D1033,D,10,33,106,53,unclassified,,land:4.1
D1101,D,11,1,74,52,unclassified,,land:4.1
D1102,D,11,2,75,52,unclassified,,land:4.1
D1103,D,11,3,76,52,unclassified,,land:4.1
D1104,D,11,4,77,52,unclassified,,land:4.1
D1105,D,11,5,78,52,unclassified,,land:4.1
D1106,D,11,6,79,52,unclassified,,land:4.1
D1107,D,11,7,80,52,unclassified,,land:4.1
D1108,D,11,8,81,52,unclassified,,land:4.1
D1109,D,11,9,82,52,unclassified,,land:4.1
D1110,D,11,10,83,52,unclassified,,land:4.1
D1111,D,11,11,84,52,unclassified,,land:4.1
D1112,D,11,12,85,52,unclassified,,land:4.1
D1113,D,11,13,86,52,unclassified,,land:4.1
D1114,D,11,14,87,52,unclassified,,land:4.1
D1115,D,11,15,88,52,unclassified,,land:4.1
D1116,D,11,16,89,52,unclassified,,land:4.1
D1117,D,11,17,90,52,unclassified,,land:4.1
D1118,D,11,18,91,52,unclassified,,land:4.1
D1119,D,11,19,92,52,unclassified,,land:4.1
D1120,D,11,20,93,52,unclassified,,land:4.1
D1121,D,11,21,94,52,unclassified,,land:4.1
D1122,D,11,22,95,52,unclassified,,land:4.1
D1123,D,11,23,96,52,unclassified,,land:4.1
D1124,D,11,24,97,52,unclassified,,land:4.1
D1125,D,11,25,98,52,unclassified,,land:4.1
D1126,D,11,26,99,52,unclassified,,land:4.1
D1127,D,11,27,100,52,unclassified,,land:4.1
D1128,D,11,28,101,52,unclassified,,land:4.1
D1129,D,11,29,102,52,unclassified,,land:4.1
D1130,D,11,30,103,52,unclassified,,land:4.1
D1131,D,11,31,104,52,unclassified,,land:4.1
D1132,D,11,32,105,52,unclassified,,land:4.1
D1133,D,11,33,106,52,unclassified,,land:4.1
D1201,D,12,1,75,51,unclassified,,land:4.1
D1202,D,12,2,76,51,unclassified,,land:4.1
D1203,D,12,3,77,51,unclassified,,land:4.1
D1204,D,12,4,78,51,unclassified,,land:4.1
D1205,D,12,5,79,51,unclassified,,land:4.1
D1206,D,12,6,80,51,unclassified,,land:4.1
D1207,D,12,7,81,51,unclassified,,land:4.1
D1208,D,12,8,82,51,unclassified,,land:4.1
D1209,D,12,9,83,51,unclassified,,land:4.1
D1210,D,12,10,84,51,unclassified,,land:4.1
D1211,D,12,11,85,51,unclassified,,land:4.1
D1212,D,12,12,86,51,unclassified,,land:4.1
D1213,D,12,13,87,51,unclassified,,land:4.1
D1214,D,12,14,88,51,unclassified,,land:4.1
D1215,D,12,15,89,51,unclassified,,land:4.1
D1216,D,12,16,90,51,unclassified,,land:4.1
D1217,D,12,17,91,51,unclassified,,land:4.1
D1218,D,12,18,92,51,unclassified,,land:4.1
D1219,D,12,19,93,51,unclassified,,land:4.1
D1220,D,12,20,94,51,unclassified,,land:4.1
D1221,D,12,21,95,51,unclassified,,land:4.1
D1222,D,12,22,96,51,unclassified,,land:4.1
D1223,D,12,23,97,51,unclassified,,land:4.1
D1224,D,12,24,98,51,unclassified,,land:4.1
D1225,D,12,25,99,51,unclassified,,land:4.1
D1226,D,12,26,100,51,unclassified,,land:4.1
D1227,D,12,27,101,51,unclassified,,land:4.1
D1228,D,12,28,102,51,unclassified,,land:4.1
D1229,D,12,29,103,51,unclassified,,land:4.1
D1230,D,12,30,104,51,unclassified,,land:4.1
D1231,D,12,31,105,51,unclassified,,land:4.1
D1232,D,12,32,106,51,unclassified,,land:4.1
D1233,D,12,33,107,51,unclassified,,land:4.1
D1301,D,13,1,75,50,unclassified,,land:4.1
D1302,D,13,2,76,50,unclassified,,land:4.1
D1303,D,13,3,77,50,unclassified,,land:4.1
D1304,D,13,4,78,50,unclassified,,land:4.1
D1305,D,13,5,79,50,unclassified,,land:4.1
D1306,D,13,6,80,50,unclassified,,land:4.1
D1307,D,13,7,81,50,unclassified,,land:4.1
D1308,D,13,8,82,50,unclassified,,land:4.1
D1309,D,13,9,83,50,unclassified,,land:4.1
D1310,D,13,10,84,50,unclassified,,land:4.1
D1311,D,13,11,85,50,unclassified,,land:4.1
D1312,D,13,12,86,50,unclassified,,land:4.1
D1313,D,13,13,87,50,unclassified,,land:4.1
D1314,D,13,14,88,50,unclassified,,land:4.1
D1315,D,13,15,89,50,unclassified,,land:4.1
D1316,D,13,16,90,50,unclassified,,land:4.1
D1317,D,13,17,91,50,unclassified,,land:4.1
D1318,D,13,18,92,50,unclassified,,land:4.1
D1319,D,13,19,93,50,unclassified,,land:4.1
D1320,D,13,20,94,50,unclassified,,land:4.1
D1321,D,13,21,95,50,unclassified,,land:4.1
D1322,D,13,22,96,50,unclassified,,land:4.1
D1323,D,13,23,97,50,unclassified,,land:4.1
D1324,D,13,24,98,50,unclassified,,land:4.1
D1325,D,13,25,99,50,unclassified,,land:4.1
D1326,D,13,26,100,50,unclassified,,land:4.1
D1327,D,13,27,101,50,unclassified,,land:4.1
D1328,D,13,28,102,50,unclassified,,land:4.1
D1329,D,13,29,103,50,unclassified,,land:4.1
D1330,D,13,30,104,50,unclassified,,land:4.1
D1331,D,13,31,105,50,unclassified,,land:4.1
D1332,D,13,32,106,50,unclassified,,land:4.1
D1333,D,13,33,107,50,unclassified,,land:4.1
D1401,D,14,1,76,49,unclassified,,land:4.1
D1402,D,14,2,77,49,unclassified,,land:4.1
D1403,D,14,3,78,49,unclassified,,land:4.1
D1404,D,14,4,79,49,unclassified,,land:4.1
D1405,D,14,5,80,49,unclassified,,land:4.1
D1406,D,14,6,81,49,unclassified,,land:4.1
D1407,D,14,7,82,49,unclassified,,land:4.1
D1408,D,14,8,83,49,unclassified,,land:4.1
D1409,D,14,9,84,49,unclassified,,land:4.1
D1410,D,14,10,85,49,unclassified,,land:4.1
D1411,D,14,11,86,49,unclassified,,land:4.1
D1412,D,14,12,87,49,unclassified,,land:4.1
D1413,D,14,13,88,49,unclassified,,land:4.1
D1414,D,14,14,89,49,unclassified,,land:4.1
D1415,D,14,15,90,49,unclassified,,land:4.1
D1416,D,14,16,91,49,unclassified,,land:4.1
D1417,D,14,17,92,49,unclassified,,land:4.1
D1418,D,14,18,93,49,unclassified,,land:4.1
D1419,D,14,19,94,49,unclassified,,land:4.1
D1420,D,14,20,95,49,unclassified,,land:4.1
D1421,D,14,21,96,49,unclassified,,land:4.1
D1422,D,14,22,97,49,unclassified,,land:4.1
D1423,D,14,23,98,49,unclassified,,land:4.1
D1424,D,14,24,99,49,unclassified,,land:4.1
D1425,D,14,25,100,49,unclassified,,land:4.1
D1426,D,14,26,101,49,unclassified,,land:4.1
D1427,D,14,27,102,49,unclassified,,land:4.1
D1428,D,14,28,103,49,unclassified,,land:4.1
D1429,D,14,29,104,49,unclassified,,land:4.1
D1430,D,14,30,105,49,unclassified,,land:4.1
D1431,D,14,31,106,49,unclassified,,land:4.1
D1432,D,14,32,107,49,unclassified,,land:4.1
D1433,D,14,33,108,49,unclassified,,land:4.1
D1501,D,15,1,76,48,unclassified,,land:4.1
D1502,D,15,2,77,48,unclassified,,land:4.1
D1503,D,15,3,78,48,unclassified,,land:4.1
D1504,D,15,4,79,48,unclassified,,land:4.1
D1505,D,15,5,80,48,unclassified,,land:4.1
D1506,D,15,6,81,48,unclassified,,land:4.1
D1507,D,15,7,82,48,unclassified,,land:4.1
D1508,D,15,8,83,48,unclassified,,land:4.1
D1509,D,15,9,84,48,unclassified,,land:4.1
D1510,D,15,10,85,48,unclassified,,land:4.1
D1511,D,15,11,86,48,unclassified,,land:4.1
D1512,D,15,12,87,48,unclassified,,land:4.1
D1513,D,15,13,88,48,unclassified,,land:4.1
D1514,D,15,14,89,48,unclassified,,land:4.1
D1515,D,15,15,90,48,unclassified,,land:4.1
D1516,D,15,16,91,48,unclassified,,land:4.1
D1517,D,15,17,92,48,unclassified,,land:4.1
D1518,D,15,18,93,48,unclassified,,land:4.1
D1519,D,15,19,94,48,unclassified,,land:4.1
D1520,D,15,20,95,48,unclassified,,land:4.1
D1521,D,15,21,96,48,unclassified,,land:4.1
D1522,D,15,22,97,48,unclassified,,land:4.1
D1523,D,15,23,98,48,unclassified,,land:4.1
D1524,D,15,24,99,48,unclassified,,land:4.1
D1525,D,15,25,100,48,unclassified,,land:4.1
D1526,D,15,26,101,48,unclassified,,land:4.1
D1527,D,15,27,102,48,unclassified,,land:4.1
D1528,D,15,28,103,48,unclassified,,land:4.1
D1529,D,15,29,104,48,unclassified,,land:4.1
D1530,D,15,30,105,48,unclassified,,land:4.1
D1531,D,15,31,106,48,unclassified,,land:4.1
D1532,D,15,32,107,48,unclassified,,land:4.1
D1533,D,15,33,108,48,unclassified,,land:4.1
D1601,D,16,1,77,47,unclassified,,land:4.1
D1602,D,16,2,78,47,unclassified,,land:4.1
D1603,D,16,3,79,47,unclassified,,land:4.1
D1604,D,16,4,80,47,unclassified,,land:4.1
D1605,D,16,5,81,47,unclassified,,land:4.1
D1606,D,16,6,82,47,unclassified,,land:4.1
D1607,D,16,7,83,47,unclassified,,land:4.1
D1608,D,16,8,84,47,unclassified,,land:4.1
D1609,D,16,9,85,47,unclassified,,land:4.1
D1610,D,16,10,86,47,unclassified,,land:4.1
D1611,D,16,11,87,47,unclassified,,land:4.1
D1612,D,16,12,88,47,unclassified,,land:4.1
D1613,D,16,13,89,47,unclassified,,land:4.1
D1614,D,16,14,90,47,unclassified,,land:4.1
D1615,D,16,15,91,47,unclassified,,land:4.1
D1616,D,16,16,92,47,unclassified,,land:4.1
D1617,D,16,17,93,47,unclassified,,land:4.1
D1618,D,16,18,94,47,unclassified,,land:4.1
D1619,D,16,19,95,47,unclassified,,land:4.1
D1620,D,16,20,96,47,unclassified,,land:4.1
D1621,D,16,21,97,47,unclassified,,land:4.1
D1622,D,16,22,98,47,unclassified,,land:4.1
D1623,D,16,23,99,47,unclassified,,land:4.1
D1624,D,16,24,100,47,unclassified,,land:4.1
D1625,D,16,25,101,47,unclassified,,land:4.1
D1626,D,16,26,102,47,unclassified,,land:4.1
D1627,D,16,27,103,47,unclassified,,land:4.1
D1628,D,16,28,104,47,unclassified,,land:4.1
D1629,D,16,29,105,47,unclassified,,land:4.1
D1630,D,16,30,106,47,unclassified,,land:4.1
D1631,D,16,31,107,47,unclassified,,land:4.1
D1632,D,16,32,108,47,unclassified,,land:4.1
D1633,D,16,33,109,47,unclassified,,land:4.1
D1701,D,17,1,77,46,unclassified,,land:4.1
D1702,D,17,2,78,46,unclassified,,land:4.1
D1703,D,17,3,79,46,unclassified,,land:4.1
D1704,D,17,4,80,46,unclassified,,land:4.1
D1705,D,17,5,81,46,unclassified,,land:4.1
D1706,D,17,6,82,46,unclassified,,land:4.1
D1707,D,17,7,83,46,unclassified,,land:4.1
D1708,D,17,8,84,46,unclassified,,land:4.1
D1709,D,17,9,85,46,unclassified,,land:4.1
D1710,D,17,10,86,46,unclassified,,land:4.1
D1711,D,17,11,87,46,unclassified,,land:4.1
D1712,D,17,12,88,46,unclassified,,land:4.1
D1713,D,17,13,89,46,unclassified,,land:4.1
D1714,D,17,14,90,46,unclassified,,land:4.1
D1715,D,17,15,91,46,unclassified,,land:4.1
D1716,D,17,16,92,46,unclassified,,land:4.1
D1717,D,17,17,93,46,unclassified,,land:4.1
D1718,D,17,18,94,46,unclassified,,land:4.1
D1719,D,17,19,95,46,unclassified,,land:4.1
D1720,D,17,20,96,46,unclassified,,land:4.1
D1721,D,17,21,97,46,unclassified,,land:4.1
D1722,D,17,22,98,46,unclassified,,land:4.1
D1723,D,17,23,99,46,unclassified,,land:4.1
D1724,D,17,24,100,46,unclassified,,land:4.1
D1725,D,17,25,101,46,unclassified,,land:4.1
D1726,D,17,26,102,46,unclassified,,land:4.1
D1727,D,17,27,103,46,unclassified,,land:4.1
D1728,D,17,28,104,46,unclassified,,land:4.1
D1729,D,17,29,105,46,unclassified,,land:4.1
D1730,D,17,30,106,46,unclassified,,land:4.1
D1731,D,17,31,107,46,unclassified,,land:4.1
D1732,D,17,32,108,46,unclassified,,land:4.1
D1733,D,17,33,109,46,unclassified,,land:4.1
D1801,D,18,1,78,45,unclassified,,land:4.1
D1802,D,18,2,79,45,unclassified,,land:4.1
D1803,D,18,3,80,45,unclassified,,land:4.1
D1804,D,18,4,81,45,unclassified,,land:4.1
D1805,D,18,5,82,45,unclassified,,land:4.1
D1806,D,18,6,83,45,unclassified,,land:4.1
D1807,D,18,7,84,45,unclassified,,land:4.1
D1808,D,18,8,85,45,unclassified,,land:4.1
D1809,D,18,9,86,45,unclassified,,land:4.1
D1810,D,18,10,87,45,unclassified,,land:4.1
D1811,D,18,11,88,45,unclassified,,land:4.1
D1812,D,18,12,89,45,unclassified,,land:4.1
D1813,D,18,13,90,45,unclassified,,land:4.1
D1814,D,18,14,91,45,unclassified,,land:4.1
D1815,D,18,15,92,45,unclassified,,land:4.1
D1816,D,18,16,93,45,unclassified,,land:4.1
D1817,D,18,17,94,45,unclassified,,land:4.1
D1818,D,18,18,95,45,unclassified,,land:4.1
D1819,D,18,19,96,45,unclassified,,land:4.1
D1820,D,18,20,97,45,unclassified,,land:4.1
D1821,D,18,21,98,45,unclassified,,land:4.1
D1822,D,18,22,99,45,unclassified,,land:4.1
D1823,D,18,23,100,45,unclassified,,land:4.1
D1824,D,18,24,101,45,unclassified,,land:4.1
D1825,D,18,25,102,45,unclassified,,land:4.1
D1826,D,18,26,103,45,unclassified,,land:4.1
D1827,D,18,27,104,45,unclassified,,land:4.1
D1828,D,18,28,105,45,unclassified,,land:4.1
D1829,D,18,29,106,45,unclassified,,land:4.1
D1830,D,18,30,107,45,unclassified,,land:4.1
D1831,D,18,31,108,45,unclassified,,land:4.1
D1832,D,18,32,109,45,unclassified,,land:4.1
D1833,D,18,33,110,45,unclassified,,land:4.1
D1901,D,19,1,78,44,unclassified,,land:4.1
D1902,D,19,2,79,44,unclassified,,land:4.1
D1903,D,19,3,80,44,unclassified,,land:4.1
D1904,D,19,4,81,44,unclassified,,land:4.1
D1905,D,19,5,82,44,unclassified,,land:4.1
D1906,D,19,6,83,44,unclassified,,land:4.1
D1907,D,19,7,84,44,unclassified,,land:4.1
D1908,D,19,8,85,44,unclassified,,land:4.1
D1909,D,19,9,86,44,unclassified,,land:4.1
D1910,D,19,10,87,44,unclassified,,land:4.1
D1911,D,19,11,88,44,unclassified,,land:4.1
D1912,D,19,12,89,44,unclassified,,land:4.1
D1913,D,19,13,90,44,unclassified,,land:4.1
D1914,D,19,14,91,44,unclassified,,land:4.1
D1915,D,19,15,92,44,unclassified,,land:4.1
D1916,D,19,16,93,44,unclassified,,land:4.1
D1917,D,19,17,94,44,unclassified,,land:4.1
D1918,D,19,18,95,44,unclassified,,land:4.1
D1919,D,19,19,96,44,unclassified,,land:4.1
D1920,D,19,20,97,44,unclassified,,land:4.1
D1921,D,19,21,98,44,unclassified,,land:4.1
D1922,D,19,22,99,44,unclassified,,land:4.1
D1923,D,19,23,100,44,unclassified,,land:4.1
D1924,D,19,24,101,44,unclassified,,land:4.1
D1925,D,19,25,102,44,unclassified,,land:4.1
D1926,D,19,26,103,44,unclassified,,land:4.1
D1927,D,19,27,104,44,unclassified,,land:4.1
D1928,D,19,28,105,44,unclassified,,land:4.1
D1929,D,19,29,106,44,unclassified,,land:4.1
D1930,D,19,30,107,44,unclassified,,land:4.1
D1931,D,19,31,108,44,unclassified,,land:4.1
D1932,D,19,32,109,44,unclassified,,land:4.1
D1933,D,19,33,110,44,unclassified,,land:4.1
D2001,D,20,1,79,43,unclassified,,land:4.1
D2002,D,20,2,80,43,unclassified,,land:4.1
D2003,D,20,3,81,43,unclassified,,land:4.1
D2004,D,20,4,82,43,unclassified,,land:4.1
D2005,D,20,5,83,43,unclassified,,land:4.1
D2006,D,20,6,84,43,unclassified,,land:4.1
D2007,D,20,7,85,43,unclassified,,land:4.1
D2008,D,20,8,86,43,unclassified,,land:4.1
D2009,D,20,9,87,43,unclassified,,land:4.1
D2010,D,20,10,88,43,unclassified,,land:4.1
D2011,D,20,11,89,43,unclassified,,land:4.1
D2012,D,20,12,90,43,unclassified,,land:4.1
D2013,D,20,13,91,43,unclassified,,land:4.1
D2014,D,20,14,92,43,unclassified,,land:4.1
D2015,D,20,15,93,43,unclassified,,land:4.1
D2016,D,20,16,94,43,unclassified,,land:4.1
D2017,D,20,17,95,43,unclassified,,land:4.1
D2018,D,20,18,96,43,unclassified,,land:4.1
D2019,D,20,19,97,43,unclassified,,land:4.1
D2020,D,20,20,98,43,unclassified,,land:4.1
D2021,D,20,21,99,43,unclassified,,land:4.1
D2022,D,20,22,100,43,unclassified,,land:4.1
D2023,D,20,23,101,43,unclassified,,land:4.1
D2024,D,20,24,102,43,unclassified,,land:4.1
D2025,D,20,25,103,43,unclassified,,land:4.1
D2026,D,20,26,104,43,unclassified,,land:4.1
D2027,D,20,27,105,43,unclassified,,land:4.1
D2028,D,20,28,106,43,unclassified,,land:4.1
D2029,D,20,29,107,43,unclassified,,land:4.1
D2030,D,20,30,108,43,unclassified,,land:4.1
D2031,D,20,31,109,43,unclassified,,land:4.1
D2032,D,20,32,110,43,unclassified,,land:4.1
D2033,D,20,33,111,43,unclassified,,land:4.1
D2101,D,21,1,79,42,unclassified,,land:4.1
D2102,D,21,2,80,42,unclassified,,land:4.1
D2103,D,21,3,81,42,unclassified,,land:4.1
D2104,D,21,4,82,42,unclassified,,land:4.1
D2105,D,21,5,83,42,unclassified,,land:4.1
D2106,D,21,6,84,42,unclassified,,land:4.1
D2107,D,21,7,85,42,unclassified,,land:4.1
D2108,D,21,8,86,42,unclassified,,land:4.1
D2109,D,21,9,87,42,unclassified,,land:4.1
D2110,D,21,10,88,42,unclassified,,land:4.1
D2111,D,21,11,89,42,unclassified,,land:4.1
D2112,D,21,12,90,42,unclassified,,land:4.1
D2113,D,21,13,91,42,unclassified,,land:4.1
D2114,D,21,14,92,42,unclassified,,land:4.1
D2115,D,21,15,93,42,unclassified,,land:4.1
D2116,D,21,16,94,42,unclassified,,land:4.1
D2117,D,21,17,95,42,unclassified,,land:4.1
D2118,D,21,18,96,42,unclassified,,land:4.1
D2119,D,21,19,97,42,unclassified,,land:4.1
D2120,D,21,20,98,42,unclassified,,land:4.1
D2121,D,21,21,99,42,unclassified,,land:4.1
D2122,D,21,22,100,42,unclassified,,land:4.1
D2123,D,21,23,101,42,unclassified,,land:4.1
D2124,D,21,24,102,42,unclassified,,land:4.1
D2125,D,21,25,103,42,unclassified,,land:4.1
D2126,D,21,26,104,42,unclassified,,land:4.1
D2127,D,21,27,105,42,unclassified,,land:4.1
D2128,D,21,28,106,42,unclassified,,land:4.1
D2129,D,21,29,107,42,unclassified,,land:4.1
D2130,D,21,30,108,42,unclassified,,land:4.1
D2131,D,21,31,109,42,unclassified,,land:4.1
D2132,D,21,32,110,42,unclassified,,land:4.1
D2133,D,21,33,111,42,unclassified,,land:4.1
D2201,D,22,1,80,41,unclassified,,land:4.1
D2202,D,22,2,81,41,unclassified,,land:4.1
D2203,D,22,3,82,41,unclassified,,land:4.1
D2204,D,22,4,83,41,unclassified,,land:4.1
D2205,D,22,5,84,41,unclassified,,land:4.1
D2206,D,22,6,85,41,unclassified,,land:4.1
D2207,D,22,7,86,41,unclassified,,land:4.1
D2208,D,22,8,87,41,unclassified,,land:4.1
D2209,D,22,9,88,41,unclassified,,land:4.1
D2210,D,22,10,89,41,unclassified,,land:4.1
D2211,D,22,11,90,41,unclassified,,land:4.1
D2212,D,22,12,91,41,unclassified,,land:4.1
D2213,D,22,13,92,41,unclassified,,land:4.1
D2214,D,22,14,93,41,unclassified,,land:4.1
D2215,D,22,15,94,41,unclassified,,land:4.1
D2216,D,22,16,95,41,unclassified,,land:4.1
D2217,D,22,17,96,41,unclassified,,land:4.1
D2218,D,22,18,97,41,unclassified,,land:4.1
D2219,D,22,19,98,41,unclassified,,land:4.1
D2220,D,22,20,99,41,unclassified,,land:4.1
D2221,D,22,21,100,41,unclassified,,land:4.1
D2222,D,22,22,101,41,unclassified,,land:4.1
D2223,D,22,23,102,41,unclassified,,land:4.1
D2224,D,22,24,103,41,unclassified,,land:4.1
D2225,D,22,25,104,41,unclassified,,land:4.1
D2226,D,22,26,105,41,unclassified,,land:4.1
D2227,D,22,27,106,41,unclassified,,land:4.1
D2228,D,22,28,107,41,unclassified,,land:4.1
D2229,D,22,29,108,41,unclassified,,land:4.1
D2230,D,22,30,109,41,unclassified,,land:4.1
D2231,D,22,31,110,41,unclassified,,land:4.1
D2232,D,22,32,111,41,unclassified,,land:4.1
D2233,D,22,33,112,41,unclassified,,land:4.1
D2301,D,23,1,80,40,unclassified,,land:4.1
D2302,D,23,2,81,40,unclassified,,land:4.1
D2303,D,23,3,82,40,unclassified,,land:4.1
D2304,D,23,4,83,40,unclassified,,land:4.1
D2305,D,23,5,84,40,unclassified,,land:4.1
D2306,D,23,6,85,40,unclassified,,land:4.1
D2307,D,23,7,86,40,unclassified,,land:4.1
D2308,D,23,8,87,40,unclassified,,land:4.1
D2309,D,23,9,88,40,unclassified,,land:4.1
D2310,D,23,10,89,40,unclassified,,land:4.1
D2311,D,23,11,90,40,unclassified,,land:4.1
D2312,D,23,12,91,40,unclassified,,land:4.1
D2313,D,23,13,92,40,unclassified,,land:4.1
D2314,D,23,14,93,40,unclassified,,land:4.1
D2315,D,23,15,94,40,unclassified,,land:4.1
D2316,D,23,16,95,40,unclassified,,land:4.1
D2317,D,23,17,96,40,unclassified,,land:4.1
D2318,D,23,18,97,40,unclassified,,land:4.1
D2319,D,23,19,98,40,unclassified,,land:4.1
D2320,D,23,20,99,40,unclassified,,land:4.1
D2321,D,23,21,100,40,unclassified,,land:4.1
D2322,D,23,22,101,40,unclassified,,land:4.1
D2323,D,23,23,102,40,unclassified,,land:4.1
D2324,D,23,24,103,40,unclassified,,land:4.1
D2325,D,23,25,104,40,unclassified,,land:4.1
D2326,D,23,26,105,40,unclassified,,land:4.1
D2327,D,23,27,106,40,unclassified,,land:4.1
D2328,D,23,28,107,40,unclassified,,land:4.1
D2329,D,23,29,108,40,unclassified,,land:4.1
D2330,D,23,30,109,40,unclassified,,land:4.1
D2331,D,23,31,110,40,unclassified,,land:4.1
D2332,D,23,32,111,40,unclassified,,land:4.1
D2333,D,23,33,112,40,unclassified,,land:4.1
D2401,D,24,1,81,39,unclassified,,land:4.1
D2402,D,24,2,82,39,unclassified,,land:4.1
D2403,D,24,3,83,39,unclassified,,land:4.1
D2404,D,24,4,84,39,unclassified,,land:4.1
D2405,D,24,5,85,39,unclassified,,land:4.1
D2406,D,24,6,86,39,unclassified,,land:4.1
D2407,D,24,7,87,39,unclassified,,land:4.1
D2408,D,24,8,88,39,unclassified,,land:4.1
D2409,D,24,9,89,39,unclassified,,land:4.1
D2410,D,24,10,90,39,unclassified,,land:4.1
D2411,D,24,11,91,39,unclassified,,land:4.1
D2412,D,24,12,92,39,unclassified,,land:4.1
D2413,D,24,13,93,39,unclassified,,land:4.1
D2414,D,24,14,94,39,unclassified,,land:4.1
D2415,D,24,15,95,39,unclassified,,land:4.1
D2416,D,24,16,96,39,unclassified,,land:4.1
D2417,D,24,17,97,39,unclassified,,land:4.1
D2418,D,24,18,98,39,unclassified,,land:4.1
D2419,D,24,19,99,39,unclassified,,land:4.1
D2420,D,24,20,100,39,unclassified,,land:4.1
D2421,D,24,21,101,39,unclassified,,land:4.1
D2422,D,24,22,102,39,unclassified,,land:4.1
D2423,D,24,23,103,39,unclassified,,land:4.1
D2424,D,24,24,104,39,unclassified,,land:4.1
D2425,D,24,25,105,39,unclassified,,land:4.1
D2426,D,24,26,106,39,unclassified,,land:4.1
D2427,D,24,27,107,39,unclassified,,land:4.1
D2428,D,24,28,108,39,unclassified,,land:4.1
D2429,D,24,29,109,39,unclassified,,land:4.1
D2430,D,24,30,110,39,unclassified,,land:4.1
D2431,D,24,31,111,39,unclassified,,land:4.1
D2432,D,24,32,112,39,unclassified,,land:4.1
D2433,D,24,33,113,39,unclassified,,land:4.1
D2501,D,25,1,81,38,unclassified,,land:4.1
D2502,D,25,2,82,38,unclassified,,land:4.1
D2503,D,25,3,83,38,unclassified,,land:4.1
D2504,D,25,4,84,38,unclassified,,land:4.1
D2505,D,25,5,85,38,unclassified,,land:4.1
D2506,D,25,6,86,38,unclassified,,land:4.1
D2507,D,25,7,87,38,unclassified,,land:4.1
D2508,D,25,8,88,38,unclassified,,land:4.1
D2509,D,25,9,89,38,unclassified,,land:4.1
D2510,D,25,10,90,38,unclassified,,land:4.1
D2511,D,25,11,91,38,unclassified,,land:4.1
D2512,D,25,12,92,38,unclassified,,land:4.1
D2513,D,25,13,93,38,unclassified,,land:4.1
D2514,D,25,14,94,38,unclassified,,land:4.1
D2515,D,25,15,95,38,unclassified,,land:4.1
D2516,D,25,16,96,38,unclassified,,land:4.1
D2517,D,25,17,97,38,unclassified,,land:4.1
D2518,D,25,18,98,38,unclassified,,land:4.1
D2519,D,25,19,99,38,unclassified,,land:4.1
D2520,D,25,20,100,38,unclassified,,land:4.1
D2521,D,25,21,101,38,unclassified,,land:4.1
D2522,D,25,22,102,38,unclassified,,land:4.1
D2523,D,25,23,103,38,unclassified,,land:4.1
D2524,D,25,24,104,38,unclassified,,land:4.1
D2525,D,25,25,105,38,unclassified,,land:4.1
D2526,D,25,26,106,38,unclassified,,land:4.1
D2527,D,25,27,107,38,unclassified,,land:4.1
D2528,D,25,28,108,38,unclassified,,land:4.1
D2529,D,25,29,109,38,unclassified,,land:4.1
D2530,D,25,30,110,38,unclassified,,land:4.1
D2531,D,25,31,111,38,unclassified,,land:4.1
D2532,D,25,32,112,38,unclassified,,land:4.1
D2533,D,25,33,113,38,unclassified,,land:4.1
D2601,D,26,1,82,37,unclassified,,land:4.1
D2602,D,26,2,83,37,unclassified,,land:4.1
D2603,D,26,3,84,37,unclassified,,land:4.1
D2604,D,26,4,85,37,unclassified,,land:4.1
D2605,D,26,5,86,37,unclassified,,land:4.1
D2606,D,26,6,87,37,unclassified,,land:4.1
D2607,D,26,7,88,37,unclassified,,land:4.1
D2608,D,26,8,89,37,unclassified,,land:4.1
D2609,D,26,9,90,37,unclassified,,land:4.1
D2610,D,26,10,91,37,unclassified,,land:4.1
D2611,D,26,11,92,37,unclassified,,land:4.1
D2612,D,26,12,93,37,unclassified,,land:4.1
D2613,D,26,13,94,37,unclassified,,land:4.1
D2614,D,26,14,95,37,unclassified,,land:4.1
D2615,D,26,15,96,37,unclassified,,land:4.1
D2616,D,26,16,97,37,unclassified,,land:4.1
D2617,D,26,17,98,37,unclassified,,land:4.1
D2618,D,26,18,99,37,unclassified,,land:4.1
D2619,D,26,19,100,37,unclassified,,land:4.1
D2620,D,26,20,101,37,unclassified,,land:4.1
D2621,D,26,21,102,37,unclassified,,land:4.1
D2622,D,26,22,103,37,unclassified,,land:4.1
D2623,D,26,23,104,37,unclassified,,land:4.1
D2624,D,26,24,105,37,unclassified,,land:4.1
D2625,D,26,25,106,37,unclassified,,land:4.1
D2626,D,26,26,107,37,unclassified,,land:4.1
D2627,D,26,27,108,37,unclassified,,land:4.1
D2628,D,26,28,109,37,unclassified,,land:4.1
D2629,D,26,29,110,37,unclassified,,land:4.1
D2630,D,26,30,111,37,unclassified,,land:4.1
D2631,D,26,31,112,37,unclassified,,land:4.1
D2632,D,26,32,113,37,unclassified,,land:4.1
D2633,D,26,33,114,37,unclassified,,land:4.1
D2701,D,27,1,82,36,unclassified,,land:4.1
D2702,D,27,2,83,36,unclassified,,land:4.1
D2703,D,27,3,84,36,unclassified,,land:4.1
D2704,D,27,4,85,36,unclassified,,land:4.1
D2705,D,27,5,86,36,unclassified,,land:4.1
D2706,D,27,6,87,36,unclassified,,land:4.1
D2707,D,27,7,88,36,unclassified,,land:4.1
D2708,D,27,8,89,36,unclassified,,land:4.1
D2709,D,27,9,90,36,unclassified,,land:4.1
D2710,D,27,10,91,36,unclassified,,land:4.1
D2711,D,27,11,92,36,unclassified,,land:4.1
D2712,D,27,12,93,36,unclassified,,land:4.1
D2713,D,27,13,94,36,unclassified,,land:4.1
D2714,D,27,14,95,36,unclassified,,land:4.1
D2715,D,27,15,96,36,unclassified,,land:4.1
D2716,D,27,16,97,36,unclassified,,land:4.1
D2717,D,27,17,98,36,unclassified,,land:4.1
D2718,D,27,18,99,36,unclassified,,land:4.1
D2719,D,27,19,100,36,unclassified,,land:4.1
D2720,D,27,20,101,36,unclassified,,land:4.1
D2721,D,27,21,102,36,unclassified,,land:4.1
D2722,D,27,22,103,36,unclassified,,land:4.1
D2723,D,27,23,104,36,unclassified,,land:4.1
D2724,D,27,24,105,36,unclassified,,land:4.1
D2725,D,27,25,106,36,unclassified,,land:4.1
D2726,D,27,26,107,36,unclassified,,land:4.1
D2727,D,27,27,108,36,unclassified,,land:4.1
D2728,D,27,28,109,36,unclassified,,land:4.1
D2729,D,27,29,110,36,unclassified,,land:4.1
D2730,D,27,30,111,36,unclassified,,land:4.1
D2731,D,27,31,112,36,unclassified,,land:4.1
D2732,D,27,32,113,36,unclassified,,land:4.1
D2733,D,27,33,114,36,unclassified,,land:4.1
D2801,D,28,1,83,35,unclassified,,land:4.1
D2802,D,28,2,84,35,unclassified,,land:4.1
D2803,D,28,3,85,35,unclassified,,land:4.1
D2804,D,28,4,86,35,unclassified,,land:4.1
D2805,D,28,5,87,35,unclassified,,land:4.1
D2806,D,28,6,88,35,unclassified,,land:4.1
D2807,D,28,7,89,35,unclassified,,land:4.1
D2808,D,28,8,90,35,clear,land,land:4.1;land:8.37
D2809,D,28,9,91,35,clear,land,land:4.1;land:8.37
D2810,D,28,10,92,35,clear,land,land:4.1;land:8.37
D2811,D,28,11,93,35,clear,land,land:4.1;land:8.37
D2812,D,28,12,94,35,clear,land,land:4.1;land:8.37
D2813,D,28,13,95,35,clear,land,land:4.1;land:8.37
D2814,D,28,14,96,35,clear,land,land:4.1;land:8.37
D2815,D,28,15,97,35,clear,land,land:4.1;land:8.37
D2816,D,28,16,98,35,clear,land,land:4.1;land:8.37
D2817,D,28,17,99,35,clear,land,land:4.1;land:8.37
D2818,D,28,18,100,35,unclassified,,land:4.1
D2819,D,28,19,101,35,unclassified,,land:4.1
D2820,D,28,20,102,35,unclassified,,land:4.1
D2821,D,28,21,103,35,unclassified,,land:4.1
D2822,D,28,22,104,35,unclassified,,land:4.1
D2823,D,28,23,105,35,unclassified,,land:4.1
D2824,D,28,24,106,35,unclassified,,land:4.1
D2825,D,28,25,107,35,unclassified,,land:4.1
D2826,D,28,26,108,35,unclassified,,land:4.1
D2827,D,28,27,109,35,unclassified,,land:4.1
D2828,D,28,28,110,35,unclassified,,land:4.1
D2829,D,28,29,111,35,unclassified,,land:4.1
D2830,D,28,30,112,35,unclassified,,land:4.1
D2831,D,28,31,113,35,unclassified,,land:4.1
D2832,D,28,32,114,35,unclassified,,land:4.1
D2833,D,28,33,115,35,unclassified,,land:4.1
D2901,D,29,1,83,34,unclassified,,land:4.1
D2902,D,29,2,84,34,unclassified,,land:4.1
D2903,D,29,3,85,34,unclassified,,land:4.1
D2904,D,29,4,86,34,unclassified,,land:4.1
D2905,D,29,5,87,34,unclassified,,land:4.1
D2906,D,29,6,88,34,unclassified,,land:4.1
D2907,D,29,7,89,34,unclassified,,land:4.1
D2908,D,29,8,90,34,clear,land,land:4.1;land:8.37
D2909,D,29,9,91,34,clear,land,land:4.1;land:8.37
D2910,D,29,10,92,34,clear,land,land:4.1;land:8.37
D2911,D,29,11,93,34,clear,land,land:4.1;land:8.37
D2912,D,29,12,94,34,clear,land,land:4.1;land:8.37
D2913,D,29,13,95,34,clear,land,land:4.1;land:8.37
D2914,D,29,14,96,34,clear,land,land:4.1;land:8.37
D2915,D,29,15,97,34,clear,land,land:4.1;land:8.37
D2916,D,29,16,98,34,rough,land,land:4.1;land:8.37
D2917,D,29,17,99,34,rough,land,land:4.1;land:8.37
D2918,D,29,18,100,34,unclassified,,land:4.1
D2919,D,29,19,101,34,unclassified,,land:4.1
D2920,D,29,20,102,34,unclassified,,land:4.1
D2921,D,29,21,103,34,unclassified,,land:4.1
D2922,D,29,22,104,34,unclassified,,land:4.1
D2923,D,29,23,105,34,unclassified,,land:4.1
D2924,D,29,24,106,34,unclassified,,land:4.1
D2925,D,29,25,107,34,unclassified,,land:4.1
D2926,D,29,26,108,34,unclassified,,land:4.1
D2927,D,29,27,109,34,unclassified,,land:4.1
D2928,D,29,28,110,34,unclassified,,land:4.1
D2929,D,29,29,111,34,unclassified,,land:4.1
D2930,D,29,30,112,34,unclassified,,land:4.1
D2931,D,29,31,113,34,unclassified,,land:4.1
D2932,D,29,32,114,34,unclassified,,land:4.1
D2933,D,29,33,115,34,unclassified,,land:4.1
D3001,D,30,1,84,33,unclassified,,land:4.1
D3002,D,30,2,85,33,unclassified,,land:4.1
D3003,D,30,3,86,33,unclassified,,land:4.1
D3004,D,30,4,87,33,unclassified,,land:4.1
D3005,D,30,5,88,33,unclassified,,land:4.1
D3006,D,30,6,89,33,unclassified,,land:4.1
D3007,D,30,7,90,33,unclassified,,land:4.1
D3008,D,30,8,91,33,clear,land,land:4.1;land:8.37
D3009,D,30,9,92,33,clear,land,land:4.1;land:8.37
D3010,D,30,10,93,33,clear,land,land:4.1;land:8.37
D3011,D,30,11,94,33,clear,land,land:4.1;land:8.37
D3012,D,30,12,95,33,clear,land,land:4.1;land:8.37
D3013,D,30,13,96,33,clear,land,land:4.1;land:8.37
D3014,D,30,14,97,33,clear,land,land:4.1;land:8.37
D3015,D,30,15,98,33,rough,land,land:4.1;land:8.37
D3016,D,30,16,99,33,rough,land,land:4.1;land:8.37
D3017,D,30,17,100,33,clear,land,land:4.1;land:8.37
D3018,D,30,18,101,33,unclassified,,land:4.1
D3019,D,30,19,102,33,unclassified,,land:4.1
D3020,D,30,20,103,33,unclassified,,land:4.1
D3021,D,30,21,104,33,unclassified,,land:4.1
D3022,D,30,22,105,33,unclassified,,land:4.1
D3023,D,30,23,106,33,unclassified,,land:4.1
D3024,D,30,24,107,33,unclassified,,land:4.1
D3025,D,30,25,108,33,unclassified,,land:4.1
D3026,D,30,26,109,33,unclassified,,land:4.1
D3027,D,30,27,110,33,unclassified,,land:4.1
D3028,D,30,28,111,33,unclassified,,land:4.1
D3029,D,30,29,112,33,unclassified,,land:4.1
D3030,D,30,30,113,33,unclassified,,land:4.1
D3031,D,30,31,114,33,unclassified,,land:4.1
D3032,D,30,32,115,33,unclassified,,land:4.1
D3033,D,30,33,116,33,unclassified,,land:4.1
D3101,D,31,1,84,32,unclassified,,land:4.1
D3102,D,31,2,85,32,unclassified,,land:4.1
D3103,D,31,3,86,32,unclassified,,land:4.1
D3104,D,31,4,87,32,unclassified,,land:4.1
D3105,D,31,5,88,32,unclassified,,land:4.1
D3106,D,31,6,89,32,unclassified,,land:4.1
D3107,D,31,7,90,32,unclassified,,land:4.1
D3108,D,31,8,91,32,clear,land,land:4.1;land:8.37
D3109,D,31,9,92,32,clear,land,land:4.1;land:8.37
D3110,D,31,10,93,32,clear,land,land:4.1;land:8.37
D3111,D,31,11,94,32,clear,land,land:4.1;land:8.37
D3112,D,31,12,95,32,clear,land,land:4.1;land:8.37
D3113,D,31,13,96,32,clear,land,land:4.1;land:8.37
D3114,D,31,14,97,32,clear,land,land:4.1;land:8.37
D3115,D,31,15,98,32,rough,land,land:4.1;land:8.37
D3116,D,31,16,99,32,rough,land,land:4.1;land:8.37
D3117,D,31,17,100,32,clear,land,land:4.1;land:8.37
D3118,D,31,18,101,32,unclassified,,land:4.1
D3119,D,31,19,102,32,unclassified,,land:4.1
D3120,D,31,20,103,32,unclassified,,land:4.1
D3121,D,31,21,104,32,unclassified,,land:4.1
D3122,D,31,22,105,32,unclassified,,land:4.1
D3123,D,31,23,106,32,unclassified,,land:4.1
D3124,D,31,24,107,32,unclassified,,land:4.1
D3125,D,31,25,108,32,unclassified,,land:4.1
D3126,D,31,26,109,32,unclassified,,land:4.1
D3127,D,31,27,110,32,unclassified,,land:4.1
D3128,D,31,28,111,32,unclassified,,land:4.1
D3129,D,31,29,112,32,unclassified,,land:4.1
D3130,D,31,30,113,32,unclassified,,land:4.1
D3131,D,31,31,114,32,unclassified,,land:4.1
D3132,D,31,32,115,32,unclassified,,land:4.1
D3133,D,31,33,116,32,unclassified,,land:4.1
D3201,D,32,1,85,31,unclassified,,land:4.1
D3202,D,32,2,86,31,unclassified,,land:4.1
D3203,D,32,3,87,31,unclassified,,land:4.1
D3204,D,32,4,88,31,unclassified,,land:4.1
D3205,D,32,5,89,31,unclassified,,land:4.1
D3206,D,32,6,90,31,unclassified,,land:4.1
D3207,D,32,7,91,31,unclassified,,land:4.1
D3208,D,32,8,92,31,clear,land,land:4.1;land:8.37
D3209,D,32,9,93,31,clear,land,land:4.1;land:8.37
D3210,D,32,10,94,31,clear,land,land:4.1;land:8.37
D3211,D,32,11,95,31,clear,land,land:4.1;land:8.37
D3212,D,32,12,96,31,clear,land,land:4.1;land:8.37
D3213,D,32,13,97,31,clear,land,land:4.1;land:8.37
D3214,D,32,14,98,31,clear,land,land:4.1;land:8.37
D3215,D,32,15,99,31,clear,land,land:4.1;land:8.37
D3216,D,32,16,100,31,clear,land,land:4.1;land:8.37
D3217,D,32,17,101,31,clear,land,land:4.1;land:8.37
D3218,D,32,18,102,31,unclassified,,land:4.1
D3219,D,32,19,103,31,unclassified,,land:4.1
D3220,D,32,20,104,31,unclassified,,land:4.1
D3221,D,32,21,105,31,unclassified,,land:4.1
D3222,D,32,22,106,31,unclassified,,land:4.1
D3223,D,32,23,107,31,unclassified,,land:4.1
D3224,D,32,24,108,31,unclassified,,land:4.1
D3225,D,32,25,109,31,unclassified,,land:4.1
D3226,D,32,26,110,31,unclassified,,land:4.1
D3227,D,32,27,111,31,unclassified,,land:4.1
D3228,D,32,28,112,31,unclassified,,land:4.1
D3229,D,32,29,113,31,unclassified,,land:4.1
D3230,D,32,30,114,31,unclassified,,land:4.1
D3231,D,32,31,115,31,unclassified,,land:4.1
D3232,D,32,32,116,31,unclassified,,land:4.1
D3233,D,32,33,117,31,unclassified,,land:4.1
D3301,D,33,1,85,30,unclassified,,land:4.1
D3302,D,33,2,86,30,unclassified,,land:4.1
D3303,D,33,3,87,30,unclassified,,land:4.1
D3304,D,33,4,88,30,unclassified,,land:4.1
D3305,D,33,5,89,30,unclassified,,land:4.1
D3306,D,33,6,90,30,unclassified,,land:4.1
D3307,D,33,7,91,30,unclassified,,land:4.1
D3308,D,33,8,92,30,clear,land,land:4.1;land:8.37
D3309,D,33,9,93,30,clear,land,land:4.1;land:8.37
D3310,D,33,10,94,30,clear,land,land:4.1;land:8.37
D3311,D,33,11,95,30,clear,land,land:4.1;land:8.37
D3312,D,33,12,96,30,clear,land,land:4.1;land:8.37
D3313,D,33,13,97,30,clear,land,land:4.1;land:8.37
D3314,D,33,14,98,30,clear,land,land:4.1;land:8.37
D3315,D,33,15,99,30,salt_marsh,land,land:4.1;land:8.37;land:8.44
D3316,D,33,16,100,30,clear,land,land:4.1;land:8.37
D3317,D,33,17,101,30,clear,land,land:4.1;land:8.37
D3318,D,33,18,102,30,unclassified,,land:4.1
D3319,D,33,19,103,30,unclassified,,land:4.1
D3320,D,33,20,104,30,unclassified,,land:4.1
D3321,D,33,21,105,30,unclassified,,land:4.1
D3322,D,33,22,106,30,unclassified,,land:4.1
D3323,D,33,23,107,30,unclassified,,land:4.1
D3324,D,33,24,108,30,unclassified,,land:4.1
D3325,D,33,25,109,30,unclassified,,land:4.1
D3326,D,33,26,110,30,unclassified,,land:4.1
D3327,D,33,27,111,30,unclassified,,land:4.1
D3328,D,33,28,112,30,unclassified,,land:4.1
D3329,D,33,29,113,30,unclassified,,land:4.1
D3330,D,33,30,114,30,unclassified,,land:4.1
D3331,D,33,31,115,30,unclassified,,land:4.1
D3332,D,33,32,116,30,unclassified,,land:4.1
D3333,D,33,33,117,30,unclassified,,land:4.1
D3401,D,34,1,86,29,clear,land,land:4.1;land:8.37;interp:map-0002
D3402,D,34,2,87,29,clear,land,land:4.1;land:8.37;interp:map-0002
D3403,D,34,3,88,29,clear,land,land:4.1;land:8.37;interp:map-0002
D3404,D,34,4,89,29,clear,land,land:4.1;land:8.37;interp:map-0002
D3405,D,34,5,90,29,clear,land,land:4.1;land:8.37;interp:map-0002
D3406,D,34,6,91,29,clear,land,land:4.1;land:8.37;interp:map-0002
D3407,D,34,7,92,29,clear,land,land:4.1;land:8.37;interp:map-0002
D3408,D,34,8,93,29,clear,land,land:4.1;land:8.37
D3409,D,34,9,94,29,clear,land,land:4.1;land:8.37
D3410,D,34,10,95,29,clear,land,land:4.1;land:8.37
D3411,D,34,11,96,29,clear,land,land:4.1;land:8.37
D3412,D,34,12,97,29,clear,land,land:4.1;land:8.37
D3413,D,34,13,98,29,clear,land,land:4.1;land:8.37
D3414,D,34,14,99,29,salt_marsh,land,land:4.1;land:8.37;land:8.44
D3415,D,34,15,100,29,clear,land,land:4.1;land:8.37
D3416,D,34,16,101,29,rough,land,land:4.1;land:8.37
D3417,D,34,17,102,29,rough,land,land:4.1;land:8.37
D3418,D,34,18,103,29,unclassified,,land:4.1
D3419,D,34,19,104,29,unclassified,,land:4.1
D3420,D,34,20,105,29,unclassified,,land:4.1
D3421,D,34,21,106,29,unclassified,,land:4.1
D3422,D,34,22,107,29,unclassified,,land:4.1
D3423,D,34,23,108,29,unclassified,,land:4.1
D3424,D,34,24,109,29,unclassified,,land:4.1
D3425,D,34,25,110,29,unclassified,,land:4.1
D3426,D,34,26,111,29,unclassified,,land:4.1
D3427,D,34,27,112,29,unclassified,,land:4.1
D3428,D,34,28,113,29,unclassified,,land:4.1
D3429,D,34,29,114,29,unclassified,,land:4.1
D3430,D,34,30,115,29,unclassified,,land:4.1
D3431,D,34,31,116,29,unclassified,,land:4.1
D3432,D,34,32,117,29,unclassified,,land:4.1
D3501,D,35,1,86,28,clear,land,land:4.1;land:8.37;interp:map-0002
D3502,D,35,2,87,28,clear,land,land:4.1;land:8.37;interp:map-0002
D3503,D,35,3,88,28,clear,land,land:4.1;land:8.37;interp:map-0002
D3504,D,35,4,89,28,clear,land,land:4.1;land:8.37;interp:map-0002
D3505,D,35,5,90,28,clear,land,land:4.1;land:8.37;interp:map-0002
D3506,D,35,6,91,28,clear,land,land:4.1;land:8.37;interp:map-0002
D3507,D,35,7,92,28,clear,land,land:4.1;land:8.37;interp:map-0002
D3508,D,35,8,93,28,clear,land,land:4.1;land:8.37
D3509,D,35,9,94,28,clear,land,land:4.1;land:8.37
D3510,D,35,10,95,28,clear,land,land:4.1;land:8.37
D3511,D,35,11,96,28,clear,land,land:4.1;land:8.37
D3512,D,35,12,97,28,clear,land,land:4.1;land:8.37
D3513,D,35,13,98,28,clear,land,land:4.1;land:8.37
D3514,D,35,14,99,28,clear,land,land:4.1;land:8.37
D3515,D,35,15,100,28,clear,land,land:4.1;land:8.37
D3516,D,35,16,101,28,rough,land,land:4.1;land:8.37
D3517,D,35,17,102,28,rough,land,land:4.1;land:8.37
D3518,D,35,18,103,28,unclassified,,land:4.1
D3519,D,35,19,104,28,unclassified,,land:4.1
D3520,D,35,20,105,28,unclassified,,land:4.1
D3521,D,35,21,106,28,unclassified,,land:4.1
D3522,D,35,22,107,28,unclassified,,land:4.1
D3523,D,35,23,108,28,unclassified,,land:4.1
D3524,D,35,24,109,28,unclassified,,land:4.1
D3525,D,35,25,110,28,unclassified,,land:4.1
D3526,D,35,26,111,28,unclassified,,land:4.1
D3527,D,35,27,112,28,unclassified,,land:4.1
D3528,D,35,28,113,28,unclassified,,land:4.1
D3529,D,35,29,114,28,unclassified,,land:4.1
D3530,D,35,30,115,28,unclassified,,land:4.1
D3601,D,36,1,87,27,clear,land,land:4.1;land:8.37;interp:map-0002
D3602,D,36,2,88,27,clear,land,land:4.1;land:8.37;interp:map-0002
D3603,D,36,3,89,27,clear,land,land:4.1;land:8.37;interp:map-0002
D3604,D,36,4,90,27,clear,land,land:4.1;land:8.37;interp:map-0002
D3605,D,36,5,91,27,clear,land,land:4.1;land:8.37;interp:map-0002
D3606,D,36,6,92,27,clear,land,land:4.1;land:8.37;interp:map-0002
D3607,D,36,7,93,27,clear,land,land:4.1;land:8.37;interp:map-0002
D3608,D,36,8,94,27,clear,land,land:4.1;land:8.37;interp:map-0002
D3609,D,36,9,95,27,clear,land,land:4.1;land:8.37;interp:map-0002
D3610,D,36,10,96,27,clear,land,land:4.1;land:8.37;interp:map-0002
D3611,D,36,11,97,27,clear,land,land:4.1;land:8.37;interp:map-0002
D3612,D,36,12,98,27,clear,land,land:4.1;land:8.37;interp:map-0002
D3613,D,36,13,99,27,clear,land,land:4.1;land:8.37;interp:map-0002
D3614,D,36,14,100,27,rough,land,land:4.1;land:8.37;interp:map-0002
D3615,D,36,15,101,27,rough,land,land:4.1;land:8.37;interp:map-0002
D3616,D,36,16,102,27,rough,land|coastal,land:4.1;land:8.37;interp:map-0002
D3617,D,36,17,103,27,unclassified,,land:4.1
D3618,D,36,18,104,27,unclassified,,land:4.1
D3619,D,36,19,105,27,unclassified,,land:4.1
D3620,D,36,20,106,27,unclassified,,land:4.1
D3621,D,36,21,107,27,unclassified,,land:4.1
D3622,D,36,22,108,27,unclassified,,land:4.1
D3701,D,37,1,87,26,clear,land,land:4.1;land:8.37;interp:map-0002
D3702,D,37,2,88,26,clear,land,land:4.1;land:8.37;interp:map-0002
D3703,D,37,3,89,26,clear,land,land:4.1;land:8.37;interp:map-0002
D3704,D,37,4,90,26,clear,land,land:4.1;land:8.37;interp:map-0002
D3705,D,37,5,91,26,clear,land,land:4.1;land:8.37;interp:map-0002
D3706,D,37,6,92,26,clear,land,land:4.1;land:8.37;interp:map-0002
D3707,D,37,7,93,26,clear,land,land:4.1;land:8.37;interp:map-0002
D3708,D,37,8,94,26,clear,land,land:4.1;land:8.37;interp:map-0002
D3709,D,37,9,95,26,clear,land,land:4.1;land:8.37;interp:map-0002
D3710,D,37,10,96,26,clear,land,land:4.1;land:8.37;interp:map-0002
D3711,D,37,11,97,26,clear,land,land:4.1;land:8.37;interp:map-0002
D3712,D,37,12,98,26,clear,land,land:4.1;land:8.37;interp:map-0002
D3713,D,37,13,99,26,rough,land,land:4.1;land:8.37;interp:map-0002
D3714,D,37,14,100,26,clear,land,land:4.1;land:8.37;interp:map-0002
D3715,D,37,15,101,26,unclassified,,land:4.1
D3716,D,37,16,102,26,salt_marsh,land|coastal,land:4.1;land:8.37;interp:map-0002
D3717,D,37,17,103,26,unclassified,,land:4.1
D3721,D,37,21,107,26,unclassified,,land:4.1
D3722,D,37,22,108,26,unclassified,,land:4.1
D3801,D,38,1,88,25,clear,land,land:4.1;land:8.37;interp:map-0002
D3802,D,38,2,89,25,clear,land,land:4.1;land:8.37;interp:map-0002
D3803,D,38,3,90,25,clear,land,land:4.1;land:8.37;interp:map-0002
D3804,D,38,4,91,25,clear,land,land:4.1;land:8.37;interp:map-0002
D3805,D,38,5,92,25,clear,land,land:4.1;land:8.37;interp:map-0002
D3806,D,38,6,93,25,clear,land,land:4.1;land:8.37;interp:map-0002
D3807,D,38,7,94,25,clear,land,land:4.1;land:8.37;interp:map-0002
D3808,D,38,8,95,25,clear,land,land:4.1;land:8.37;interp:map-0002
D3809,D,38,9,96,25,rough,land,land:4.1;land:8.37;interp:map-0002
D3810,D,38,10,97,25,rough,land,land:4.1;land:8.37;interp:map-0002
D3811,D,38,11,98,25,rough,land|coastal,land:4.1;land:8.37;interp:map-0002
D3812,D,38,12,99,25,rough,land|coastal,land:4.1;land:8.37;interp:map-0002
D3813,D,38,13,100,25,clear,land|coastal,land:4.1;land:8.37;interp:map-0002
D3814,D,38,14,101,25,clear,land|coastal,land:4.1;land:8.37;interp:map-0002
D3815,D,38,15,102,25,clear,land|coastal,land:4.1;land:8.37;interp:map-0002
D3816,D,38,16,103,25,sea,sea,land:4.1;land:8.37;interp:map-0002
D3901,D,39,1,88,24,clear,land,land:4.1;land:8.37;interp:map-0002
D3902,D,39,2,89,24,clear,land,land:4.1;land:8.37;interp:map-0002
D3903,D,39,3,90,24,clear,land,land:4.1;land:8.37;interp:map-0002
D3904,D,39,4,91,24,clear,land|coastal,land:4.1;land:8.37;interp:map-0002
D3905,D,39,5,92,24,rough,land|coastal,land:4.1;land:8.37;interp:map-0002
D3906,D,39,6,93,24,rough,land|coastal,land:4.1;land:8.37;interp:map-0002
D3907,D,39,7,94,24,rough,land|coastal,land:4.1;land:8.37;interp:map-0002
D3908,D,39,8,95,24,rough,land|coastal,land:4.1;land:8.37;interp:map-0002
D3909,D,39,9,96,24,rough,land|coastal,land:4.1;land:8.37;interp:map-0002
D3910,D,39,10,97,24,rough,land|coastal,land:4.1;land:8.37;interp:map-0002
D3911,D,39,11,98,24,rough,land|coastal,land:4.1;land:8.37;interp:map-0002
D3912,D,39,12,99,24,sea,sea,land:4.1;land:8.37;interp:map-0002
D3913,D,39,13,100,24,sea,sea,land:4.1;land:8.37;interp:map-0002
D3914,D,39,14,101,24,sea,sea,land:4.1;land:8.37;interp:map-0002
D3915,D,39,15,102,24,sea,sea,land:4.1;land:8.37;interp:map-0002
D3916,D,39,16,103,24,sea,sea,land:4.1;land:8.37;interp:map-0002
D4001,D,40,1,89,23,clear,land|coastal,land:4.1;land:8.37;interp:map-0002
D4002,D,40,2,90,23,clear,land|coastal,land:4.1;land:8.37;interp:map-0002
D4003,D,40,3,91,23,clear,land|coastal,land:4.1;land:8.37;interp:map-0002
D4004,D,40,4,92,23,clear,land|coastal,land:4.1;land:8.37;interp:map-0002
D4005,D,40,5,93,23,sea,sea,land:4.1;land:8.37;interp:map-0002
D4006,D,40,6,94,23,sea,sea,land:4.1;land:8.37;interp:map-0002
D4007,D,40,7,95,23,sea,sea,land:4.1;land:8.37;interp:map-0002
D4008,D,40,8,96,23,sea,sea,land:4.1;land:8.37;interp:map-0002
D4009,D,40,9,97,23,sea,sea,land:4.1;land:8.37;interp:map-0002
D4010,D,40,10,98,23,sea,sea,land:4.1;land:8.37;interp:map-0002
D4011,D,40,11,99,23,sea,sea,land:4.1;land:8.37;interp:map-0002
D4101,D,41,1,89,22,clear,land|coastal,land:4.1;land:8.37;interp:map-0002
D4102,D,41,2,90,22,sea,sea,land:4.1;land:8.37;interp:map-0002
D4103,D,41,3,91,22,sea,sea,land:4.1;land:8.37;interp:map-0002
D4104,D,41,4,92,22,sea,sea,land:4.1;land:8.37;interp:map-0002
D4201,D,42,1,90,21,sea,sea,land:4.1;land:8.37;interp:map-0002
E0101,E,1,1,102,62,unclassified,,land:4.1
E0102,E,1,2,103,62,unclassified,,land:4.1
E0103,E,1,3,104,62,unclassified,,land:4.1
E0104,E,1,4,105,62,unclassified,,land:4.1
E0105,E,1,5,106,62,unclassified,,land:4.1
E0106,E,1,6,107,62,unclassified,,land:4.1
E0107,E,1,7,108,62,unclassified,,land:4.1
E0108,E,1,8,109,62,unclassified,,land:4.1
E0109,E,1,9,110,62,unclassified,,land:4.1
E0110,E,1,10,111,62,unclassified,,land:4.1
E0111,E,1,11,112,62,unclassified,,land:4.1
E0112,E,1,12,113,62,unclassified,,land:4.1
E0113,E,1,13,114,62,unclassified,,land:4.1
E0114,E,1,14,115,62,unclassified,,land:4.1
E0115,E,1,15,116,62,unclassified,,land:4.1
E0116,E,1,16,117,62,unclassified,,land:4.1
E0117,E,1,17,118,62,unclassified,,land:4.1
E0118,E,1,18,119,62,unclassified,,land:4.1
E0119,E,1,19,120,62,unclassified,,land:4.1
E0120,E,1,20,121,62,unclassified,,land:4.1
E0121,E,1,21,122,62,unclassified,,land:4.1
E0122,E,1,22,123,62,unclassified,,land:4.1
E0123,E,1,23,124,62,unclassified,,land:4.1
E0124,E,1,24,125,62,unclassified,,land:4.1
E0125,E,1,25,126,62,unclassified,,land:4.1
E0126,E,1,26,127,62,unclassified,,land:4.1
E0127,E,1,27,128,62,unclassified,,land:4.1
E0128,E,1,28,129,62,unclassified,,land:4.1
E0129,E,1,29,130,62,unclassified,,land:4.1
E0130,E,1,30,131,62,unclassified,,land:4.1
E0131,E,1,31,132,62,unclassified,,land:4.1
E0132,E,1,32,133,62,unclassified,,land:4.1
E0133,E,1,33,134,62,unclassified,,land:4.1
E0134,E,1,34,135,62,unclassified,,land:4.1
E0201,E,2,1,103,61,unclassified,,land:4.1
E0202,E,2,2,104,61,unclassified,,land:4.1
E0203,E,2,3,105,61,unclassified,,land:4.1
E0204,E,2,4,106,61,unclassified,,land:4.1
E0205,E,2,5,107,61,unclassified,,land:4.1
E0206,E,2,6,108,61,unclassified,,land:4.1
E0207,E,2,7,109,61,unclassified,,land:4.1
E0208,E,2,8,110,61,unclassified,,land:4.1
E0209,E,2,9,111,61,unclassified,,land:4.1
E0210,E,2,10,112,61,unclassified,,land:4.1
E0211,E,2,11,113,61,unclassified,,land:4.1
E0212,E,2,12,114,61,unclassified,,land:4.1
E0213,E,2,13,115,61,unclassified,,land:4.1
E0214,E,2,14,116,61,unclassified,,land:4.1
E0215,E,2,15,117,61,unclassified,,land:4.1
E0216,E,2,16,118,61,unclassified,,land:4.1
E0217,E,2,17,119,61,unclassified,,land:4.1
E0218,E,2,18,120,61,unclassified,,land:4.1
E0219,E,2,19,121,61,unclassified,,land:4.1
E0220,E,2,20,122,61,unclassified,,land:4.1
E0221,E,2,21,123,61,unclassified,,land:4.1
E0222,E,2,22,124,61,unclassified,,land:4.1
E0223,E,2,23,125,61,unclassified,,land:4.1
E0224,E,2,24,126,61,unclassified,,land:4.1
E0225,E,2,25,127,61,unclassified,,land:4.1
E0226,E,2,26,128,61,unclassified,,land:4.1
E0227,E,2,27,129,61,unclassified,,land:4.1
E0228,E,2,28,130,61,unclassified,,land:4.1
E0229,E,2,29,131,61,unclassified,,land:4.1
E0230,E,2,30,132,61,unclassified,,land:4.1
E0231,E,2,31,133,61,unclassified,,land:4.1
E0232,E,2,32,134,61,unclassified,,land:4.1
E0233,E,2,33,135,61,unclassified,,land:4.1
E0301,E,3,1,103,60,unclassified,,land:4.1
E0302,E,3,2,104,60,unclassified,,land:4.1
E0303,E,3,3,105,60,unclassified,,land:4.1
E0304,E,3,4,106,60,unclassified,,land:4.1
E0305,E,3,5,107,60,unclassified,,land:4.1
E0306,E,3,6,108,60,unclassified,,land:4.1
E0307,E,3,7,109,60,unclassified,,land:4.1
E0308,E,3,8,110,60,unclassified,,land:4.1
E0309,E,3,9,111,60,unclassified,,land:4.1
E0310,E,3,10,112,60,unclassified,,land:4.1
E0311,E,3,11,113,60,unclassified,,land:4.1
E0312,E,3,12,114,60,unclassified,,land:4.1
E0313,E,3,13,115,60,unclassified,,land:4.1
E0314,E,3,14,116,60,unclassified,,land:4.1
E0315,E,3,15,117,60,unclassified,,land:4.1
E0316,E,3,16,118,60,unclassified,,land:4.1
E0317,E,3,17,119,60,unclassified,,land:4.1
E0318,E,3,18,120,60,unclassified,,land:4.1
E0319,E,3,19,121,60,unclassified,,land:4.1
E0320,E,3,20,122,60,unclassified,,land:4.1
E0321,E,3,21,123,60,unclassified,,land:4.1
E0322,E,3,22,124,60,unclassified,,land:4.1
E0323,E,3,23,125,60,unclassified,,land:4.1
E0324,E,3,24,126,60,unclassified,,land:4.1
E0325,E,3,25,127,60,unclassified,,land:4.1
E0326,E,3,26,128,60,unclassified,,land:4.1
E0327,E,3,27,129,60,unclassified,,land:4.1
E0328,E,3,28,130,60,unclassified,,land:4.1
E0329,E,3,29,131,60,unclassified,,land:4.1
E0330,E,3,30,132,60,unclassified,,land:4.1
E0331,E,3,31,133,60,unclassified,,land:4.1
E0332,E,3,32,134,60,unclassified,,land:4.1
E0333,E,3,33,135,60,unclassified,,land:4.1
E0334,E,3,34,136,60,unclassified,,land:4.1
E0401,E,4,1,104,59,unclassified,,land:4.1
E0402,E,4,2,105,59,unclassified,,land:4.1
E0403,E,4,3,106,59,unclassified,,land:4.1
E0404,E,4,4,107,59,unclassified,,land:4.1
E0405,E,4,5,108,59,unclassified,,land:4.1
E0406,E,4,6,109,59,unclassified,,land:4.1
E0407,E,4,7,110,59,unclassified,,land:4.1
E0408,E,4,8,111,59,unclassified,,land:4.1
E0409,E,4,9,112,59,unclassified,,land:4.1
E0410,E,4,10,113,59,unclassified,,land:4.1
E0411,E,4,11,114,59,unclassified,,land:4.1
E0412,E,4,12,115,59,unclassified,,land:4.1
E0413,E,4,13,116,59,unclassified,,land:4.1
E0414,E,4,14,117,59,unclassified,,land:4.1
E0415,E,4,15,118,59,unclassified,,land:4.1
E0416,E,4,16,119,59,unclassified,,land:4.1
E0417,E,4,17,120,59,unclassified,,land:4.1
E0418,E,4,18,121,59,unclassified,,land:4.1
E0419,E,4,19,122,59,unclassified,,land:4.1
E0420,E,4,20,123,59,unclassified,,land:4.1
E0421,E,4,21,124,59,unclassified,,land:4.1
E0422,E,4,22,125,59,unclassified,,land:4.1
E0423,E,4,23,126,59,unclassified,,land:4.1
E0424,E,4,24,127,59,unclassified,,land:4.1
E0425,E,4,25,128,59,unclassified,,land:4.1
E0426,E,4,26,129,59,unclassified,,land:4.1
E0427,E,4,27,130,59,unclassified,,land:4.1
E0428,E,4,28,131,59,unclassified,,land:4.1
E0429,E,4,29,132,59,unclassified,,land:4.1
E0430,E,4,30,133,59,unclassified,,land:4.1
E0431,E,4,31,134,59,unclassified,,land:4.1
E0432,E,4,32,135,59,unclassified,,land:4.1
E0433,E,4,33,136,59,unclassified,,land:4.1
E0501,E,5,1,104,58,unclassified,,land:4.1
E0502,E,5,2,105,58,unclassified,,land:4.1
E0503,E,5,3,106,58,unclassified,,land:4.1
E0504,E,5,4,107,58,unclassified,,land:4.1
E0505,E,5,5,108,58,unclassified,,land:4.1
E0506,E,5,6,109,58,unclassified,,land:4.1
E0507,E,5,7,110,58,unclassified,,land:4.1
E0508,E,5,8,111,58,unclassified,,land:4.1
E0509,E,5,9,112,58,unclassified,,land:4.1
E0510,E,5,10,113,58,unclassified,,land:4.1
E0511,E,5,11,114,58,unclassified,,land:4.1
E0512,E,5,12,115,58,unclassified,,land:4.1
E0513,E,5,13,116,58,unclassified,,land:4.1
E0514,E,5,14,117,58,unclassified,,land:4.1
E0515,E,5,15,118,58,unclassified,,land:4.1
E0516,E,5,16,119,58,unclassified,,land:4.1
E0517,E,5,17,120,58,unclassified,,land:4.1
E0518,E,5,18,121,58,unclassified,,land:4.1
E0519,E,5,19,122,58,unclassified,,land:4.1
E0520,E,5,20,123,58,unclassified,,land:4.1
E0521,E,5,21,124,58,unclassified,,land:4.1
E0522,E,5,22,125,58,unclassified,,land:4.1
E0523,E,5,23,126,58,unclassified,,land:4.1
E0524,E,5,24,127,58,unclassified,,land:4.1
E0525,E,5,25,128,58,unclassified,,land:4.1
E0526,E,5,26,129,58,unclassified,,land:4.1
E0527,E,5,27,130,58,unclassified,,land:4.1
E0528,E,5,28,131,58,unclassified,,land:4.1
E0529,E,5,29,132,58,unclassified,,land:4.1
E0530,E,5,30,133,58,unclassified,,land:4.1
E0531,E,5,31,134,58,unclassified,,land:4.1
E0532,E,5,32,135,58,unclassified,,land:4.1
E0533,E,5,33,136,58,unclassified,,land:4.1
E0534,E,5,34,137,58,unclassified,,land:4.1
E0601,E,6,1,105,57,unclassified,,land:4.1
E0602,E,6,2,106,57,unclassified,,land:4.1
E0603,E,6,3,107,57,unclassified,,land:4.1
E0604,E,6,4,108,57,unclassified,,land:4.1
E0605,E,6,5,109,57,unclassified,,land:4.1
E0606,E,6,6,110,57,unclassified,,land:4.1
E0607,E,6,7,111,57,unclassified,,land:4.1
E0608,E,6,8,112,57,unclassified,,land:4.1
E0609,E,6,9,113,57,unclassified,,land:4.1
E0610,E,6,10,114,57,unclassified,,land:4.1
E0611,E,6,11,115,57,unclassified,,land:4.1
E0612,E,6,12,116,57,unclassified,,land:4.1
E0613,E,6,13,117,57,unclassified,,land:4.1
E0614,E,6,14,118,57,unclassified,,land:4.1
E0615,E,6,15,119,57,unclassified,,land:4.1
E0616,E,6,16,120,57,unclassified,,land:4.1
E0617,E,6,17,121,57,unclassified,,land:4.1
E0618,E,6,18,122,57,unclassified,,land:4.1
E0619,E,6,19,123,57,unclassified,,land:4.1
E0620,E,6,20,124,57,unclassified,,land:4.1
E0621,E,6,21,125,57,unclassified,,land:4.1
E0622,E,6,22,126,57,unclassified,,land:4.1
E0623,E,6,23,127,57,unclassified,,land:4.1
E0624,E,6,24,128,57,unclassified,,land:4.1
E0625,E,6,25,129,57,unclassified,,land:4.1
E0626,E,6,26,130,57,unclassified,,land:4.1
E0627,E,6,27,131,57,unclassified,,land:4.1
E0628,E,6,28,132,57,unclassified,,land:4.1
E0629,E,6,29,133,57,unclassified,,land:4.1
E0630,E,6,30,134,57,unclassified,,land:4.1
E0631,E,6,31,135,57,unclassified,,land:4.1
E0632,E,6,32,136,57,unclassified,,land:4.1
E0633,E,6,33,137,57,unclassified,,land:4.1
E0701,E,7,1,105,56,unclassified,,land:4.1
E0702,E,7,2,106,56,unclassified,,land:4.1
E0703,E,7,3,107,56,unclassified,,land:4.1
E0704,E,7,4,108,56,unclassified,,land:4.1
E0705,E,7,5,109,56,unclassified,,land:4.1
E0706,E,7,6,110,56,unclassified,,land:4.1
E0707,E,7,7,111,56,unclassified,,land:4.1
E0708,E,7,8,112,56,unclassified,,land:4.1
E0709,E,7,9,113,56,unclassified,,land:4.1
E0710,E,7,10,114,56,unclassified,,land:4.1
E0711,E,7,11,115,56,unclassified,,land:4.1
E0712,E,7,12,116,56,unclassified,,land:4.1
E0713,E,7,13,117,56,unclassified,,land:4.1
E0714,E,7,14,118,56,unclassified,,land:4.1
E0715,E,7,15,119,56,unclassified,,land:4.1
E0716,E,7,16,120,56,unclassified,,land:4.1
E0717,E,7,17,121,56,unclassified,,land:4.1
E0718,E,7,18,122,56,unclassified,,land:4.1
E0719,E,7,19,123,56,unclassified,,land:4.1
E0720,E,7,20,124,56,unclassified,,land:4.1
E0721,E,7,21,125,56,unclassified,,land:4.1
E0722,E,7,22,126,56,unclassified,,land:4.1
E0723,E,7,23,127,56,unclassified,,land:4.1
E0724,E,7,24,128,56,unclassified,,land:4.1
E0725,E,7,25,129,56,unclassified,,land:4.1
E0726,E,7,26,130,56,unclassified,,land:4.1
E0727,E,7,27,131,56,unclassified,,land:4.1
E0728,E,7,28,132,56,unclassified,,land:4.1
E0729,E,7,29,133,56,unclassified,,land:4.1
E0730,E,7,30,134,56,unclassified,,land:4.1
E0731,E,7,31,135,56,unclassified,,land:4.1
E0732,E,7,32,136,56,unclassified,,land:4.1
E0733,E,7,33,137,56,unclassified,,land:4.1
E0734,E,7,34,138,56,unclassified,,land:4.1
E0801,E,8,1,106,55,unclassified,,land:4.1
E0802,E,8,2,107,55,unclassified,,land:4.1
E0803,E,8,3,108,55,unclassified,,land:4.1
E0804,E,8,4,109,55,unclassified,,land:4.1
E0805,E,8,5,110,55,unclassified,,land:4.1
E0806,E,8,6,111,55,unclassified,,land:4.1
E0807,E,8,7,112,55,unclassified,,land:4.1
E0808,E,8,8,113,55,unclassified,,land:4.1
E0809,E,8,9,114,55,unclassified,,land:4.1
E0810,E,8,10,115,55,unclassified,,land:4.1
E0811,E,8,11,116,55,unclassified,,land:4.1
E0812,E,8,12,117,55,unclassified,,land:4.1
E0813,E,8,13,118,55,unclassified,,land:4.1
E0814,E,8,14,119,55,unclassified,,land:4.1
E0815,E,8,15,120,55,unclassified,,land:4.1
E0816,E,8,16,121,55,unclassified,,land:4.1
E0817,E,8,17,122,55,unclassified,,land:4.1
E0818,E,8,18,123,55,unclassified,,land:4.1
E0819,E,8,19,124,55,unclassified,,land:4.1
E0820,E,8,20,125,55,unclassified,,land:4.1
E0821,E,8,21,126,55,unclassified,,land:4.1
E0822,E,8,22,127,55,unclassified,,land:4.1
E0823,E,8,23,128,55,unclassified,,land:4.1
E0824,E,8,24,129,55,unclassified,,land:4.1
E0825,E,8,25,130,55,unclassified,,land:4.1
E0826,E,8,26,131,55,unclassified,,land:4.1
E0827,E,8,27,132,55,unclassified,,land:4.1
E0828,E,8,28,133,55,unclassified,,land:4.1
E0829,E,8,29,134,55,unclassified,,land:4.1
E0830,E,8,30,135,55,unclassified,,land:4.1
E0831,E,8,31,136,55,unclassified,,land:4.1
E0832,E,8,32,137,55,unclassified,,land:4.1
E0833,E,8,33,138,55,unclassified,,land:4.1
E0901,E,9,1,106,54,unclassified,,land:4.1
E0902,E,9,2,107,54,unclassified,,land:4.1
E0903,E,9,3,108,54,unclassified,,land:4.1
E0904,E,9,4,109,54,unclassified,,land:4.1
E0905,E,9,5,110,54,unclassified,,land:4.1
E0906,E,9,6,111,54,unclassified,,land:4.1
E0907,E,9,7,112,54,unclassified,,land:4.1
E0908,E,9,8,113,54,unclassified,,land:4.1
E0909,E,9,9,114,54,unclassified,,land:4.1
E0910,E,9,10,115,54,unclassified,,land:4.1
E0911,E,9,11,116,54,unclassified,,land:4.1
E0912,E,9,12,117,54,unclassified,,land:4.1
E0913,E,9,13,118,54,unclassified,,land:4.1
E0914,E,9,14,119,54,unclassified,,land:4.1
E0915,E,9,15,120,54,unclassified,,land:4.1
E0916,E,9,16,121,54,unclassified,,land:4.1
E0917,E,9,17,122,54,unclassified,,land:4.1
E0918,E,9,18,123,54,unclassified,,land:4.1
E0919,E,9,19,124,54,unclassified,,land:4.1
E0920,E,9,20,125,54,unclassified,,land:4.1
E0921,E,9,21,126,54,unclassified,,land:4.1
E0922,E,9,22,127,54,unclassified,,land:4.1
E0923,E,9,23,128,54,unclassified,,land:4.1
E0924,E,9,24,129,54,unclassified,,land:4.1
E0925,E,9,25,130,54,unclassified,,land:4.1
E0926,E,9,26,131,54,unclassified,,land:4.1
E0927,E,9,27,132,54,unclassified,,land:4.1
E0928,E,9,28,133,54,unclassified,,land:4.1
E0929,E,9,29,134,54,unclassified,,land:4.1
E0930,E,9,30,135,54,unclassified,,land:4.1
E0931,E,9,31,136,54,unclassified,,land:4.1
E0932,E,9,32,137,54,unclassified,,land:4.1
E0933,E,9,33,138,54,unclassified,,land:4.1
E0934,E,9,34,139,54,unclassified,,land:4.1
E1001,E,10,1,107,53,unclassified,,land:4.1
E1002,E,10,2,108,53,unclassified,,land:4.1
E1003,E,10,3,109,53,unclassified,,land:4.1
E1004,E,10,4,110,53,unclassified,,land:4.1
E1005,E,10,5,111,53,unclassified,,land:4.1
E1006,E,10,6,112,53,unclassified,,land:4.1
E1007,E,10,7,113,53,unclassified,,land:4.1
E1008,E,10,8,114,53,unclassified,,land:4.1
E1009,E,10,9,115,53,unclassified,,land:4.1
E1010,E,10,10,116,53,unclassified,,land:4.1
E1011,E,10,11,117,53,unclassified,,land:4.1
E1012,E,10,12,118,53,unclassified,,land:4.1
E1013,E,10,13,119,53,unclassified,,land:4.1
E1014,E,10,14,120,53,unclassified,,land:4.1
E1015,E,10,15,121,53,unclassified,,land:4.1
E1016,E,10,16,122,53,unclassified,,land:4.1
E1017,E,10,17,123,53,unclassified,,land:4.1
E1018,E,10,18,124,53,unclassified,,land:4.1
E1019,E,10,19,125,53,unclassified,,land:4.1
E1020,E,10,20,126,53,unclassified,,land:4.1
E1021,E,10,21,127,53,unclassified,,land:4.1
E1022,E,10,22,128,53,unclassified,,land:4.1
E1023,E,10,23,129,53,unclassified,,land:4.1
E1024,E,10,24,130,53,unclassified,,land:4.1
E1025,E,10,25,131,53,unclassified,,land:4.1
E1026,E,10,26,132,53,unclassified,,land:4.1
E1027,E,10,27,133,53,unclassified,,land:4.1
E1028,E,10,28,134,53,unclassified,,land:4.1
E1029,E,10,29,135,53,unclassified,,land:4.1
E1030,E,10,30,136,53,unclassified,,land:4.1
E1031,E,10,31,137,53,unclassified,,land:4.1
E1032,E,10,32,138,53,unclassified,,land:4.1
E1033,E,10,33,139,53,unclassified,,land:4.1
E1101,E,11,1,107,52,unclassified,,land:4.1
E1102,E,11,2,108,52,unclassified,,land:4.1
E1103,E,11,3,109,52,unclassified,,land:4.1
E1104,E,11,4,110,52,unclassified,,land:4.1
E1105,E,11,5,111,52,unclassified,,land:4.1
E1106,E,11,6,112,52,unclassified,,land:4.1
E1107,E,11,7,113,52,unclassified,,land:4.1
E1108,E,11,8,114,52,unclassified,,land:4.1
E1109,E,11,9,115,52,unclassified,,land:4.1
E1110,E,11,10,116,52,unclassified,,land:4.1
E1111,E,11,11,117,52,unclassified,,land:4.1
E1112,E,11,12,118,52,unclassified,,land:4.1
E1113,E,11,13,119,52,unclassified,,land:4.1
E1114,E,11,14,120,52,unclassified,,land:4.1
E1115,E,11,15,121,52,unclassified,,land:4.1
E1116,E,11,16,122,52,unclassified,,land:4.1
E1117,E,11,17,123,52,unclassified,,land:4.1
E1118,E,11,18,124,52,unclassified,,land:4.1
E1119,E,11,19,125,52,unclassified,,land:4.1
E1120,E,11,20,126,52,unclassified,,land:4.1
E1121,E,11,21,127,52,unclassified,,land:4.1
E1122,E,11,22,128,52,unclassified,,land:4.1
E1123,E,11,23,129,52,unclassified,,land:4.1
E1124,E,11,24,130,52,unclassified,,land:4.1
E1125,E,11,25,131,52,unclassified,,land:4.1
E1126,E,11,26,132,52,unclassified,,land:4.1
E1127,E,11,27,133,52,unclassified,,land:4.1
E1128,E,11,28,134,52,unclassified,,land:4.1
E1129,E,11,29,135,52,unclassified,,land:4.1
E1130,E,11,30,136,52,unclassified,,land:4.1
E1131,E,11,31,137,52,unclassified,,land:4.1
E1132,E,11,32,138,52,unclassified,,land:4.1
E1133,E,11,33,139,52,unclassified,,land:4.1
E1134,E,11,34,140,52,unclassified,,land:4.1
E1201,E,12,1,108,51,unclassified,,land:4.1
E1202,E,12,2,109,51,unclassified,,land:4.1
E1203,E,12,3,110,51,unclassified,,land:4.1
E1204,E,12,4,111,51,unclassified,,land:4.1
E1205,E,12,5,112,51,unclassified,,land:4.1
E1206,E,12,6,113,51,unclassified,,land:4.1
E1207,E,12,7,114,51,unclassified,,land:4.1
E1208,E,12,8,115,51,unclassified,,land:4.1
E1209,E,12,9,116,51,unclassified,,land:4.1
E1210,E,12,10,117,51,unclassified,,land:4.1
E1211,E,12,11,118,51,unclassified,,land:4.1
E1212,E,12,12,119,51,unclassified,,land:4.1
E1213,E,12,13,120,51,unclassified,,land:4.1
E1214,E,12,14,121,51,unclassified,,land:4.1
E1215,E,12,15,122,51,unclassified,,land:4.1
E1216,E,12,16,123,51,unclassified,,land:4.1
E1217,E,12,17,124,51,unclassified,,land:4.1
E1218,E,12,18,125,51,unclassified,,land:4.1
E1219,E,12,19,126,51,unclassified,,land:4.1
E1220,E,12,20,127,51,unclassified,,land:4.1
E1221,E,12,21,128,51,unclassified,,land:4.1
E1222,E,12,22,129,51,unclassified,,land:4.1
E1223,E,12,23,130,51,unclassified,,land:4.1
E1224,E,12,24,131,51,unclassified,,land:4.1
E1225,E,12,25,132,51,unclassified,,land:4.1
E1226,E,12,26,133,51,unclassified,,land:4.1
E1227,E,12,27,134,51,unclassified,,land:4.1
E1228,E,12,28,135,51,unclassified,,land:4.1
E1229,E,12,29,136,51,unclassified,,land:4.1
E1230,E,12,30,137,51,unclassified,,land:4.1
E1231,E,12,31,138,51,unclassified,,land:4.1
E1232,E,12,32,139,51,unclassified,,land:4.1
E1233,E,12,33,140,51,unclassified,,land:4.1
E1301,E,13,1,108,50,unclassified,,land:4.1
E1302,E,13,2,109,50,unclassified,,land:4.1
E1303,E,13,3,110,50,unclassified,,land:4.1
E1304,E,13,4,111,50,unclassified,,land:4.1
E1305,E,13,5,112,50,unclassified,,land:4.1
E1306,E,13,6,113,50,unclassified,,land:4.1
E1307,E,13,7,114,50,unclassified,,land:4.1
E1308,E,13,8,115,50,unclassified,,land:4.1
E1309,E,13,9,116,50,unclassified,,land:4.1
E1310,E,13,10,117,50,unclassified,,land:4.1
E1311,E,13,11,118,50,unclassified,,land:4.1
E1312,E,13,12,119,50,unclassified,,land:4.1
E1313,E,13,13,120,50,unclassified,,land:4.1
E1314,E,13,14,121,50,unclassified,,land:4.1
E1315,E,13,15,122,50,unclassified,,land:4.1
E1316,E,13,16,123,50,unclassified,,land:4.1
E1317,E,13,17,124,50,unclassified,,land:4.1
E1318,E,13,18,125,50,unclassified,,land:4.1
E1319,E,13,19,126,50,unclassified,,land:4.1
E1320,E,13,20,127,50,unclassified,,land:4.1
E1321,E,13,21,128,50,unclassified,,land:4.1
E1322,E,13,22,129,50,unclassified,,land:4.1
E1323,E,13,23,130,50,unclassified,,land:4.1
E1324,E,13,24,131,50,unclassified,,land:4.1
E1325,E,13,25,132,50,unclassified,,land:4.1
E1326,E,13,26,133,50,unclassified,,land:4.1
E1327,E,13,27,134,50,unclassified,,land:4.1
E1328,E,13,28,135,50,unclassified,,land:4.1
E1329,E,13,29,136,50,unclassified,,land:4.1
E1330,E,13,30,137,50,unclassified,,land:4.1
E1331,E,13,31,138,50,unclassified,,land:4.1
E1332,E,13,32,139,50,unclassified,,land:4.1
E1333,E,13,33,140,50,unclassified,,land:4.1
E1334,E,13,34,141,50,unclassified,,land:4.1
E1401,E,14,1,109,49,unclassified,,land:4.1
E1402,E,14,2,110,49,unclassified,,land:4.1
E1403,E,14,3,111,49,unclassified,,land:4.1
E1404,E,14,4,112,49,unclassified,,land:4.1
E1405,E,14,5,113,49,unclassified,,land:4.1
E1406,E,14,6,114,49,unclassified,,land:4.1
E1407,E,14,7,115,49,unclassified,,land:4.1
E1408,E,14,8,116,49,unclassified,,land:4.1
E1409,E,14,9,117,49,unclassified,,land:4.1
E1410,E,14,10,118,49,unclassified,,land:4.1
E1411,E,14,11,119,49,unclassified,,land:4.1
E1412,E,14,12,120,49,unclassified,,land:4.1
E1413,E,14,13,121,49,unclassified,,land:4.1
E1414,E,14,14,122,49,unclassified,,land:4.1
E1415,E,14,15,123,49,unclassified,,land:4.1
E1416,E,14,16,124,49,unclassified,,land:4.1
E1417,E,14,17,125,49,unclassified,,land:4.1
E1418,E,14,18,126,49,unclassified,,land:4.1
E1419,E,14,19,127,49,unclassified,,land:4.1
E1420,E,14,20,128,49,unclassified,,land:4.1
E1421,E,14,21,129,49,unclassified,,land:4.1
E1422,E,14,22,130,49,unclassified,,land:4.1
E1423,E,14,23,131,49,unclassified,,land:4.1
E1424,E,14,24,132,49,unclassified,,land:4.1
E1425,E,14,25,133,49,unclassified,,land:4.1
E1426,E,14,26,134,49,unclassified,,land:4.1
E1427,E,14,27,135,49,unclassified,,land:4.1
E1428,E,14,28,136,49,unclassified,,land:4.1
E1429,E,14,29,137,49,unclassified,,land:4.1
E1430,E,14,30,138,49,unclassified,,land:4.1
E1431,E,14,31,139,49,unclassified,,land:4.1
E1432,E,14,32,140,49,unclassified,,land:4.1
E1433,E,14,33,141,49,unclassified,,land:4.1
E1501,E,15,1,109,48,unclassified,,land:4.1
E1502,E,15,2,110,48,unclassified,,land:4.1
E1503,E,15,3,111,48,unclassified,,land:4.1
E1504,E,15,4,112,48,unclassified,,land:4.1
E1505,E,15,5,113,48,unclassified,,land:4.1
E1506,E,15,6,114,48,unclassified,,land:4.1
E1507,E,15,7,115,48,unclassified,,land:4.1
E1508,E,15,8,116,48,unclassified,,land:4.1
E1509,E,15,9,117,48,unclassified,,land:4.1
E1510,E,15,10,118,48,unclassified,,land:4.1
E1511,E,15,11,119,48,unclassified,,land:4.1
E1512,E,15,12,120,48,unclassified,,land:4.1
E1513,E,15,13,121,48,unclassified,,land:4.1
E1514,E,15,14,122,48,unclassified,,land:4.1
E1515,E,15,15,123,48,unclassified,,land:4.1
E1516,E,15,16,124,48,unclassified,,land:4.1
E1517,E,15,17,125,48,unclassified,,land:4.1
E1518,E,15,18,126,48,unclassified,,land:4.1
E1519,E,15,19,127,48,unclassified,,land:4.1
E1520,E,15,20,128,48,unclassified,,land:4.1
E1521,E,15,21,129,48,unclassified,,land:4.1
E1522,E,15,22,130,48,unclassified,,land:4.1
E1523,E,15,23,131,48,unclassified,,land:4.1
E1524,E,15,24,132,48,unclassified,,land:4.1
E1525,E,15,25,133,48,unclassified,,land:4.1
E1526,E,15,26,134,48,unclassified,,land:4.1
E1527,E,15,27,135,48,unclassified,,land:4.1
E1528,E,15,28,136,48,unclassified,,land:4.1
E1529,E,15,29,137,48,unclassified,,land:4.1
E1530,E,15,30,138,48,unclassified,,land:4.1
E1531,E,15,31,139,48,unclassified,,land:4.1
E1532,E,15,32,140,48,unclassified,,land:4.1
E1533,E,15,33,141,48,unclassified,,land:4.1
E1534,E,15,34,142,48,unclassified,,land:4.1
E1601,E,16,1,110,47,unclassified,,land:4.1
E1602,E,16,2,111,47,unclassified,,land:4.1
E1603,E,16,3,112,47,unclassified,,land:4.1
E1604,E,16,4,113,47,unclassified,,land:4.1
E1605,E,16,5,114,47,unclassified,,land:4.1
E1606,E,16,6,115,47,unclassified,,land:4.1
E1607,E,16,7,116,47,unclassified,,land:4.1
E1608,E,16,8,117,47,unclassified,,land:4.1
E1609,E,16,9,118,47,unclassified,,land:4.1
E1610,E,16,10,119,47,unclassified,,land:4.1
E1611,E,16,11,120,47,unclassified,,land:4.1
E1612,E,16,12,121,47,unclassified,,land:4.1
E1613,E,16,13,122,47,unclassified,,land:4.1
E1614,E,16,14,123,47,unclassified,,land:4.1
E1615,E,16,15,124,47,unclassified,,land:4.1
E1616,E,16,16,125,47,unclassified,,land:4.1
E1617,E,16,17,126,47,unclassified,,land:4.1
E1618,E,16,18,127,47,unclassified,,land:4.1
E1619,E,16,19,128,47,unclassified,,land:4.1
E1620,E,16,20,129,47,unclassified,,land:4.1
E1621,E,16,21,130,47,unclassified,,land:4.1
E1622,E,16,22,131,47,unclassified,,land:4.1
E1623,E,16,23,132,47,unclassified,,land:4.1
E1624,E,16,24,133,47,unclassified,,land:4.1
E1625,E,16,25,134,47,unclassified,,land:4.1
E1626,E,16,26,135,47,unclassified,,land:4.1
E1627,E,16,27,136,47,unclassified,,land:4.1
E1628,E,16,28,137,47,unclassified,,land:4.1
E1629,E,16,29,138,47,unclassified,,land:4.1
E1630,E,16,30,139,47,unclassified,,land:4.1
E1631,E,16,31,140,47,unclassified,,land:4.1
E1632,E,16,32,141,47,unclassified,,land:4.1
E1633,E,16,33,142,47,unclassified,,land:4.1
E1701,E,17,1,110,46,unclassified,,land:4.1
E1702,E,17,2,111,46,unclassified,,land:4.1
E1703,E,17,3,112,46,unclassified,,land:4.1
E1704,E,17,4,113,46,unclassified,,land:4.1
E1705,E,17,5,114,46,unclassified,,land:4.1
E1706,E,17,6,115,46,unclassified,,land:4.1
E1707,E,17,7,116,46,unclassified,,land:4.1
E1708,E,17,8,117,46,unclassified,,land:4.1
E1709,E,17,9,118,46,unclassified,,land:4.1
E1710,E,17,10,119,46,unclassified,,land:4.1
E1711,E,17,11,120,46,unclassified,,land:4.1
E1712,E,17,12,121,46,unclassified,,land:4.1
E1713,E,17,13,122,46,unclassified,,land:4.1
E1714,E,17,14,123,46,unclassified,,land:4.1
E1715,E,17,15,124,46,unclassified,,land:4.1
E1716,E,17,16,125,46,unclassified,,land:4.1
E1717,E,17,17,126,46,unclassified,,land:4.1
E1718,E,17,18,127,46,unclassified,,land:4.1
E1719,E,17,19,128,46,unclassified,,land:4.1
E1720,E,17,20,129,46,unclassified,,land:4.1
E1721,E,17,21,130,46,unclassified,,land:4.1
E1722,E,17,22,131,46,unclassified,,land:4.1
E1723,E,17,23,132,46,unclassified,,land:4.1
E1724,E,17,24,133,46,unclassified,,land:4.1
E1725,E,17,25,134,46,unclassified,,land:4.1
E1726,E,17,26,135,46,unclassified,,land:4.1
E1727,E,17,27,136,46,unclassified,,land:4.1
E1728,E,17,28,137,46,unclassified,,land:4.1
E1729,E,17,29,138,46,unclassified,,land:4.1
E1730,E,17,30,139,46,major_city,land|major_city,land:4.1;land:8.37;land:17.32;scen:60.43
E1731,E,17,31,140,46,unclassified,,land:4.1
E1732,E,17,32,141,46,unclassified,,land:4.1
E1733,E,17,33,142,46,unclassified,,land:4.1
E1734,E,17,34,143,46,unclassified,,land:4.1
E1801,E,18,1,111,45,unclassified,,land:4.1
E1802,E,18,2,112,45,unclassified,,land:4.1
E1803,E,18,3,113,45,unclassified,,land:4.1
E1804,E,18,4,114,45,unclassified,,land:4.1
E1805,E,18,5,115,45,unclassified,,land:4.1
E1806,E,18,6,116,45,unclassified,,land:4.1
E1807,E,18,7,117,45,unclassified,,land:4.1
E1808,E,18,8,118,45,unclassified,,land:4.1
E1809,E,18,9,119,45,unclassified,,land:4.1
E1810,E,18,10,120,45,unclassified,,land:4.1
E1811,E,18,11,121,45,unclassified,,land:4.1
E1812,E,18,12,122,45,unclassified,,land:4.1
E1813,E,18,13,123,45,unclassified,,land:4.1
E1814,E,18,14,124,45,unclassified,,land:4.1
E1815,E,18,15,125,45,unclassified,,land:4.1
E1816,E,18,16,126,45,unclassified,,land:4.1
E1817,E,18,17,127,45,unclassified,,land:4.1
E1818,E,18,18,128,45,unclassified,,land:4.1
E1819,E,18,19,129,45,unclassified,,land:4.1
E1820,E,18,20,130,45,unclassified,,land:4.1
E1821,E,18,21,131,45,unclassified,,land:4.1
E1822,E,18,22,132,45,unclassified,,land:4.1
E1823,E,18,23,133,45,unclassified,,land:4.1
E1824,E,18,24,134,45,unclassified,,land:4.1
E1825,E,18,25,135,45,unclassified,,land:4.1
E1826,E,18,26,136,45,unclassified,,land:4.1
E1827,E,18,27,137,45,unclassified,,land:4.1
E1828,E,18,28,138,45,unclassified,,land:4.1
E1829,E,18,29,139,45,major_city,land|major_city,land:4.1;land:8.37;land:17.32;scen:60.43
E1830,E,18,30,140,45,major_city,land|major_city,land:4.1;land:8.37;land:17.32;scen:60.43
E1831,E,18,31,141,45,unclassified,,land:4.1
E1832,E,18,32,142,45,unclassified,,land:4.1
E1833,E,18,33,143,45,unclassified,,land:4.1
E1901,E,19,1,111,44,unclassified,,land:4.1
E1902,E,19,2,112,44,unclassified,,land:4.1
E1903,E,19,3,113,44,unclassified,,land:4.1
E1904,E,19,4,114,44,unclassified,,land:4.1
E1905,E,19,5,115,44,unclassified,,land:4.1
E1906,E,19,6,116,44,unclassified,,land:4.1
E1907,E,19,7,117,44,unclassified,,land:4.1
E1908,E,19,8,118,44,unclassified,,land:4.1
E1909,E,19,9,119,44,unclassified,,land:4.1
E1910,E,19,10,120,44,unclassified,,land:4.1
E1911,E,19,11,121,44,unclassified,,land:4.1
E1912,E,19,12,122,44,unclassified,,land:4.1
E1913,E,19,13,123,44,unclassified,,land:4.1
E1914,E,19,14,124,44,unclassified,,land:4.1
E1915,E,19,15,125,44,unclassified,,land:4.1
E1916,E,19,16,126,44,unclassified,,land:4.1
E1917,E,19,17,127,44,unclassified,,land:4.1
E1918,E,19,18,128,44,unclassified,,land:4.1
E1919,E,19,19,129,44,unclassified,,land:4.1
E1920,E,19,20,130,44,unclassified,,land:4.1
E1921,E,19,21,131,44,unclassified,,land:4.1
E1922,E,19,22,132,44,unclassified,,land:4.1
E1923,E,19,23,133,44,unclassified,,land:4.1
E1924,E,19,24,134,44,unclassified,,land:4.1
E1925,E,19,25,135,44,unclassified,,land:4.1
E1926,E,19,26,136,44,unclassified,,land:4.1
E1927,E,19,27,137,44,unclassified,,land:4.1
E1928,E,19,28,138,44,unclassified,,land:4.1
E1929,E,19,29,139,44,unclassified,,land:4.1
E1930,E,19,30,140,44,major_city,land|major_city,land:4.1;land:8.37;land:17.32;scen:60.43
E1931,E,19,31,141,44,major_city,land|major_city,land:4.1;land:8.37;land:17.32;scen:60.43
E1932,E,19,32,142,44,unclassified,,land:4.1
E1933,E,19,33,143,44,unclassified,,land:4.1
E1934,E,19,34,144,44,unclassified,,land:4.1
E2001,E,20,1,112,43,unclassified,,land:4.1
E2002,E,20,2,113,43,unclassified,,land:4.1
E2003,E,20,3,114,43,unclassified,,land:4.1
E2004,E,20,4,115,43,unclassified,,land:4.1
E2005,E,20,5,116,43,unclassified,,land:4.1
E2006,E,20,6,117,43,unclassified,,land:4.1
E2007,E,20,7,118,43,unclassified,,land:4.1
E2008,E,20,8,119,43,unclassified,,land:4.1
E2009,E,20,9,120,43,unclassified,,land:4.1
E2010,E,20,10,121,43,unclassified,,land:4.1
E2011,E,20,11,122,43,unclassified,,land:4.1
E2012,E,20,12,123,43,unclassified,,land:4.1
E2013,E,20,13,124,43,unclassified,,land:4.1
E2014,E,20,14,125,43,unclassified,,land:4.1
E2015,E,20,15,126,43,unclassified,,land:4.1
E2016,E,20,16,127,43,unclassified,,land:4.1
E2017,E,20,17,128,43,unclassified,,land:4.1
E2018,E,20,18,129,43,unclassified,,land:4.1
E2019,E,20,19,130,43,unclassified,,land:4.1
E2020,E,20,20,131,43,unclassified,,land:4.1
E2021,E,20,21,132,43,unclassified,,land:4.1
E2022,E,20,22,133,43,unclassified,,land:4.1
E2023,E,20,23,134,43,unclassified,,land:4.1
E2024,E,20,24,135,43,unclassified,,land:4.1
E2025,E,20,25,136,43,unclassified,,land:4.1
E2026,E,20,26,137,43,unclassified,,land:4.1
E2027,E,20,27,138,43,unclassified,,land:4.1
E2028,E,20,28,139,43,unclassified,,land:4.1
E2029,E,20,29,140,43,unclassified,,land:4.1
E2030,E,20,30,141,43,unclassified,,land:4.1
E2031,E,20,31,142,43,unclassified,,land:4.1
E2032,E,20,32,143,43,unclassified,,land:4.1
E2033,E,20,33,144,43,unclassified,,land:4.1
E2101,E,21,1,112,42,unclassified,,land:4.1
E2102,E,21,2,113,42,unclassified,,land:4.1
E2103,E,21,3,114,42,unclassified,,land:4.1
E2104,E,21,4,115,42,unclassified,,land:4.1
E2105,E,21,5,116,42,unclassified,,land:4.1
E2106,E,21,6,117,42,unclassified,,land:4.1
E2107,E,21,7,118,42,unclassified,,land:4.1
E2108,E,21,8,119,42,unclassified,,land:4.1
E2109,E,21,9,120,42,unclassified,,land:4.1
E2110,E,21,10,121,42,unclassified,,land:4.1
E2111,E,21,11,122,42,unclassified,,land:4.1
E2112,E,21,12,123,42,unclassified,,land:4.1
E2113,E,21,13,124,42,unclassified,,land:4.1
E2114,E,21,14,125,42,unclassified,,land:4.1
E2115,E,21,15,126,42,unclassified,,land:4.1
E2116,E,21,16,127,42,unclassified,,land:4.1
E2117,E,21,17,128,42,unclassified,,land:4.1
E2118,E,21,18,129,42,unclassified,,land:4.1
E2119,E,21,19,130,42,unclassified,,land:4.1
E2120,E,21,20,131,42,unclassified,,land:4.1
E2121,E,21,21,132,42,unclassified,,land:4.1
E2122,E,21,22,133,42,unclassified,,land:4.1
E2123,E,21,23,134,42,unclassified,,land:4.1
E2124,E,21,24,135,42,unclassified,,land:4.1
E2125,E,21,25,136,42,unclassified,,land:4.1
E2126,E,21,26,137,42,unclassified,,land:4.1
E2127,E,21,27,138,42,unclassified,,land:4.1
E2128,E,21,28,139,42,unclassified,,land:4.1
E2129,E,21,29,140,42,unclassified,,land:4.1
E2130,E,21,30,141,42,unclassified,,land:4.1
E2131,E,21,31,142,42,unclassified,,land:4.1
E2132,E,21,32,143,42,unclassified,,land:4.1
E2133,E,21,33,144,42,unclassified,,land:4.1
E2134,E,21,34,145,42,unclassified,,land:4.1
E2201,E,22,1,113,41,unclassified,,land:4.1
E2202,E,22,2,114,41,unclassified,,land:4.1
E2203,E,22,3,115,41,unclassified,,land:4.1
E2204,E,22,4,116,41,unclassified,,land:4.1
E2205,E,22,5,117,41,unclassified,,land:4.1
E2206,E,22,6,118,41,unclassified,,land:4.1
E2207,E,22,7,119,41,unclassified,,land:4.1
E2208,E,22,8,120,41,unclassified,,land:4.1
E2209,E,22,9,121,41,unclassified,,land:4.1
E2210,E,22,10,122,41,unclassified,,land:4.1
E2211,E,22,11,123,41,unclassified,,land:4.1
E2212,E,22,12,124,41,unclassified,,land:4.1
E2213,E,22,13,125,41,unclassified,,land:4.1
E2214,E,22,14,126,41,unclassified,,land:4.1
E2215,E,22,15,127,41,unclassified,,land:4.1
E2216,E,22,16,128,41,unclassified,,land:4.1
E2217,E,22,17,129,41,unclassified,,land:4.1
E2218,E,22,18,130,41,unclassified,,land:4.1
E2219,E,22,19,131,41,unclassified,,land:4.1
E2220,E,22,20,132,41,unclassified,,land:4.1
E2221,E,22,21,133,41,unclassified,,land:4.1
E2222,E,22,22,134,41,unclassified,,land:4.1
E2223,E,22,23,135,41,unclassified,,land:4.1
E2224,E,22,24,136,41,unclassified,,land:4.1
E2225,E,22,25,137,41,unclassified,,land:4.1
E2226,E,22,26,138,41,unclassified,,land:4.1
E2227,E,22,27,139,41,unclassified,,land:4.1
E2228,E,22,28,140,41,unclassified,,land:4.1
E2229,E,22,29,141,41,unclassified,,land:4.1
E2230,E,22,30,142,41,unclassified,,land:4.1
E2231,E,22,31,143,41,unclassified,,land:4.1
E2232,E,22,32,144,41,unclassified,,land:4.1
E2233,E,22,33,145,41,unclassified,,land:4.1
E2301,E,23,1,113,40,unclassified,,land:4.1
E2302,E,23,2,114,40,unclassified,,land:4.1
E2303,E,23,3,115,40,unclassified,,land:4.1
E2304,E,23,4,116,40,unclassified,,land:4.1
E2305,E,23,5,117,40,unclassified,,land:4.1
E2306,E,23,6,118,40,unclassified,,land:4.1
E2307,E,23,7,119,40,unclassified,,land:4.1
E2308,E,23,8,120,40,unclassified,,land:4.1
E2309,E,23,9,121,40,unclassified,,land:4.1
E2310,E,23,10,122,40,unclassified,,land:4.1
E2311,E,23,11,123,40,unclassified,,land:4.1
E2312,E,23,12,124,40,unclassified,,land:4.1
E2313,E,23,13,125,40,unclassified,,land:4.1
E2314,E,23,14,126,40,unclassified,,land:4.1
E2315,E,23,15,127,40,unclassified,,land:4.1
E2316,E,23,16,128,40,unclassified,,land:4.1
E2317,E,23,17,129,40,unclassified,,land:4.1
E2318,E,23,18,130,40,unclassified,,land:4.1
E2319,E,23,19,131,40,unclassified,,land:4.1
E2320,E,23,20,132,40,unclassified,,land:4.1
E2321,E,23,21,133,40,unclassified,,land:4.1
E2322,E,23,22,134,40,unclassified,,land:4.1
E2323,E,23,23,135,40,unclassified,,land:4.1
E2324,E,23,24,136,40,unclassified,,land:4.1
E2325,E,23,25,137,40,unclassified,,land:4.1
E2326,E,23,26,138,40,unclassified,,land:4.1
E2327,E,23,27,139,40,unclassified,,land:4.1
E2328,E,23,28,140,40,unclassified,,land:4.1
E2329,E,23,29,141,40,unclassified,,land:4.1
E2330,E,23,30,142,40,unclassified,,land:4.1
E2331,E,23,31,143,40,unclassified,,land:4.1
E2332,E,23,32,144,40,unclassified,,land:4.1
E2333,E,23,33,145,40,unclassified,,land:4.1
E2334,E,23,34,146,40,unclassified,,land:4.1
E2401,E,24,1,114,39,unclassified,,land:4.1
E2402,E,24,2,115,39,unclassified,,land:4.1
E2403,E,24,3,116,39,unclassified,,land:4.1
E2404,E,24,4,117,39,unclassified,,land:4.1
E2405,E,24,5,118,39,unclassified,,land:4.1
E2406,E,24,6,119,39,unclassified,,land:4.1
E2407,E,24,7,120,39,unclassified,,land:4.1
E2408,E,24,8,121,39,unclassified,,land:4.1
E2409,E,24,9,122,39,unclassified,,land:4.1
E2410,E,24,10,123,39,unclassified,,land:4.1
E2411,E,24,11,124,39,unclassified,,land:4.1
E2412,E,24,12,125,39,unclassified,,land:4.1
E2413,E,24,13,126,39,unclassified,,land:4.1
E2414,E,24,14,127,39,unclassified,,land:4.1
E2415,E,24,15,128,39,unclassified,,land:4.1
E2416,E,24,16,129,39,unclassified,,land:4.1
E2417,E,24,17,130,39,unclassified,,land:4.1
E2418,E,24,18,131,39,unclassified,,land:4.1
E2419,E,24,19,132,39,unclassified,,land:4.1
E2420,E,24,20,133,39,unclassified,,land:4.1
E2421,E,24,21,134,39,unclassified,,land:4.1
E2422,E,24,22,135,39,unclassified,,land:4.1
E2423,E,24,23,136,39,unclassified,,land:4.1
E2424,E,24,24,137,39,unclassified,,land:4.1
E2425,E,24,25,138,39,unclassified,,land:4.1
E2426,E,24,26,139,39,unclassified,,land:4.1
E2427,E,24,27,140,39,unclassified,,land:4.1
E2428,E,24,28,141,39,unclassified,,land:4.1
E2429,E,24,29,142,39,unclassified,,land:4.1
E2430,E,24,30,143,39,unclassified,,land:4.1
E2431,E,24,31,144,39,unclassified,,land:4.1
E2432,E,24,32,145,39,unclassified,,land:4.1
E2433,E,24,33,146,39,unclassified,,land:4.1
E2501,E,25,1,114,38,unclassified,,land:4.1
E2502,E,25,2,115,38,unclassified,,land:4.1
E2503,E,25,3,116,38,unclassified,,land:4.1
E2504,E,25,4,117,38,unclassified,,land:4.1
E2505,E,25,5,118,38,unclassified,,land:4.1
E2506,E,25,6,119,38,unclassified,,land:4.1
E2507,E,25,7,120,38,unclassified,,land:4.1
E2508,E,25,8,121,38,unclassified,,land:4.1
E2509,E,25,9,122,38,unclassified,,land:4.1
E2510,E,25,10,123,38,unclassified,,land:4.1
E2511,E,25,11,124,38,unclassified,,land:4.1
E2512,E,25,12,125,38,unclassified,,land:4.1
E2513,E,25,13,126,38,unclassified,,land:4.1
E2514,E,25,14,127,38,unclassified,,land:4.1
E2515,E,25,15,128,38,unclassified,,land:4.1
E2516,E,25,16,129,38,unclassified,,land:4.1
E2517,E,25,17,130,38,unclassified,,land:4.1
E2518,E,25,18,131,38,unclassified,,land:4.1
E2519,E,25,19,132,38,unclassified,,land:4.1
E2520,E,25,20,133,38,unclassified,,land:4.1
E2521,E,25,21,134,38,unclassified,,land:4.1
E2522,E,25,22,135,38,unclassified,,land:4.1
E2523,E,25,23,136,38,unclassified,,land:4.1
E2524,E,25,24,137,38,unclassified,,land:4.1
E2525,E,25,25,138,38,unclassified,,land:4.1
E2526,E,25,26,139,38,unclassified,,land:4.1
E2527,E,25,27,140,38,unclassified,,land:4.1
E2528,E,25,28,141,38,unclassified,,land:4.1
E2529,E,25,29,142,38,unclassified,,land:4.1
E2530,E,25,30,143,38,unclassified,,land:4.1
E2531,E,25,31,144,38,unclassified,,land:4.1
E2532,E,25,32,145,38,unclassified,,land:4.1
E2533,E,25,33,146,38,unclassified,,land:4.1
E2534,E,25,34,147,38,unclassified,,land:4.1
E2601,E,26,1,115,37,unclassified,,land:4.1
E2602,E,26,2,116,37,unclassified,,land:4.1
E2603,E,26,3,117,37,unclassified,,land:4.1
E2604,E,26,4,118,37,unclassified,,land:4.1
E2605,E,26,5,119,37,unclassified,,land:4.1
E2606,E,26,6,120,37,unclassified,,land:4.1
E2607,E,26,7,121,37,unclassified,,land:4.1
E2608,E,26,8,122,37,unclassified,,land:4.1
E2609,E,26,9,123,37,unclassified,,land:4.1
E2610,E,26,10,124,37,unclassified,,land:4.1
E2611,E,26,11,125,37,unclassified,,land:4.1
E2612,E,26,12,126,37,unclassified,,land:4.1
E2613,E,26,13,127,37,unclassified,,land:4.1
E2614,E,26,14,128,37,unclassified,,land:4.1
E2615,E,26,15,129,37,unclassified,,land:4.1
E2616,E,26,16,130,37,unclassified,,land:4.1
E2617,E,26,17,131,37,unclassified,,land:4.1
E2618,E,26,18,132,37,unclassified,,land:4.1
E2619,E,26,19,133,37,unclassified,,land:4.1
E2620,E,26,20,134,37,unclassified,,land:4.1
E2621,E,26,21,135,37,unclassified,,land:4.1
E2622,E,26,22,136,37,unclassified,,land:4.1
E2623,E,26,23,137,37,unclassified,,land:4.1
E2624,E,26,24,138,37,unclassified,,land:4.1
E2625,E,26,25,139,37,unclassified,,land:4.1
E2626,E,26,26,140,37,unclassified,,land:4.1
E2627,E,26,27,141,37,unclassified,,land:4.1
E2628,E,26,28,142,37,unclassified,,land:4.1
E2629,E,26,29,143,37,unclassified,,land:4.1
E2630,E,26,30,144,37,unclassified,,land:4.1
E2631,E,26,31,145,37,unclassified,,land:4.1
E2632,E,26,32,146,37,unclassified,,land:4.1
E2633,E,26,33,147,37,unclassified,,land:4.1
E2701,E,27,1,115,36,unclassified,,land:4.1
E2702,E,27,2,116,36,unclassified,,land:4.1
E2703,E,27,3,117,36,unclassified,,land:4.1
E2704,E,27,4,118,36,unclassified,,land:4.1
E2705,E,27,5,119,36,unclassified,,land:4.1
E2706,E,27,6,120,36,unclassified,,land:4.1
E2707,E,27,7,121,36,unclassified,,land:4.1
E2708,E,27,8,122,36,unclassified,,land:4.1
E2709,E,27,9,123,36,unclassified,,land:4.1
E2710,E,27,10,124,36,unclassified,,land:4.1
E2711,E,27,11,125,36,unclassified,,land:4.1
E2712,E,27,12,126,36,unclassified,,land:4.1
E2713,E,27,13,127,36,unclassified,,land:4.1
E2714,E,27,14,128,36,unclassified,,land:4.1
E2715,E,27,15,129,36,unclassified,,land:4.1
E2716,E,27,16,130,36,unclassified,,land:4.1
E2717,E,27,17,131,36,unclassified,,land:4.1
E2718,E,27,18,132,36,unclassified,,land:4.1
E2719,E,27,19,133,36,unclassified,,land:4.1
E2720,E,27,20,134,36,unclassified,,land:4.1
E2721,E,27,21,135,36,unclassified,,land:4.1
E2722,E,27,22,136,36,unclassified,,land:4.1
E2723,E,27,23,137,36,unclassified,,land:4.1
E2724,E,27,24,138,36,unclassified,,land:4.1
E2725,E,27,25,139,36,unclassified,,land:4.1
E2726,E,27,26,140,36,unclassified,,land:4.1
E2727,E,27,27,141,36,unclassified,,land:4.1
E2728,E,27,28,142,36,unclassified,,land:4.1
E2729,E,27,29,143,36,unclassified,,land:4.1
E2730,E,27,30,144,36,unclassified,,land:4.1
E2731,E,27,31,145,36,unclassified,,land:4.1
E2732,E,27,32,146,36,unclassified,,land:4.1
E2733,E,27,33,147,36,unclassified,,land:4.1
E2734,E,27,34,148,36,unclassified,,land:4.1
E2801,E,28,1,116,35,unclassified,,land:4.1
E2802,E,28,2,117,35,unclassified,,land:4.1
E2803,E,28,3,118,35,unclassified,,land:4.1
E2804,E,28,4,119,35,unclassified,,land:4.1
E2805,E,28,5,120,35,unclassified,,land:4.1
E2806,E,28,6,121,35,unclassified,,land:4.1
E2807,E,28,7,122,35,unclassified,,land:4.1
E2808,E,28,8,123,35,unclassified,,land:4.1
E2809,E,28,9,124,35,unclassified,,land:4.1
E2810,E,28,10,125,35,unclassified,,land:4.1
E2811,E,28,11,126,35,unclassified,,land:4.1
E2812,E,28,12,127,35,unclassified,,land:4.1
E2813,E,28,13,128,35,unclassified,,land:4.1
E2814,E,28,14,129,35,unclassified,,land:4.1
E2815,E,28,15,130,35,unclassified,,land:4.1
E2816,E,28,16,131,35,unclassified,,land:4.1
E2817,E,28,17,132,35,unclassified,,land:4.1
E2818,E,28,18,133,35,unclassified,,land:4.1
E2819,E,28,19,134,35,unclassified,,land:4.1
E2820,E,28,20,135,35,unclassified,,land:4.1
E2821,E,28,21,136,35,unclassified,,land:4.1
E2822,E,28,22,137,35,unclassified,,land:4.1
E2823,E,28,23,138,35,unclassified,,land:4.1
E2824,E,28,24,139,35,unclassified,,land:4.1
E2825,E,28,25,140,35,unclassified,,land:4.1
E2826,E,28,26,141,35,unclassified,,land:4.1
E2827,E,28,27,142,35,unclassified,,land:4.1
E2828,E,28,28,143,35,unclassified,,land:4.1
E2829,E,28,29,144,35,unclassified,,land:4.1
E2830,E,28,30,145,35,unclassified,,land:4.1
E2831,E,28,31,146,35,unclassified,,land:4.1
E2832,E,28,32,147,35,unclassified,,land:4.1
E2833,E,28,33,148,35,unclassified,,land:4.1
E2901,E,29,1,116,34,unclassified,,land:4.1
E2902,E,29,2,117,34,unclassified,,land:4.1
E2903,E,29,3,118,34,unclassified,,land:4.1
E2904,E,29,4,119,34,unclassified,,land:4.1
E2905,E,29,5,120,34,unclassified,,land:4.1
E2906,E,29,6,121,34,unclassified,,land:4.1
E2907,E,29,7,122,34,unclassified,,land:4.1
E2908,E,29,8,123,34,unclassified,,land:4.1
E2909,E,29,9,124,34,unclassified,,land:4.1
E2910,E,29,10,125,34,unclassified,,land:4.1
E2911,E,29,11,126,34,unclassified,,land:4.1
E2912,E,29,12,127,34,unclassified,,land:4.1
E2913,E,29,13,128,34,unclassified,,land:4.1
E2914,E,29,14,129,34,unclassified,,land:4.1
E2915,E,29,15,130,34,unclassified,,land:4.1
E2916,E,29,16,131,34,unclassified,,land:4.1
E2917,E,29,17,132,34,unclassified,,land:4.1
E2918,E,29,18,133,34,unclassified,,land:4.1
E2919,E,29,19,134,34,unclassified,,land:4.1
E2920,E,29,20,135,34,unclassified,,land:4.1
E2921,E,29,21,136,34,unclassified,,land:4.1
E2922,E,29,22,137,34,unclassified,,land:4.1
E2923,E,29,23,138,34,unclassified,,land:4.1
E2924,E,29,24,139,34,unclassified,,land:4.1
E2925,E,29,25,140,34,unclassified,,land:4.1
E2926,E,29,26,141,34,unclassified,,land:4.1
E2927,E,29,27,142,34,unclassified,,land:4.1
E2928,E,29,28,143,34,unclassified,,land:4.1
E2929,E,29,29,144,34,unclassified,,land:4.1
E2930,E,29,30,145,34,unclassified,,land:4.1
E2931,E,29,31,146,34,unclassified,,land:4.1
E2932,E,29,32,147,34,unclassified,,land:4.1
E2933,E,29,33,148,34,unclassified,,land:4.1
E2934,E,29,34,149,34,unclassified,,land:4.1
E3001,E,30,1,117,33,unclassified,,land:4.1
E3002,E,30,2,118,33,unclassified,,land:4.1
E3003,E,30,3,119,33,unclassified,,land:4.1
E3004,E,30,4,120,33,unclassified,,land:4.1
E3005,E,30,5,121,33,unclassified,,land:4.1
E3006,E,30,6,122,33,unclassified,,land:4.1
E3007,E,30,7,123,33,unclassified,,land:4.1
E3008,E,30,8,124,33,unclassified,,land:4.1
E3009,E,30,9,125,33,unclassified,,land:4.1
E3010,E,30,10,126,33,unclassified,,land:4.1
E3011,E,30,11,127,33,unclassified,,land:4.1
E3012,E,30,12,128,33,unclassified,,land:4.1
E3013,E,30,13,129,33,unclassified,,land:4.1
E3014,E,30,14,130,33,unclassified,,land:4.1
E3015,E,30,15,131,33,unclassified,,land:4.1
E3016,E,30,16,132,33,unclassified,,land:4.1
E3017,E,30,17,133,33,unclassified,,land:4.1
E3018,E,30,18,134,33,unclassified,,land:4.1
E3019,E,30,19,135,33,unclassified,,land:4.1
E3020,E,30,20,136,33,unclassified,,land:4.1
E3021,E,30,21,137,33,unclassified,,land:4.1
E3022,E,30,22,138,33,unclassified,,land:4.1
E3023,E,30,23,139,33,unclassified,,land:4.1
E3024,E,30,24,140,33,unclassified,,land:4.1
E3025,E,30,25,141,33,unclassified,,land:4.1
E3026,E,30,26,142,33,unclassified,,land:4.1
E3027,E,30,27,143,33,unclassified,,land:4.1
E3028,E,30,28,144,33,unclassified,,land:4.1
E3029,E,30,29,145,33,unclassified,,land:4.1
E3030,E,30,30,146,33,unclassified,,land:4.1
E3031,E,30,31,147,33,unclassified,,land:4.1
E3032,E,30,32,148,33,unclassified,,land:4.1
E3033,E,30,33,149,33,unclassified,,land:4.1
E3101,E,31,1,117,32,unclassified,,land:4.1
E3102,E,31,2,118,32,unclassified,,land:4.1
E3103,E,31,3,119,32,unclassified,,land:4.1
E3104,E,31,4,120,32,unclassified,,land:4.1
E3105,E,31,5,121,32,unclassified,,land:4.1
E3106,E,31,6,122,32,unclassified,,land:4.1
E3107,E,31,7,123,32,unclassified,,land:4.1
E3108,E,31,8,124,32,unclassified,,land:4.1
E3109,E,31,9,125,32,unclassified,,land:4.1
E3110,E,31,10,126,32,unclassified,,land:4.1
E3111,E,31,11,127,32,unclassified,,land:4.1
E3112,E,31,12,128,32,unclassified,,land:4.1
E3113,E,31,13,129,32,unclassified,,land:4.1
E3114,E,31,14,130,32,unclassified,,land:4.1
E3115,E,31,15,131,32,unclassified,,land:4.1
E3116,E,31,16,132,32,unclassified,,land:4.1
E3117,E,31,17,133,32,unclassified,,land:4.1
E3118,E,31,18,134,32,unclassified,,land:4.1
E3119,E,31,19,135,32,unclassified,,land:4.1
E3120,E,31,20,136,32,unclassified,,land:4.1
E3121,E,31,21,137,32,unclassified,,land:4.1
E3122,E,31,22,138,32,unclassified,,land:4.1
E3123,E,31,23,139,32,unclassified,,land:4.1
E3124,E,31,24,140,32,unclassified,,land:4.1
E3125,E,31,25,141,32,unclassified,,land:4.1
E3126,E,31,26,142,32,unclassified,,land:4.1
E3127,E,31,27,143,32,unclassified,,land:4.1
E3128,E,31,28,144,32,unclassified,,land:4.1
E3129,E,31,29,145,32,unclassified,,land:4.1
E3130,E,31,30,146,32,unclassified,,land:4.1
E3131,E,31,31,147,32,unclassified,,land:4.1
E3132,E,31,32,148,32,unclassified,,land:4.1
E3133,E,31,33,149,32,unclassified,,land:4.1
E3134,E,31,34,150,32,unclassified,,land:4.1
E3201,E,32,1,118,31,unclassified,,land:4.1
E3205,E,32,5,122,31,unclassified,,land:4.1
E3206,E,32,6,123,31,unclassified,,land:4.1
E3207,E,32,7,124,31,unclassified,,land:4.1
E3208,E,32,8,125,31,unclassified,,land:4.1
E3209,E,32,9,126,31,unclassified,,land:4.1
E3210,E,32,10,127,31,unclassified,,land:4.1
E3211,E,32,11,128,31,unclassified,,land:4.1
E3212,E,32,12,129,31,unclassified,,land:4.1
E3213,E,32,13,130,31,unclassified,,land:4.1
E3214,E,32,14,131,31,unclassified,,land:4.1
E3215,E,32,15,132,31,unclassified,,land:4.1
E3216,E,32,16,133,31,unclassified,,land:4.1
E3217,E,32,17,134,31,unclassified,,land:4.1
E3218,E,32,18,135,31,unclassified,,land:4.1
E3219,E,32,19,136,31,unclassified,,land:4.1
E3220,E,32,20,137,31,unclassified,,land:4.1
E3221,E,32,21,138,31,unclassified,,land:4.1
E3222,E,32,22,139,31,unclassified,,land:4.1
E3223,E,32,23,140,31,unclassified,,land:4.1
E3224,E,32,24,141,31,unclassified,,land:4.1
E3225,E,32,25,142,31,unclassified,,land:4.1
E3226,E,32,26,143,31,unclassified,,land:4.1
E3227,E,32,27,144,31,unclassified,,land:4.1
E3228,E,32,28,145,31,unclassified,,land:4.1
E3229,E,32,29,146,31,unclassified,,land:4.1
E3230,E,32,30,147,31,unclassified,,land:4.1
E3231,E,32,31,148,31,unclassified,,land:4.1
E3232,E,32,32,149,31,unclassified,,land:4.1
E3233,E,32,33,150,31,unclassified,,land:4.1
E3301,E,33,1,118,30,unclassified,,land:4.1
E3307,E,33,7,124,30,unclassified,,land:4.1
E3308,E,33,8,125,30,unclassified,,land:4.1
E3309,E,33,9,126,30,unclassified,,land:4.1
E3310,E,33,10,127,30,unclassified,,land:4.1
E3311,E,33,11,128,30,unclassified,,land:4.1
E3312,E,33,12,129,30,unclassified,,land:4.1
E3313,E,33,13,130,30,unclassified,,land:4.1
E3314,E,33,14,131,30,unclassified,,land:4.1
E3315,E,33,15,132,30,unclassified,,land:4.1
E3316,E,33,16,133,30,unclassified,,land:4.1
E3317,E,33,17,134,30,unclassified,,land:4.1
E3318,E,33,18,135,30,unclassified,,land:4.1
E3319,E,33,19,136,30,unclassified,,land:4.1
E3320,E,33,20,137,30,unclassified,,land:4.1
E3321,E,33,21,138,30,unclassified,,land:4.1
E3322,E,33,22,139,30,unclassified,,land:4.1
E3323,E,33,23,140,30,unclassified,,land:4.1
E3324,E,33,24,141,30,unclassified,,land:4.1
E3325,E,33,25,142,30,unclassified,,land:4.1
E3326,E,33,26,143,30,unclassified,,land:4.1
E3327,E,33,27,144,30,unclassified,,land:4.1
E3328,E,33,28,145,30,unclassified,,land:4.1
E3329,E,33,29,146,30,unclassified,,land:4.1
E3330,E,33,30,147,30,unclassified,,land:4.1
E3331,E,33,31,148,30,unclassified,,land:4.1
E3332,E,33,32,149,30,unclassified,,land:4.1
E3333,E,33,33,150,30,unclassified,,land:4.1
E3334,E,33,34,151,30,unclassified,,land:4.1
E3408,E,34,8,126,29,unclassified,,land:4.1
E3409,E,34,9,127,29,unclassified,,land:4.1
E3410,E,34,10,128,29,unclassified,,land:4.1
E3411,E,34,11,129,29,unclassified,,land:4.1
E3412,E,34,12,130,29,unclassified,,land:4.1
E3413,E,34,13,131,29,unclassified,,land:4.1
E3414,E,34,14,132,29,unclassified,,land:4.1
E3415,E,34,15,133,29,unclassified,,land:4.1
E3416,E,34,16,134,29,unclassified,,land:4.1
E3417,E,34,17,135,29,unclassified,,land:4.1
E3418,E,34,18,136,29,unclassified,,land:4.1
E3419,E,34,19,137,29,unclassified,,land:4.1
E3420,E,34,20,138,29,unclassified,,land:4.1
E3421,E,34,21,139,29,unclassified,,land:4.1
E3422,E,34,22,140,29,unclassified,,land:4.1
E3423,E,34,23,141,29,unclassified,,land:4.1
E3424,E,34,24,142,29,unclassified,,land:4.1
E3425,E,34,25,143,29,unclassified,,land:4.1
E3426,E,34,26,144,29,unclassified,,land:4.1
E3427,E,34,27,145,29,unclassified,,land:4.1
E3428,E,34,28,146,29,unclassified,,land:4.1
E3429,E,34,29,147,29,unclassified,,land:4.1
E3430,E,34,30,148,29,unclassified,,land:4.1
E3431,E,34,31,149,29,unclassified,,land:4.1
E3432,E,34,32,150,29,unclassified,,land:4.1
E3433,E,34,33,151,29,unclassified,,land:4.1
E3510,E,35,10,128,28,unclassified,,land:4.1
E3511,E,35,11,129,28,unclassified,,land:4.1
E3512,E,35,12,130,28,unclassified,,land:4.1
E3513,E,35,13,131,28,unclassified,,land:4.1
E3514,E,35,14,132,28,unclassified,,land:4.1
E3515,E,35,15,133,28,unclassified,,land:4.1
E3516,E,35,16,134,28,unclassified,,land:4.1
E3517,E,35,17,135,28,unclassified,,land:4.1
E3518,E,35,18,136,28,unclassified,,land:4.1
E3519,E,35,19,137,28,unclassified,,land:4.1
E3520,E,35,20,138,28,unclassified,,land:4.1
E3521,E,35,21,139,28,unclassified,,land:4.1
E3522,E,35,22,140,28,unclassified,,land:4.1
E3523,E,35,23,141,28,unclassified,,land:4.1
E3524,E,35,24,142,28,unclassified,,land:4.1
E3525,E,35,25,143,28,unclassified,,land:4.1
E3526,E,35,26,144,28,unclassified,,land:4.1
E3527,E,35,27,145,28,unclassified,,land:4.1
E3528,E,35,28,146,28,unclassified,,land:4.1
E3529,E,35,29,147,28,unclassified,,land:4.1
E3530,E,35,30,148,28,unclassified,,land:4.1
E3531,E,35,31,149,28,unclassified,,land:4.1
E3532,E,35,32,150,28,unclassified,,land:4.1
E3533,E,35,33,151,28,unclassified,,land:4.1
E3534,E,35,34,152,28,unclassified,,land:4.1
E3611,E,36,11,130,27,unclassified,,land:4.1
E3612,E,36,12,131,27,unclassified,,land:4.1
E3613,E,36,13,132,27,unclassified,,land:4.1
E3614,E,36,14,133,27,unclassified,,land:4.1
E3615,E,36,15,134,27,unclassified,,land:4.1
E3616,E,36,16,135,27,unclassified,,land:4.1
E3617,E,36,17,136,27,unclassified,,land:4.1
E3618,E,36,18,137,27,unclassified,,land:4.1
E3619,E,36,19,138,27,unclassified,,land:4.1
E3620,E,36,20,139,27,unclassified,,land:4.1
E3621,E,36,21,140,27,unclassified,,land:4.1
E3622,E,36,22,141,27,unclassified,,land:4.1
E3623,E,36,23,142,27,unclassified,,land:4.1
E3624,E,36,24,143,27,unclassified,,land:4.1
E3625,E,36,25,144,27,unclassified,,land:4.1
E3626,E,36,26,145,27,unclassified,,land:4.1
E3627,E,36,27,146,27,unclassified,,land:4.1
E3628,E,36,28,147,27,unclassified,,land:4.1
E3629,E,36,29,148,27,unclassified,,land:4.1
E3630,E,36,30,149,27,unclassified,,land:4.1
E3631,E,36,31,150,27,unclassified,,land:4.1
E3632,E,36,32,151,27,unclassified,,land:4.1
E3633,E,36,33,152,27,unclassified,,land:4.1
E3713,E,37,13,132,26,unclassified,,land:4.1
E3714,E,37,14,133,26,unclassified,,land:4.1
E3715,E,37,15,134,26,unclassified,,land:4.1
E3716,E,37,16,135,26,unclassified,,land:4.1
E3717,E,37,17,136,26,unclassified,,land:4.1
E3718,E,37,18,137,26,unclassified,,land:4.1
E3719,E,37,19,138,26,unclassified,,land:4.1
E3720,E,37,20,139,26,unclassified,,land:4.1
E3721,E,37,21,140,26,unclassified,,land:4.1
E3722,E,37,22,141,26,unclassified,,land:4.1
E3723,E,37,23,142,26,unclassified,,land:4.1
E3724,E,37,24,143,26,unclassified,,land:4.1
E3725,E,37,25,144,26,unclassified,,land:4.1
E3726,E,37,26,145,26,unclassified,,land:4.1
E3727,E,37,27,146,26,unclassified,,land:4.1
E3728,E,37,28,147,26,unclassified,,land:4.1
E3729,E,37,29,148,26,unclassified,,land:4.1
E3730,E,37,30,149,26,unclassified,,land:4.1
E3731,E,37,31,150,26,unclassified,,land:4.1
E3732,E,37,32,151,26,unclassified,,land:4.1
E3733,E,37,33,152,26,unclassified,,land:4.1
E3734,E,37,34,153,26,unclassified,,land:4.1
E3813,E,38,13,133,25,unclassified,,land:4.1
E3814,E,38,14,134,25,unclassified,,land:4.1
E3815,E,38,15,135,25,unclassified,,land:4.1
E3816,E,38,16,136,25,unclassified,,land:4.1
E3817,E,38,17,137,25,unclassified,,land:4.1
E3818,E,38,18,138,25,unclassified,,land:4.1
E3819,E,38,19,139,25,unclassified,,land:4.1
E3820,E,38,20,140,25,unclassified,,land:4.1
E3821,E,38,21,141,25,unclassified,,land:4.1
E3822,E,38,22,142,25,unclassified,,land:4.1
E3823,E,38,23,143,25,unclassified,,land:4.1
E3824,E,38,24,144,25,unclassified,,land:4.1
E3825,E,38,25,145,25,unclassified,,land:4.1
E3826,E,38,26,146,25,unclassified,,land:4.1
E3827,E,38,27,147,25,unclassified,,land:4.1
E3828,E,38,28,148,25,unclassified,,land:4.1
E3829,E,38,29,149,25,unclassified,,land:4.1
E3830,E,38,30,150,25,unclassified,,land:4.1
E3831,E,38,31,151,25,unclassified,,land:4.1
E3832,E,38,32,152,25,unclassified,,land:4.1
E3833,E,38,33,153,25,unclassified,,land:4.1
E3914,E,39,14,134,24,unclassified,,land:4.1
E3915,E,39,15,135,24,unclassified,,land:4.1
E3916,E,39,16,136,24,unclassified,,land:4.1
E3917,E,39,17,137,24,unclassified,,land:4.1
E3918,E,39,18,138,24,unclassified,,land:4.1
E3919,E,39,19,139,24,unclassified,,land:4.1
E3920,E,39,20,140,24,unclassified,,land:4.1
E3921,E,39,21,141,24,unclassified,,land:4.1
E3922,E,39,22,142,24,unclassified,,land:4.1
E3923,E,39,23,143,24,unclassified,,land:4.1
E3924,E,39,24,144,24,unclassified,,land:4.1
E3925,E,39,25,145,24,unclassified,,land:4.1
E3926,E,39,26,146,24,unclassified,,land:4.1
E3927,E,39,27,147,24,unclassified,,land:4.1
E3928,E,39,28,148,24,unclassified,,land:4.1
E3929,E,39,29,149,24,unclassified,,land:4.1
E3930,E,39,30,150,24,unclassified,,land:4.1
E3931,E,39,31,151,24,unclassified,,land:4.1
E3932,E,39,32,152,24,unclassified,,land:4.1
E3933,E,39,33,153,24,unclassified,,land:4.1
E3934,E,39,34,154,24,unclassified,,land:4.1
E4017,E,40,17,138,23,unclassified,,land:4.1
E4018,E,40,18,139,23,unclassified,,land:4.1
E4019,E,40,19,140,23,unclassified,,land:4.1
E4020,E,40,20,141,23,unclassified,,land:4.1
E4021,E,40,21,142,23,unclassified,,land:4.1
E4022,E,40,22,143,23,unclassified,,land:4.1
E4023,E,40,23,144,23,unclassified,,land:4.1
E4024,E,40,24,145,23,unclassified,,land:4.1
E4025,E,40,25,146,23,unclassified,,land:4.1
E4026,E,40,26,147,23,unclassified,,land:4.1
E4027,E,40,27,148,23,unclassified,,land:4.1
E4028,E,40,28,149,23,unclassified,,land:4.1
E4029,E,40,29,150,23,unclassified,,land:4.1
E4030,E,40,30,151,23,unclassified,,land:4.1
E4031,E,40,31,152,23,unclassified,,land:4.1
E4032,E,40,32,153,23,unclassified,,land:4.1
E4033,E,40,33,154,23,unclassified,,land:4.1
E4118,E,41,18,139,22,unclassified,,land:4.1
E4119,E,41,19,140,22,unclassified,,land:4.1
E4120,E,41,20,141,22,unclassified,,land:4.1
E4121,E,41,21,142,22,unclassified,,land:4.1
E4122,E,41,22,143,22,unclassified,,land:4.1
E4123,E,41,23,144,22,unclassified,,land:4.1
E4124,E,41,24,145,22,unclassified,,land:4.1
E4125,E,41,25,146,22,unclassified,,land:4.1
E4126,E,41,26,147,22,unclassified,,land:4.1
E4127,E,41,27,148,22,unclassified,,land:4.1
E4128,E,41,28,149,22,unclassified,,land:4.1
E4129,E,41,29,150,22,unclassified,,land:4.1
E4130,E,41,30,151,22,unclassified,,land:4.1
E4131,E,41,31,152,22,unclassified,,land:4.1
E4132,E,41,32,153,22,unclassified,,land:4.1
E4133,E,41,33,154,22,unclassified,,land:4.1
E4134,E,41,34,155,22,unclassified,,land:4.1
E4218,E,42,18,140,21,unclassified,,land:4.1
E4219,E,42,19,141,21,unclassified,,land:4.1
E4220,E,42,20,142,21,unclassified,,land:4.1
E4221,E,42,21,143,21,unclassified,,land:4.1
E4222,E,42,22,144,21,unclassified,,land:4.1
E4223,E,42,23,145,21,unclassified,,land:4.1
E4224,E,42,24,146,21,unclassified,,land:4.1
E4225,E,42,25,147,21,unclassified,,land:4.1
E4226,E,42,26,148,21,unclassified,,land:4.1
E4227,E,42,27,149,21,unclassified,,land:4.1
E4228,E,42,28,150,21,unclassified,,land:4.1
E4229,E,42,29,151,21,unclassified,,land:4.1
E4230,E,42,30,152,21,unclassified,,land:4.1
E4231,E,42,31,153,21,unclassified,,land:4.1
E4232,E,42,32,154,21,unclassified,,land:4.1
E4324,E,43,24,146,20,unclassified,,land:4.1
E4325,E,43,25,147,20,unclassified,,land:4.1
E4326,E,43,26,148,20,unclassified,,land:4.1
E4327,E,43,27,149,20,unclassified,,land:4.1
E4328,E,43,28,150,20,unclassified,,land:4.1
E4329,E,43,29,151,20,unclassified,,land:4.1
E4330,E,43,30,152,20,unclassified,,land:4.1
E4331,E,43,31,153,20,unclassified,,land:4.1
E4426,E,44,26,149,19,unclassified,,land:4.1
E4427,E,44,27,150,19,unclassified,,land:4.1
E4428,E,44,28,151,19,unclassified,,land:4.1
E4429,E,44,29,152,19,unclassified,,land:4.1
